order,family,date1,date2,individuals
COLEOPTERA,ANOBIIDAE,7/13/92,7/16/92,1
COLEOPTERA,ANOBIIDAE,7/6/92,7/8/92,2
COLEOPTERA,ANOBIIDAE,8/6/92,8/9/92,1
COLEOPTERA,CANTHARIDAE,6/29/92,7/2/92,3
COLEOPTERA,CANTHARIDAE,7/17/92,7/20/92,1
COLEOPTERA,CANTHARIDAE,7/21/92,7/23/92,1
COLEOPTERA,CARABIDAE,6/26/92,6/28/92,1
COLEOPTERA,CARABIDAE,6/29/92,7/2/92,5
COLEOPTERA,CARABIDAE,7/10/92,7/12/92,12
COLEOPTERA,CARABIDAE,7/13/92,7/16/92,4
COLEOPTERA,CARABIDAE,7/17/92,7/20/92,155
COLEOPTERA,CARABIDAE,7/21/92,7/23/92,37
COLEOPTERA,CARABIDAE,7/24/92,7/28/92,27
COLEOPTERA,CARABIDAE,7/29/92,8/2/92,84
COLEOPTERA,CARABIDAE,7/6/92,7/8/92,1
COLEOPTERA,CARABIDAE,7/9/92,7/9/92,3
COLEOPTERA,CARABIDAE,8/10/92,8/12/92,6
COLEOPTERA,CARABIDAE,8/13/92,8/16/92,3
COLEOPTERA,CARABIDAE,8/17/92,8/20/92,4
COLEOPTERA,CARABIDAE,8/21/92,8/23/92,7
COLEOPTERA,CARABIDAE,8/24/92,8/27/92,8
COLEOPTERA,CARABIDAE,8/28/92,8/31/92,41
COLEOPTERA,CARABIDAE,8/3/92,8/5/92,24
COLEOPTERA,CARABIDAE,8/6/92,8/9/92,46
COLEOPTERA,CARABIDAE,9/21/92,9/27/92,3
COLEOPTERA,CARABIDAE,9/7/92,9/13/92,2
COLEOPTERA,COCCINELLIDAE,6/29/92,7/2/92,2
COLEOPTERA,COCCINELLIDAE,7/17/92,7/20/92,4
COLEOPTERA,COCCINELLIDAE,7/21/92,7/23/92,3
COLEOPTERA,COCCINELLIDAE,7/24/92,7/28/92,2
COLEOPTERA,COCCINELLIDAE,8/6/92,8/9/92,1
COLEOPTERA,COCCINELLIDAE,9/21/92,9/27/92,1
COLEOPTERA,CORTICARIIDAE,7/17/92,7/20/92,1
COLEOPTERA,CRYPTOPHAGIDAE,6/29/92,7/2/92,1
COLEOPTERA,CRYPTOPHAGIDAE,7/17/92,7/20/92,1
COLEOPTERA,CRYPTOPHAGIDAE,8/28/92,8/31/92,1
COLEOPTERA,CRYPTOPHAGIDAE,8/3/92,8/5/92,1
COLEOPTERA,CURCULIONIDAE,6/26/92,6/28/92,1
COLEOPTERA,CURCULIONIDAE,6/29/92,7/2/92,1
COLEOPTERA,DERMESTIDAE,6/26/92,6/28/92,1
COLEOPTERA,DERMESTIDAE,6/29/92,7/2/92,2
COLEOPTERA,DERMESTIDAE,7/10/92,7/12/92,2
COLEOPTERA,DERMESTIDAE,7/17/92,7/20/92,3
COLEOPTERA,DERMESTIDAE,7/21/92,7/23/92,3
COLEOPTERA,DERMESTIDAE,7/24/92,7/28/92,1
COLEOPTERA,DERMESTIDAE,7/6/92,7/8/92,1
COLEOPTERA,DERMESTIDAE,8/10/92,8/12/92,2
COLEOPTERA,DERMESTIDAE,8/28/92,8/31/92,5
COLEOPTERA,DERMESTIDAE,8/3/92,8/5/92,1
COLEOPTERA,DERMESTIDAE,8/6/92,8/9/92,4
COLEOPTERA,DERMESTIDAE,9/21/92,9/27/92,1
COLEOPTERA,DERMESTIDAE,9/7/92,9/13/92,2
COLEOPTERA,ELATERIDAE,6/29/92,7/2/92,2
COLEOPTERA,HELOPHORIDAE,6/29/92,7/2/92,1
COLEOPTERA,HETEROCERIDAE,6/26/92,6/28/92,1
COLEOPTERA,HETEROCERIDAE,7/10/92,7/12/92,2
COLEOPTERA,HETEROCERIDAE,7/6/92,7/8/92,1
COLEOPTERA,HETEROCERIDAE,7/9/92,7/9/92,1
COLEOPTERA,HYDRAENIDAE,7/21/92,7/23/92,1
COLEOPTERA,HYDROPHILIDAE,6/26/92,6/28/92,1
COLEOPTERA,HYDROPHILIDAE,6/29/92,7/2/92,1
COLEOPTERA,HYDROPHILIDAE,7/10/92,7/12/92,4
COLEOPTERA,HYDROPHILIDAE,7/17/92,7/20/92,4
COLEOPTERA,HYDROPHILIDAE,7/21/92,7/23/92,3
COLEOPTERA,HYDROPHILIDAE,7/24/92,7/28/92,2
COLEOPTERA,HYDROPHILIDAE,7/29/92,8/2/92,2
COLEOPTERA,HYDROPHILIDAE,7/3/92,7/5/92,1
COLEOPTERA,HYDROPHILIDAE,7/6/92,7/8/92,1
COLEOPTERA,HYDROPHILIDAE,7/9/92,7/9/92,2
COLEOPTERA,HYDROPHILIDAE,8/13/92,8/16/92,2
COLEOPTERA,HYDROPHILIDAE,8/21/92,8/23/92,1
COLEOPTERA,HYDROPHILIDAE,8/3/92,8/5/92,2
COLEOPTERA,HYDROPHILIDAE,8/6/92,8/9/92,3
COLEOPTERA,HYDROPHILIDAE,9/14/92,9/20/92,1
COLEOPTERA,MELYRIDAE,6/29/92,7/2/92,1
COLEOPTERA,MONOTOMIDAE,7/24/92,7/28/92,1
COLEOPTERA,MONOTOMIDAE,7/6/92,7/8/92,1
COLEOPTERA,MONOTOMIDAE,8/28/92,8/31/92,1
COLEOPTERA,NITIDULIDAE,7/13/92,7/16/92,1
COLEOPTERA,PHALACRIDAE,8/28/92,8/31/92,1
COLEOPTERA,SCARABAEIDAE,6/29/92,7/2/92,6
COLEOPTERA,SCARABAEIDAE,7/10/92,7/12/92,3
COLEOPTERA,SCARABAEIDAE,7/13/92,7/16/92,3
COLEOPTERA,SCARABAEIDAE,7/17/92,7/20/92,7
COLEOPTERA,SCARABAEIDAE,7/21/92,7/23/92,4
COLEOPTERA,SCARABAEIDAE,7/24/92,7/28/92,1
COLEOPTERA,SCARABAEIDAE,7/6/92,7/8/92,2
COLEOPTERA,SCIRTIDAE,6/26/92,6/28/92,1
COLEOPTERA,SCIRTIDAE,6/29/92,7/2/92,1
COLEOPTERA,SCIRTIDAE,7/29/92,8/2/92,1
COLEOPTERA,SILPHIDAE,7/29/92,8/2/92,1
COLEOPTERA,STAPHYLINIDAE,6/26/92,6/28/92,1
COLEOPTERA,STAPHYLINIDAE,6/29/92,7/2/92,6
COLEOPTERA,STAPHYLINIDAE,7/10/92,7/12/92,9
COLEOPTERA,STAPHYLINIDAE,7/13/92,7/16/92,1
COLEOPTERA,STAPHYLINIDAE,7/17/92,7/20/92,5
COLEOPTERA,STAPHYLINIDAE,7/21/92,7/23/92,3
COLEOPTERA,STAPHYLINIDAE,7/24/92,7/28/92,1
COLEOPTERA,STAPHYLINIDAE,7/29/92,8/2/92,4
COLEOPTERA,STAPHYLINIDAE,7/9/92,7/9/92,3
COLEOPTERA,STAPHYLINIDAE,8/13/92,8/16/92,1
COLEOPTERA,STAPHYLINIDAE,8/28/92,8/31/92,1
COLEOPTERA,STAPHYLINIDAE,8/3/92,8/5/92,2
COLEOPTERA,STAPHYLINIDAE,8/6/92,8/9/92,5
COLEOPTERA,TENEBRIONIDAE,6/26/92,6/28/92,1
COLEOPTERA,TENEBRIONIDAE,7/10/92,7/12/92,1
LEPIDOPTERA,AGONOXENIDAE,6/22/92,6/23/92,1
LEPIDOPTERA,AGONOXENIDAE,6/24/92,6/25/92,3
LEPIDOPTERA,AGONOXENIDAE,6/26/92,6/28/92,2
LEPIDOPTERA,AGONOXENIDAE,7/24/92,7/28/92,1
LEPIDOPTERA,ARCTIIDAE,6/29/92,7/2/92,1
LEPIDOPTERA,ARCTIIDAE,7/10/92,7/12/92,1
LEPIDOPTERA,ARCTIIDAE,7/3/92,7/5/92,1
LEPIDOPTERA,ARCTIIDAE,7/6/92,7/8/92,1
LEPIDOPTERA,BATRACHEDRIDAE,7/10/92,7/12/92,2
LEPIDOPTERA,BATRACHEDRIDAE,7/13/92,7/16/92,2
LEPIDOPTERA,BATRACHEDRIDAE,7/17/92,7/20/92,2
LEPIDOPTERA,BATRACHEDRIDAE,7/21/92,7/23/92,2
LEPIDOPTERA,BATRACHEDRIDAE,7/24/92,7/28/92,4
LEPIDOPTERA,BATRACHEDRIDAE,7/29/92,8/2/92,3
LEPIDOPTERA,BATRACHEDRIDAE,7/3/92,7/5/92,1
LEPIDOPTERA,BATRACHEDRIDAE,7/6/92,7/8/92,1
LEPIDOPTERA,BATRACHEDRIDAE,8/24/92,8/27/92,1
LEPIDOPTERA,BATRACHEDRIDAE,8/28/92,8/31/92,1
LEPIDOPTERA,BATRACHEDRIDAE,8/3/92,8/5/92,2
LEPIDOPTERA,BATRACHEDRIDAE,9/7/92,9/13/92,1
LEPIDOPTERA,BUCCULATRICIDAE,7/13/92,7/16/92,1
LEPIDOPTERA,BUCCULATRICIDAE,7/17/92,7/20/92,6
LEPIDOPTERA,BUCCULATRICIDAE,7/21/92,7/23/92,1
LEPIDOPTERA,BUCCULATRICIDAE,7/29/92,8/2/92,1
LEPIDOPTERA,BUCCULATRICIDAE,7/6/92,7/8/92,3
LEPIDOPTERA,BUCCULATRICIDAE,8/10/92,8/12/92,1
LEPIDOPTERA,BUCCULATRICIDAE,8/3/92,8/5/92,2
LEPIDOPTERA,BUCCULATRICIDAE,8/6/92,8/9/92,1
LEPIDOPTERA,COLEOPHORIDAE,6/22/92,6/23/92,5
LEPIDOPTERA,COLEOPHORIDAE,6/24/92,6/25/92,6
LEPIDOPTERA,COLEOPHORIDAE,6/26/92,6/28/92,7
LEPIDOPTERA,COLEOPHORIDAE,6/29/92,7/2/92,13
LEPIDOPTERA,COLEOPHORIDAE,7/10/92,7/12/92,15
LEPIDOPTERA,COLEOPHORIDAE,7/13/92,7/16/92,14
LEPIDOPTERA,COLEOPHORIDAE,7/17/92,7/20/92,22
LEPIDOPTERA,COLEOPHORIDAE,7/21/92,7/23/92,14
LEPIDOPTERA,COLEOPHORIDAE,7/24/92,7/28/92,3
LEPIDOPTERA,COLEOPHORIDAE,7/29/92,8/2/92,3
LEPIDOPTERA,COLEOPHORIDAE,7/3/92,7/5/92,1
LEPIDOPTERA,COLEOPHORIDAE,7/6/92,7/8/92,6
LEPIDOPTERA,COLEOPHORIDAE,7/9/92,7/9/92,1
LEPIDOPTERA,COLEOPHORIDAE,8/10/92,8/12/92,5
LEPIDOPTERA,COLEOPHORIDAE,8/13/92,8/16/92,2
LEPIDOPTERA,COLEOPHORIDAE,8/21/92,8/23/92,2
LEPIDOPTERA,COLEOPHORIDAE,8/3/92,8/5/92,3
LEPIDOPTERA,DREPANIDAE,6/22/92,6/23/92,1
LEPIDOPTERA,DREPANIDAE,7/10/92,7/12/92,1
LEPIDOPTERA,DREPANIDAE,7/13/92,7/16/92,1
LEPIDOPTERA,DREPANIDAE,7/17/92,7/20/92,2
LEPIDOPTERA,DREPANIDAE,7/21/92,7/23/92,2
LEPIDOPTERA,DREPANIDAE,7/24/92,7/28/92,2
LEPIDOPTERA,DREPANIDAE,7/29/92,8/2/92,1
LEPIDOPTERA,DREPANIDAE,7/6/92,7/8/92,2
LEPIDOPTERA,DREPANIDAE,8/13/92,8/16/92,1
LEPIDOPTERA,DREPANIDAE,8/17/92,8/20/92,1
LEPIDOPTERA,DREPANIDAE,8/28/92,8/31/92,1
LEPIDOPTERA,ELACHISTIDAE,7/17/92,7/20/92,2
LEPIDOPTERA,ELACHISTIDAE,7/29/92,8/2/92,1
LEPIDOPTERA,ELACHISTIDAE,8/3/92,8/5/92,1
LEPIDOPTERA,ELACHISTIDAE,8/6/92,8/9/92,2
LEPIDOPTERA,GELECHIIDAE,6/22/92,6/23/92,10
LEPIDOPTERA,GELECHIIDAE,6/24/92,6/25/92,17
LEPIDOPTERA,GELECHIIDAE,6/26/92,6/28/92,38
LEPIDOPTERA,GELECHIIDAE,6/29/92,7/2/92,26
LEPIDOPTERA,GELECHIIDAE,7/10/92,7/12/92,33
LEPIDOPTERA,GELECHIIDAE,7/13/92,7/16/92,10
LEPIDOPTERA,GELECHIIDAE,7/17/92,7/20/92,30
LEPIDOPTERA,GELECHIIDAE,7/21/92,7/23/92,10
LEPIDOPTERA,GELECHIIDAE,7/24/92,7/28/92,13
LEPIDOPTERA,GELECHIIDAE,7/29/92,8/2/92,20
LEPIDOPTERA,GELECHIIDAE,7/3/92,7/5/92,2
LEPIDOPTERA,GELECHIIDAE,7/6/92,7/8/92,24
LEPIDOPTERA,GELECHIIDAE,7/9/92,7/9/92,10
LEPIDOPTERA,GELECHIIDAE,8/10/92,8/12/92,5
LEPIDOPTERA,GELECHIIDAE,8/13/92,8/16/92,4
LEPIDOPTERA,GELECHIIDAE,8/17/92,8/20/92,4
LEPIDOPTERA,GELECHIIDAE,8/21/92,8/23/92,1
LEPIDOPTERA,GELECHIIDAE,8/24/92,8/27/92,1
LEPIDOPTERA,GELECHIIDAE,8/28/92,8/31/92,1
LEPIDOPTERA,GELECHIIDAE,8/3/92,8/5/92,9
LEPIDOPTERA,GELECHIIDAE,8/6/92,8/9/92,4
LEPIDOPTERA,GELECHIIDAE,9/7/92,9/13/92,1
LEPIDOPTERA,GEOMETRIDAE,6/22/92,6/23/92,25
LEPIDOPTERA,GEOMETRIDAE,6/24/92,6/25/92,20
LEPIDOPTERA,GEOMETRIDAE,6/26/92,6/28/92,31
LEPIDOPTERA,GEOMETRIDAE,6/29/92,7/2/92,33
LEPIDOPTERA,GEOMETRIDAE,7/10/92,7/12/92,31
LEPIDOPTERA,GEOMETRIDAE,7/13/92,7/16/92,19
LEPIDOPTERA,GEOMETRIDAE,7/17/92,7/20/92,32
LEPIDOPTERA,GEOMETRIDAE,7/21/92,7/23/92,29
LEPIDOPTERA,GEOMETRIDAE,7/24/92,7/28/92,13
LEPIDOPTERA,GEOMETRIDAE,7/29/92,8/2/92,35
LEPIDOPTERA,GEOMETRIDAE,7/3/92,7/5/92,10
LEPIDOPTERA,GEOMETRIDAE,7/6/92,7/8/92,12
LEPIDOPTERA,GEOMETRIDAE,7/9/92,7/9/92,7
LEPIDOPTERA,GEOMETRIDAE,8/10/92,8/12/92,6
LEPIDOPTERA,GEOMETRIDAE,8/13/92,8/16/92,7
LEPIDOPTERA,GEOMETRIDAE,8/17/92,8/20/92,18
LEPIDOPTERA,GEOMETRIDAE,8/21/92,8/23/92,5
LEPIDOPTERA,GEOMETRIDAE,8/24/92,8/27/92,5
LEPIDOPTERA,GEOMETRIDAE,8/28/92,8/31/92,8
LEPIDOPTERA,GEOMETRIDAE,8/3/92,8/5/92,13
LEPIDOPTERA,GEOMETRIDAE,8/6/92,8/9/92,8
LEPIDOPTERA,GEOMETRIDAE,9/28/92,10/7/92,1
LEPIDOPTERA,GEOMETRIDAE,9/7/92,9/13/92,3
LEPIDOPTERA,GRACILLARIIDAE,6/22/92,6/23/92,1
LEPIDOPTERA,GRACILLARIIDAE,6/24/92,6/25/92,6
LEPIDOPTERA,GRACILLARIIDAE,6/26/92,6/28/92,12
LEPIDOPTERA,GRACILLARIIDAE,6/29/92,7/2/92,8
LEPIDOPTERA,GRACILLARIIDAE,7/10/92,7/12/92,86
LEPIDOPTERA,GRACILLARIIDAE,7/13/92,7/16/92,30
LEPIDOPTERA,GRACILLARIIDAE,7/17/92,7/20/92,40
LEPIDOPTERA,GRACILLARIIDAE,7/21/92,7/23/92,80
LEPIDOPTERA,GRACILLARIIDAE,7/24/92,7/28/92,17
LEPIDOPTERA,GRACILLARIIDAE,7/29/92,8/2/92,42
LEPIDOPTERA,GRACILLARIIDAE,7/3/92,7/5/92,2
LEPIDOPTERA,GRACILLARIIDAE,7/6/92,7/8/92,61
LEPIDOPTERA,GRACILLARIIDAE,7/9/92,7/9/92,10
LEPIDOPTERA,GRACILLARIIDAE,8/10/92,8/12/92,4
LEPIDOPTERA,GRACILLARIIDAE,8/17/92,8/20/92,3
LEPIDOPTERA,GRACILLARIIDAE,8/24/92,8/27/92,4
LEPIDOPTERA,GRACILLARIIDAE,8/28/92,8/31/92,4
LEPIDOPTERA,GRACILLARIIDAE,8/3/92,8/5/92,15
LEPIDOPTERA,GRACILLARIIDAE,8/6/92,8/9/92,19
LEPIDOPTERA,GRACILLARIIDAE,9/1/92,9/6/92,1
LEPIDOPTERA,GRACILLARIIDAE,9/14/92,9/20/92,1
LEPIDOPTERA,GRACILLARIIDAE,9/7/92,9/13/92,2
LEPIDOPTERA,LASIOCAMPIDAE,6/26/92,6/28/92,1
LEPIDOPTERA,LYMANTRIIDAE,8/24/92,8/27/92,1
LEPIDOPTERA,LYONETIDAE,6/22/92,6/23/92,5
LEPIDOPTERA,LYONETIDAE,6/24/92,6/25/92,9
LEPIDOPTERA,LYONETIDAE,6/29/92,7/2/92,1
LEPIDOPTERA,LYONETIDAE,7/10/92,7/12/92,1
LEPIDOPTERA,LYONETIDAE,7/17/92,7/20/92,1
LEPIDOPTERA,LYONETIDAE,7/21/92,7/23/92,6
LEPIDOPTERA,LYONETIDAE,7/24/92,7/28/92,2
LEPIDOPTERA,LYONETIDAE,7/29/92,8/2/92,7
LEPIDOPTERA,LYONETIDAE,7/6/92,7/8/92,3
LEPIDOPTERA,LYONETIDAE,8/24/92,8/27/92,1
LEPIDOPTERA,LYONETIDAE,8/3/92,8/5/92,5
LEPIDOPTERA,LYONETIDAE,8/6/92,8/9/92,1
LEPIDOPTERA,MOMPHIDAE,6/24/92,6/25/92,1
LEPIDOPTERA,MOMPHIDAE,7/29/92,8/2/92,1
LEPIDOPTERA,MOMPHIDAE,7/6/92,7/8/92,1
LEPIDOPTERA,MOMPHIDAE,8/10/92,8/12/92,2
LEPIDOPTERA,MOMPHIDAE,9/21/92,9/27/92,1
LEPIDOPTERA,NEPTICULIDAE,6/22/92,6/23/92,1
LEPIDOPTERA,NEPTICULIDAE,6/24/92,6/25/92,5
LEPIDOPTERA,NEPTICULIDAE,6/26/92,6/28/92,4
LEPIDOPTERA,NEPTICULIDAE,6/29/92,7/2/92,4
LEPIDOPTERA,NEPTICULIDAE,7/10/92,7/12/92,2
LEPIDOPTERA,NEPTICULIDAE,7/13/92,7/16/92,1
LEPIDOPTERA,NEPTICULIDAE,7/17/92,7/20/92,1
LEPIDOPTERA,NEPTICULIDAE,7/21/92,7/23/92,1
LEPIDOPTERA,NEPTICULIDAE,7/24/92,7/28/92,2
LEPIDOPTERA,NEPTICULIDAE,7/6/92,7/8/92,2
LEPIDOPTERA,NEPTICULIDAE,8/10/92,8/12/92,1
LEPIDOPTERA,NEPTICULIDAE,8/13/92,8/16/92,1
LEPIDOPTERA,NEPTICULIDAE,8/17/92,8/20/92,2
LEPIDOPTERA,NEPTICULIDAE,8/3/92,8/5/92,2
LEPIDOPTERA,NEPTICULIDAE,8/6/92,8/9/92,2
LEPIDOPTERA,NOCTUIDAE,10/14/92,10/26/92,1
LEPIDOPTERA,NOCTUIDAE,10/27/92,11/26/92,2
LEPIDOPTERA,NOCTUIDAE,10/8/92,10/13/92,3
LEPIDOPTERA,NOCTUIDAE,6/22/92,6/23/92,75
LEPIDOPTERA,NOCTUIDAE,6/24/92,6/25/92,54
LEPIDOPTERA,NOCTUIDAE,6/26/92,6/28/92,92
LEPIDOPTERA,NOCTUIDAE,6/29/92,7/2/92,117
LEPIDOPTERA,NOCTUIDAE,7/10/92,7/12/92,149
LEPIDOPTERA,NOCTUIDAE,7/13/92,7/16/92,77
LEPIDOPTERA,NOCTUIDAE,7/17/92,7/20/92,122
LEPIDOPTERA,NOCTUIDAE,7/21/92,7/23/92,86
LEPIDOPTERA,NOCTUIDAE,7/24/92,7/28/92,55
LEPIDOPTERA,NOCTUIDAE,7/29/92,8/2/92,144
LEPIDOPTERA,NOCTUIDAE,7/3/92,7/5/92,34
LEPIDOPTERA,NOCTUIDAE,7/6/92,7/8/92,121
LEPIDOPTERA,NOCTUIDAE,7/9/92,7/9/92,60
LEPIDOPTERA,NOCTUIDAE,8/10/92,8/12/92,109
LEPIDOPTERA,NOCTUIDAE,8/13/92,8/16/92,110
LEPIDOPTERA,NOCTUIDAE,8/17/92,8/20/92,89
LEPIDOPTERA,NOCTUIDAE,8/21/92,8/23/92,80
LEPIDOPTERA,NOCTUIDAE,8/24/92,8/27/92,88
LEPIDOPTERA,NOCTUIDAE,8/28/92,8/31/92,93
LEPIDOPTERA,NOCTUIDAE,8/3/92,8/5/92,52
LEPIDOPTERA,NOCTUIDAE,8/6/92,8/9/92,72
LEPIDOPTERA,NOCTUIDAE,9/1/92,9/6/92,77
LEPIDOPTERA,NOCTUIDAE,9/14/92,9/20/92,24
LEPIDOPTERA,NOCTUIDAE,9/21/92,9/27/92,14
LEPIDOPTERA,NOCTUIDAE,9/28/92,10/7/92,12
LEPIDOPTERA,NOCTUIDAE,9/7/92,9/13/92,65
LEPIDOPTERA,NOLIDAE,6/22/92,6/23/92,5
LEPIDOPTERA,NOLIDAE,6/24/92,6/25/92,5
LEPIDOPTERA,NOLIDAE,6/26/92,6/28/92,10
LEPIDOPTERA,NOLIDAE,6/29/92,7/2/92,3
LEPIDOPTERA,NOLIDAE,7/13/92,7/16/92,1
LEPIDOPTERA,NOLIDAE,7/3/92,7/5/92,1
LEPIDOPTERA,NOLIDAE,7/6/92,7/8/92,1
LEPIDOPTERA,NOLIDAE,8/28/92,8/31/92,1
LEPIDOPTERA,NOTODONTIDAE,6/26/92,6/28/92,1
LEPIDOPTERA,NOTODONTIDAE,7/10/92,7/12/92,2
LEPIDOPTERA,NOTODONTIDAE,7/13/92,7/16/92,1
LEPIDOPTERA,NOTODONTIDAE,7/17/92,7/20/92,2
LEPIDOPTERA,NOTODONTIDAE,7/21/92,7/23/92,3
LEPIDOPTERA,NOTODONTIDAE,7/24/92,7/28/92,2
LEPIDOPTERA,NOTODONTIDAE,7/29/92,8/2/92,3
LEPIDOPTERA,NOTODONTIDAE,7/3/92,7/5/92,2
LEPIDOPTERA,NOTODONTIDAE,7/6/92,7/8/92,1
LEPIDOPTERA,NOTODONTIDAE,7/9/92,7/9/92,1
LEPIDOPTERA,NOTODONTIDAE,8/10/92,8/12/92,1
LEPIDOPTERA,NOTODONTIDAE,8/6/92,8/9/92,1
LEPIDOPTERA,OECOPHORIDAE,6/22/92,6/23/92,4
LEPIDOPTERA,OECOPHORIDAE,6/24/92,6/25/92,13
LEPIDOPTERA,OECOPHORIDAE,6/26/92,6/28/92,4
LEPIDOPTERA,OECOPHORIDAE,6/29/92,7/2/92,17
LEPIDOPTERA,OECOPHORIDAE,7/10/92,7/12/92,9
LEPIDOPTERA,OECOPHORIDAE,7/13/92,7/16/92,9
LEPIDOPTERA,OECOPHORIDAE,7/17/92,7/20/92,22
LEPIDOPTERA,OECOPHORIDAE,7/21/92,7/23/92,12
LEPIDOPTERA,OECOPHORIDAE,7/24/92,7/28/92,14
LEPIDOPTERA,OECOPHORIDAE,7/29/92,8/2/92,37
LEPIDOPTERA,OECOPHORIDAE,7/6/92,7/8/92,7
LEPIDOPTERA,OECOPHORIDAE,7/9/92,7/9/92,5
LEPIDOPTERA,OECOPHORIDAE,8/10/92,8/12/92,4
LEPIDOPTERA,OECOPHORIDAE,8/13/92,8/16/92,11
LEPIDOPTERA,OECOPHORIDAE,8/17/92,8/20/92,13
LEPIDOPTERA,OECOPHORIDAE,8/21/92,8/23/92,4
LEPIDOPTERA,OECOPHORIDAE,8/24/92,8/27/92,5
LEPIDOPTERA,OECOPHORIDAE,8/28/92,8/31/92,4
LEPIDOPTERA,OECOPHORIDAE,8/3/92,8/5/92,10
LEPIDOPTERA,OECOPHORIDAE,8/6/92,8/9/92,13
LEPIDOPTERA,OECOPHORIDAE,9/1/92,9/6/92,2
LEPIDOPTERA,OECOPHORIDAE,9/28/92,10/7/92,1
LEPIDOPTERA,PLUTELLIDAE,6/24/92,6/25/92,1
LEPIDOPTERA,PLUTELLIDAE,7/17/92,7/20/92,1
LEPIDOPTERA,PLUTELLIDAE,7/21/92,7/23/92,4
LEPIDOPTERA,PLUTELLIDAE,7/24/92,7/28/92,3
LEPIDOPTERA,PLUTELLIDAE,8/17/92,8/20/92,1
LEPIDOPTERA,PLUTELLIDAE,9/21/92,9/27/92,1
LEPIDOPTERA,PLUTELLIDAE,9/7/92,9/13/92,1
LEPIDOPTERA,PTEROPHORIDAE,6/22/92,6/23/92,1
LEPIDOPTERA,PTEROPHORIDAE,7/10/92,7/12/92,1
LEPIDOPTERA,PTEROPHORIDAE,8/6/92,8/9/92,1
LEPIDOPTERA,PYRALIDAE,6/22/92,6/23/92,16
LEPIDOPTERA,PYRALIDAE,6/24/92,6/25/92,36
LEPIDOPTERA,PYRALIDAE,6/26/92,6/28/92,53
LEPIDOPTERA,PYRALIDAE,6/29/92,7/2/92,67
LEPIDOPTERA,PYRALIDAE,7/10/92,7/12/92,77
LEPIDOPTERA,PYRALIDAE,7/13/92,7/16/92,55
LEPIDOPTERA,PYRALIDAE,7/17/92,7/20/92,161
LEPIDOPTERA,PYRALIDAE,7/21/92,7/23/92,64
LEPIDOPTERA,PYRALIDAE,7/24/92,7/28/92,34
LEPIDOPTERA,PYRALIDAE,7/29/92,8/2/92,92
LEPIDOPTERA,PYRALIDAE,7/3/92,7/5/92,6
LEPIDOPTERA,PYRALIDAE,7/6/92,7/8/92,47
LEPIDOPTERA,PYRALIDAE,7/9/92,7/9/92,22
LEPIDOPTERA,PYRALIDAE,8/10/92,8/12/92,15
LEPIDOPTERA,PYRALIDAE,8/13/92,8/16/92,16
LEPIDOPTERA,PYRALIDAE,8/17/92,8/20/92,9
LEPIDOPTERA,PYRALIDAE,8/21/92,8/23/92,2
LEPIDOPTERA,PYRALIDAE,8/24/92,8/27/92,4
LEPIDOPTERA,PYRALIDAE,8/28/92,8/31/92,4
LEPIDOPTERA,PYRALIDAE,8/3/92,8/5/92,23
LEPIDOPTERA,PYRALIDAE,8/6/92,8/9/92,19
LEPIDOPTERA,PYRALIDAE,9/21/92,9/27/92,1
LEPIDOPTERA,TINEIDAE,6/22/92,6/23/92,1
LEPIDOPTERA,TINEIDAE,6/24/92,6/25/92,2
LEPIDOPTERA,TINEIDAE,6/26/92,6/28/92,2
LEPIDOPTERA,TINEIDAE,7/10/92,7/12/92,1
LEPIDOPTERA,TINEIDAE,7/21/92,7/23/92,1
LEPIDOPTERA,TINEIDAE,7/24/92,7/28/92,1
LEPIDOPTERA,TINEIDAE,7/29/92,8/2/92,2
LEPIDOPTERA,TINEIDAE,7/6/92,7/8/92,1
LEPIDOPTERA,TINEIDAE,8/17/92,8/20/92,1
LEPIDOPTERA,TINEIDAE,8/21/92,8/23/92,2
LEPIDOPTERA,TINEIDAE,8/3/92,8/5/92,1
LEPIDOPTERA,TORTRICIDAE,6/22/92,6/23/92,186
LEPIDOPTERA,TORTRICIDAE,6/24/92,6/25/92,311
LEPIDOPTERA,TORTRICIDAE,6/26/92,6/28/92,376
LEPIDOPTERA,TORTRICIDAE,6/29/92,7/2/92,233
LEPIDOPTERA,TORTRICIDAE,7/10/92,7/12/92,112
LEPIDOPTERA,TORTRICIDAE,7/13/92,7/16/92,30
LEPIDOPTERA,TORTRICIDAE,7/17/92,7/20/92,80
LEPIDOPTERA,TORTRICIDAE,7/21/92,7/23/92,63
LEPIDOPTERA,TORTRICIDAE,7/24/92,7/28/92,48
LEPIDOPTERA,TORTRICIDAE,7/29/92,8/2/92,62
LEPIDOPTERA,TORTRICIDAE,7/3/92,7/5/92,27
LEPIDOPTERA,TORTRICIDAE,7/6/92,7/8/92,136
LEPIDOPTERA,TORTRICIDAE,7/9/92,7/9/92,37
LEPIDOPTERA,TORTRICIDAE,8/10/92,8/12/92,16
LEPIDOPTERA,TORTRICIDAE,8/13/92,8/16/92,7
LEPIDOPTERA,TORTRICIDAE,8/17/92,8/20/92,5
LEPIDOPTERA,TORTRICIDAE,8/21/92,8/23/92,7
LEPIDOPTERA,TORTRICIDAE,8/24/92,8/27/92,2
LEPIDOPTERA,TORTRICIDAE,8/28/92,8/31/92,8
LEPIDOPTERA,TORTRICIDAE,8/3/92,8/5/92,28
LEPIDOPTERA,TORTRICIDAE,8/6/92,8/9/92,13
LEPIDOPTERA,TORTRICIDAE,9/14/92,9/20/92,3
LEPIDOPTERA,TORTRICIDAE,9/7/92,9/13/92,5
LEPIDOPTERA,YPONOMEUTIDAE,6/22/92,6/23/92,10
LEPIDOPTERA,YPONOMEUTIDAE,6/24/92,6/25/92,17
LEPIDOPTERA,YPONOMEUTIDAE,6/26/92,6/28/92,28
LEPIDOPTERA,YPONOMEUTIDAE,6/29/92,7/2/92,35
LEPIDOPTERA,YPONOMEUTIDAE,7/10/92,7/12/92,40
LEPIDOPTERA,YPONOMEUTIDAE,7/13/92,7/16/92,12
LEPIDOPTERA,YPONOMEUTIDAE,7/17/92,7/20/92,35
LEPIDOPTERA,YPONOMEUTIDAE,7/21/92,7/23/92,25
LEPIDOPTERA,YPONOMEUTIDAE,7/24/92,7/28/92,15
LEPIDOPTERA,YPONOMEUTIDAE,7/29/92,8/2/92,29
LEPIDOPTERA,YPONOMEUTIDAE,7/3/92,7/5/92,2
LEPIDOPTERA,YPONOMEUTIDAE,7/6/92,7/8/92,28
LEPIDOPTERA,YPONOMEUTIDAE,7/9/92,7/9/92,22
LEPIDOPTERA,YPONOMEUTIDAE,8/10/92,8/12/92,7
LEPIDOPTERA,YPONOMEUTIDAE,8/13/92,8/16/92,6
LEPIDOPTERA,YPONOMEUTIDAE,8/17/92,8/20/92,5
LEPIDOPTERA,YPONOMEUTIDAE,8/21/92,8/23/92,6
LEPIDOPTERA,YPONOMEUTIDAE,8/24/92,8/27/92,10
LEPIDOPTERA,YPONOMEUTIDAE,8/28/92,8/31/92,12
LEPIDOPTERA,YPONOMEUTIDAE,8/3/92,8/5/92,17
LEPIDOPTERA,YPONOMEUTIDAE,8/6/92,8/9/92,25
LEPIDOPTERA,YPONOMEUTIDAE,9/1/92,9/6/92,1
LEPIDOPTERA,YPONOMEUTIDAE,9/14/92,9/20/92,1
LEPIDOPTERA,YPONOMEUTIDAE,9/21/92,9/27/92,1
LEPIDOPTERA,YPONOMEUTIDAE,9/7/92,9/13/92,4
