order,family,date1,date2,individuals
COLEOPTERA,ADERIDAE,5/17/93,5/23/93,1
COLEOPTERA,ANOBIIDAE,5/24/93,5/31/93,1
COLEOPTERA,ANOBIIDAE,6/18/93,6/21/93,1
COLEOPTERA,ANOBIIDAE,7/1/93,7/4/93,2
COLEOPTERA,ANOBIIDAE,9/6/93,9/15/93,1
COLEOPTERA,CANTHARIDAE,5/17/93,5/23/93,2
COLEOPTERA,CANTHARIDAE,6/1/93,6/6/93,1
COLEOPTERA,CANTHARIDAE,6/18/93,6/21/93,1
COLEOPTERA,CANTHARIDAE,7/1/93,7/4/93,2
COLEOPTERA,CANTHARIDAE,7/5/93,7/7/93,1
COLEOPTERA,CARABIDAE,10/1/93,10/11/93,1
COLEOPTERA,CARABIDAE,5/17/93,5/23/93,1
COLEOPTERA,CARABIDAE,7/1/93,7/4/93,3
COLEOPTERA,CARABIDAE,7/12/93,7/14/93,1
COLEOPTERA,CARABIDAE,8/26/93,8/31/93,1
COLEOPTERA,CARABIDAE,9/1/93,9/5/93,2
COLEOPTERA,CARABIDAE,9/16/93,9/21/93,3
COLEOPTERA,CARABIDAE,9/22/93,9/30/93,1
COLEOPTERA,COCCINELLIDAE,7/8/93,7/11/93,1
COLEOPTERA,CRYPTOPHAGIDAE,4/16/93,4/21/93,1
COLEOPTERA,CRYPTOPHAGIDAE,4/22/93,5/16/93,2
COLEOPTERA,CRYPTOPHAGIDAE,5/17/93,5/23/93,4
COLEOPTERA,CRYPTOPHAGIDAE,6/1/93,6/6/93,1
COLEOPTERA,CRYPTOPHAGIDAE,6/11/93,6/14/93,1
COLEOPTERA,CRYPTOPHAGIDAE,9/1/93,9/5/93,1
COLEOPTERA,CURCULIONIDAE,4/16/93,4/21/93,1
COLEOPTERA,CURCULIONIDAE,4/22/93,5/16/93,2
COLEOPTERA,CURCULIONIDAE,5/17/93,5/23/93,1
COLEOPTERA,CURCULIONIDAE,6/1/93,6/6/93,1
COLEOPTERA,CURCULIONIDAE,6/28/93,6/30/93,1
COLEOPTERA,CURCULIONIDAE,6/7/93,6/10/93,1
COLEOPTERA,DERMESTIDAE,4/22/93,5/16/93,2
COLEOPTERA,DERMESTIDAE,5/17/93,5/23/93,1
COLEOPTERA,DERMESTIDAE,5/24/93,5/31/93,2
COLEOPTERA,DERMESTIDAE,6/1/93,6/6/93,1
COLEOPTERA,DERMESTIDAE,6/28/93,6/30/93,3
COLEOPTERA,DERMESTIDAE,6/7/93,6/10/93,1
COLEOPTERA,DERMESTIDAE,7/1/93,7/4/93,3
COLEOPTERA,DERMESTIDAE,7/5/93,7/7/93,1
COLEOPTERA,DERMESTIDAE,7/8/93,7/11/93,1
COLEOPTERA,DERMESTIDAE,9/16/93,9/21/93,1
COLEOPTERA,ELATERIDAE,5/17/93,5/23/93,1
COLEOPTERA,ELATERIDAE,7/1/93,7/4/93,1
COLEOPTERA,HYDROPHILIDAE,4/22/93,5/16/93,2
COLEOPTERA,HYDROPHILIDAE,5/17/93,5/23/93,2
COLEOPTERA,HYDROPHILIDAE,5/24/93,5/31/93,1
COLEOPTERA,HYDROPHILIDAE,6/1/93,6/6/93,1
COLEOPTERA,HYDROPHILIDAE,6/7/93,6/10/93,4
COLEOPTERA,HYDROPHILIDAE,7/1/93,7/4/93,1
COLEOPTERA,HYDROPHILIDAE,7/12/93,7/14/93,2
COLEOPTERA,MELYRIDAE,6/1/93,6/6/93,1
COLEOPTERA,MELYRIDAE,6/28/93,6/30/93,1
COLEOPTERA,MYCETOPHAGIDAE,5/17/93,5/23/93,1
COLEOPTERA,NITIDULIDAE,4/22/93,5/16/93,5
COLEOPTERA,NITIDULIDAE,5/17/93,5/23/93,3
COLEOPTERA,SCARABAEIDAE,6/11/93,6/14/93,1
COLEOPTERA,SCARABAEIDAE,6/18/93,6/21/93,2
COLEOPTERA,SCARABAEIDAE,6/22/93,6/24/93,1
COLEOPTERA,SCARABAEIDAE,6/28/93,6/30/93,3
COLEOPTERA,SCARABAEIDAE,7/1/93,7/4/93,1
COLEOPTERA,SCARABAEIDAE,7/5/93,7/7/93,1
COLEOPTERA,SCARABAEIDAE,9/1/93,9/5/93,1
COLEOPTERA,SCIRTIDAE,6/1/93,6/6/93,1
COLEOPTERA,SCIRTIDAE,6/28/93,6/30/93,1
COLEOPTERA,SCIRTIDAE,6/7/93,6/10/93,1
COLEOPTERA,SCIRTIDAE,7/1/93,7/4/93,1
COLEOPTERA,SCRAPTIIDAE,6/15/93,6/17/93,1
COLEOPTERA,SCRAPTIIDAE,6/18/93,6/21/93,2
COLEOPTERA,SCRAPTIIDAE,6/25/93,6/27/93,1
COLEOPTERA,SCRAPTIIDAE,7/1/93,7/4/93,1
COLEOPTERA,STAPHYLINIDAE,10/29/93,11/15/93,1
COLEOPTERA,STAPHYLINIDAE,4/22/93,5/16/93,4
COLEOPTERA,STAPHYLINIDAE,5/17/93,5/23/93,3
COLEOPTERA,STAPHYLINIDAE,7/1/93,7/4/93,1
COLEOPTERA,STAPHYLINIDAE,9/1/93,9/5/93,1
COLEOPTERA,TENEBRIONIDAE,7/1/93,7/4/93,2
COLEOPTERA,TENEBRIONIDAE,7/5/93,7/7/93,1
COLEOPTERA,TENEBRIONIDAE,7/8/93,7/11/93,3
LEPIDOPTERA,ADELIDAE,4/22/93,5/16/93,1
LEPIDOPTERA,AGONOXENIDAE,6/1/93,6/6/93,1
LEPIDOPTERA,AGONOXENIDAE,6/25/93,6/27/93,1
LEPIDOPTERA,AGONOXENIDAE,6/28/93,6/30/93,1
LEPIDOPTERA,AGONOXENIDAE,7/1/93,7/4/93,4
LEPIDOPTERA,AGONOXENIDAE,7/8/93,7/11/93,1
LEPIDOPTERA,ARCTIIDAE,6/22/93,6/24/93,1
LEPIDOPTERA,BATRACHEDRIDAE,6/28/93,6/30/93,2
LEPIDOPTERA,BATRACHEDRIDAE,8/26/93,8/31/93,2
LEPIDOPTERA,BATRACHEDRIDAE,9/6/93,9/15/93,1
LEPIDOPTERA,BUCCULATRICIDAE,5/17/93,5/23/93,2
LEPIDOPTERA,BUCCULATRICIDAE,6/1/93,6/6/93,4
LEPIDOPTERA,BUCCULATRICIDAE,6/11/93,6/14/93,1
LEPIDOPTERA,BUCCULATRICIDAE,6/7/93,6/10/93,1
LEPIDOPTERA,BUCCULATRICIDAE,8/26/93,8/31/93,1
LEPIDOPTERA,COLEOPHORIDAE,4/22/93,5/16/93,1
LEPIDOPTERA,COLEOPHORIDAE,5/17/93,5/23/93,1
LEPIDOPTERA,COLEOPHORIDAE,5/24/93,5/31/93,2
LEPIDOPTERA,COLEOPHORIDAE,6/1/93,6/6/93,97
LEPIDOPTERA,COLEOPHORIDAE,6/11/93,6/14/93,1
LEPIDOPTERA,COLEOPHORIDAE,6/28/93,6/30/93,7
LEPIDOPTERA,COLEOPHORIDAE,6/7/93,6/10/93,8
LEPIDOPTERA,COLEOPHORIDAE,7/1/93,7/4/93,17
LEPIDOPTERA,COLEOPHORIDAE,7/12/93,7/14/93,1
LEPIDOPTERA,COLEOPHORIDAE,7/5/93,7/7/93,1
LEPIDOPTERA,COLEOPHORIDAE,7/8/93,7/11/93,4
LEPIDOPTERA,COSMOPTERIGIDAE,6/28/93,6/30/93,1
LEPIDOPTERA,DEPRESSARIIDAE,4/16/93,4/21/93,3
LEPIDOPTERA,DEPRESSARIIDAE,4/22/93,5/16/93,2
LEPIDOPTERA,DREPANIDAE,6/11/93,6/14/93,1
LEPIDOPTERA,DREPANIDAE,6/7/93,6/10/93,1
LEPIDOPTERA,ELACHISTIDAE,5/17/93,5/23/93,1
LEPIDOPTERA,ELACHISTIDAE,5/24/93,5/31/93,1
LEPIDOPTERA,GELECHIIDAE,10/1/93,10/11/93,1
LEPIDOPTERA,GELECHIIDAE,4/22/93,5/16/93,1
LEPIDOPTERA,GELECHIIDAE,5/24/93,5/31/93,1
LEPIDOPTERA,GELECHIIDAE,6/1/93,6/6/93,8
LEPIDOPTERA,GELECHIIDAE,6/11/93,6/14/93,4
LEPIDOPTERA,GELECHIIDAE,6/18/93,6/21/93,4
LEPIDOPTERA,GELECHIIDAE,6/22/93,6/24/93,4
LEPIDOPTERA,GELECHIIDAE,6/25/93,6/27/93,12
LEPIDOPTERA,GELECHIIDAE,6/28/93,6/30/93,51
LEPIDOPTERA,GELECHIIDAE,6/7/93,6/10/93,11
LEPIDOPTERA,GELECHIIDAE,7/1/93,7/4/93,42
LEPIDOPTERA,GELECHIIDAE,7/12/93,7/14/93,1
LEPIDOPTERA,GELECHIIDAE,7/5/93,7/7/93,3
LEPIDOPTERA,GELECHIIDAE,7/8/93,7/11/93,19
LEPIDOPTERA,GELECHIIDAE,8/26/93,8/31/93,3
LEPIDOPTERA,GELECHIIDAE,9/1/93,9/5/93,4
LEPIDOPTERA,GELECHIIDAE,9/16/93,9/21/93,1
LEPIDOPTERA,GEOMETRIDAE,10/1/93,10/11/93,3
LEPIDOPTERA,GEOMETRIDAE,10/29/93,11/15/93,1
LEPIDOPTERA,GEOMETRIDAE,4/22/93,5/16/93,12
LEPIDOPTERA,GEOMETRIDAE,5/17/93,5/23/93,9
LEPIDOPTERA,GEOMETRIDAE,5/24/93,5/31/93,23
LEPIDOPTERA,GEOMETRIDAE,6/1/93,6/6/93,41
LEPIDOPTERA,GEOMETRIDAE,6/11/93,6/14/93,39
LEPIDOPTERA,GEOMETRIDAE,6/15/93,6/17/93,19
LEPIDOPTERA,GEOMETRIDAE,6/18/93,6/21/93,17
LEPIDOPTERA,GEOMETRIDAE,6/22/93,6/24/93,8
LEPIDOPTERA,GEOMETRIDAE,6/25/93,6/27/93,9
LEPIDOPTERA,GEOMETRIDAE,6/28/93,6/30/93,37
LEPIDOPTERA,GEOMETRIDAE,6/7/93,6/10/93,29
LEPIDOPTERA,GEOMETRIDAE,7/1/93,7/4/93,53
LEPIDOPTERA,GEOMETRIDAE,7/12/93,7/14/93,6
LEPIDOPTERA,GEOMETRIDAE,7/5/93,7/7/93,6
LEPIDOPTERA,GEOMETRIDAE,7/8/93,7/11/93,3
LEPIDOPTERA,GEOMETRIDAE,8/26/93,8/31/93,6
LEPIDOPTERA,GEOMETRIDAE,9/1/93,9/5/93,8
LEPIDOPTERA,GEOMETRIDAE,9/16/93,9/21/93,1
LEPIDOPTERA,GEOMETRIDAE,9/22/93,9/30/93,1
LEPIDOPTERA,GEOMETRIDAE,9/6/93,9/15/93,2
LEPIDOPTERA,GRACILLARIIDAE,10/12/93,10/28/93,1
LEPIDOPTERA,GRACILLARIIDAE,4/22/93,5/16/93,13
LEPIDOPTERA,GRACILLARIIDAE,5/17/93,5/23/93,27
LEPIDOPTERA,GRACILLARIIDAE,5/24/93,5/31/93,18
LEPIDOPTERA,GRACILLARIIDAE,6/1/93,6/6/93,29
LEPIDOPTERA,GRACILLARIIDAE,6/11/93,6/14/93,3
LEPIDOPTERA,GRACILLARIIDAE,6/15/93,6/17/93,1
LEPIDOPTERA,GRACILLARIIDAE,6/18/93,6/21/93,2
LEPIDOPTERA,GRACILLARIIDAE,6/22/93,6/24/93,3
LEPIDOPTERA,GRACILLARIIDAE,6/25/93,6/27/93,1
LEPIDOPTERA,GRACILLARIIDAE,6/28/93,6/30/93,11
LEPIDOPTERA,GRACILLARIIDAE,6/7/93,6/10/93,8
LEPIDOPTERA,GRACILLARIIDAE,7/1/93,7/4/93,15
LEPIDOPTERA,GRACILLARIIDAE,7/12/93,7/14/93,2
LEPIDOPTERA,GRACILLARIIDAE,7/22/93,7/24/93,7
LEPIDOPTERA,GRACILLARIIDAE,7/5/93,7/7/93,1
LEPIDOPTERA,GRACILLARIIDAE,7/8/93,7/11/93,9
LEPIDOPTERA,GRACILLARIIDAE,8/26/93,8/31/93,13
LEPIDOPTERA,GRACILLARIIDAE,9/1/93,9/5/93,11
LEPIDOPTERA,GRACILLARIIDAE,9/16/93,9/21/93,3
LEPIDOPTERA,GRACILLARIIDAE,9/6/93,9/15/93,4
LEPIDOPTERA,HEPIALIDAE,5/17/93,5/23/93,2
LEPIDOPTERA,HEPIALIDAE,5/24/93,5/31/93,4
LEPIDOPTERA,HEPIALIDAE,6/1/93,6/6/93,1
LEPIDOPTERA,INCURVARIIDAE,4/22/93,5/16/93,1
LEPIDOPTERA,LYMANTRIIDAE,6/11/93,6/14/93,1
LEPIDOPTERA,LYMANTRIIDAE,6/18/93,6/21/93,1
LEPIDOPTERA,LYONETIDAE,4/22/93,5/16/93,1
LEPIDOPTERA,LYONETIDAE,6/11/93,6/14/93,4
LEPIDOPTERA,LYONETIDAE,6/18/93,6/21/93,3
LEPIDOPTERA,LYONETIDAE,6/22/93,6/24/93,4
LEPIDOPTERA,LYONETIDAE,6/25/93,6/27/93,1
LEPIDOPTERA,LYONETIDAE,6/28/93,6/30/93,6
LEPIDOPTERA,LYONETIDAE,6/7/93,6/10/93,1
LEPIDOPTERA,LYONETIDAE,7/1/93,7/4/93,3
LEPIDOPTERA,LYONETIDAE,7/8/93,7/11/93,1
LEPIDOPTERA,MOMPHIDAE,5/17/93,5/23/93,1
LEPIDOPTERA,MOMPHIDAE,5/24/93,5/31/93,1
LEPIDOPTERA,MOMPHIDAE,6/1/93,6/6/93,1
LEPIDOPTERA,MOMPHIDAE,6/7/93,6/10/93,2
LEPIDOPTERA,NEPTICULIDAE,4/22/93,5/16/93,2
LEPIDOPTERA,NEPTICULIDAE,5/17/93,5/23/93,8
LEPIDOPTERA,NEPTICULIDAE,5/24/93,5/31/93,1
LEPIDOPTERA,NEPTICULIDAE,6/1/93,6/6/93,146
LEPIDOPTERA,NEPTICULIDAE,6/11/93,6/14/93,8
LEPIDOPTERA,NEPTICULIDAE,6/18/93,6/21/93,4
LEPIDOPTERA,NEPTICULIDAE,6/22/93,6/24/93,7
LEPIDOPTERA,NEPTICULIDAE,6/28/93,6/30/93,4
LEPIDOPTERA,NEPTICULIDAE,6/7/93,6/10/93,26
LEPIDOPTERA,NEPTICULIDAE,7/1/93,7/4/93,31
LEPIDOPTERA,NOCTUIDAE,10/1/93,10/11/93,25
LEPIDOPTERA,NOCTUIDAE,10/12/93,10/28/93,10
LEPIDOPTERA,NOCTUIDAE,10/29/93,11/15/93,4
LEPIDOPTERA,NOCTUIDAE,4/16/93,4/21/93,7
LEPIDOPTERA,NOCTUIDAE,4/22/93,5/16/93,39
LEPIDOPTERA,NOCTUIDAE,5/17/93,5/23/93,88
LEPIDOPTERA,NOCTUIDAE,5/24/93,5/31/93,343
LEPIDOPTERA,NOCTUIDAE,6/1/93,6/6/93,430
LEPIDOPTERA,NOCTUIDAE,6/11/93,6/14/93,132
LEPIDOPTERA,NOCTUIDAE,6/15/93,6/17/93,330
LEPIDOPTERA,NOCTUIDAE,6/18/93,6/21/93,368
LEPIDOPTERA,NOCTUIDAE,6/22/93,6/24/93,219
LEPIDOPTERA,NOCTUIDAE,6/25/93,6/27/93,254
LEPIDOPTERA,NOCTUIDAE,6/28/93,6/30/93,173
LEPIDOPTERA,NOCTUIDAE,6/7/93,6/10/93,250
LEPIDOPTERA,NOCTUIDAE,7/1/93,7/4/93,324
LEPIDOPTERA,NOCTUIDAE,7/12/93,7/14/93,91
LEPIDOPTERA,NOCTUIDAE,7/5/93,7/7/93,192
LEPIDOPTERA,NOCTUIDAE,7/8/93,7/11/93,158
LEPIDOPTERA,NOCTUIDAE,8/26/93,8/31/93,134
LEPIDOPTERA,NOCTUIDAE,9/1/93,9/5/93,81
LEPIDOPTERA,NOCTUIDAE,9/16/93,9/21/93,28
LEPIDOPTERA,NOCTUIDAE,9/22/93,9/30/93,27
LEPIDOPTERA,NOCTUIDAE,9/6/93,9/15/93,47
LEPIDOPTERA,NOLIDAE,5/17/93,5/23/93,4
LEPIDOPTERA,NOLIDAE,5/24/93,5/31/93,1
LEPIDOPTERA,NOLIDAE,6/1/93,6/6/93,3
LEPIDOPTERA,NOLIDAE,6/11/93,6/14/93,1
LEPIDOPTERA,NOLIDAE,6/15/93,6/17/93,3
LEPIDOPTERA,NOLIDAE,6/18/93,6/21/93,1
LEPIDOPTERA,NOLIDAE,6/22/93,6/24/93,1
LEPIDOPTERA,NOLIDAE,6/25/93,6/27/93,1
LEPIDOPTERA,NOLIDAE,6/7/93,6/10/93,5
LEPIDOPTERA,NOTODONTIDAE,4/22/93,5/16/93,1
LEPIDOPTERA,NOTODONTIDAE,5/17/93,5/23/93,1
LEPIDOPTERA,NOTODONTIDAE,5/24/93,5/31/93,2
LEPIDOPTERA,NOTODONTIDAE,6/1/93,6/6/93,1
LEPIDOPTERA,NOTODONTIDAE,6/11/93,6/14/93,1
LEPIDOPTERA,NOTODONTIDAE,7/1/93,7/4/93,1
LEPIDOPTERA,OECOPHORIDAE,10/1/93,10/11/93,1
LEPIDOPTERA,OECOPHORIDAE,4/22/93,5/16/93,2
LEPIDOPTERA,OECOPHORIDAE,5/17/93,5/23/93,4
LEPIDOPTERA,OECOPHORIDAE,5/24/93,5/31/93,1
LEPIDOPTERA,OECOPHORIDAE,6/1/93,6/6/93,9
LEPIDOPTERA,OECOPHORIDAE,6/11/93,6/14/93,1
LEPIDOPTERA,OECOPHORIDAE,6/18/93,6/21/93,3
LEPIDOPTERA,OECOPHORIDAE,6/22/93,6/24/93,1
LEPIDOPTERA,OECOPHORIDAE,6/25/93,6/27/93,1
LEPIDOPTERA,OECOPHORIDAE,6/28/93,6/30/93,14
LEPIDOPTERA,OECOPHORIDAE,7/1/93,7/4/93,3
LEPIDOPTERA,OECOPHORIDAE,7/5/93,7/7/93,1
LEPIDOPTERA,OECOPHORIDAE,7/8/93,7/11/93,2
LEPIDOPTERA,OECOPHORIDAE,8/26/93,8/31/93,12
LEPIDOPTERA,OECOPHORIDAE,9/1/93,9/5/93,9
LEPIDOPTERA,OECOPHORIDAE,9/16/93,9/21/93,1
LEPIDOPTERA,OECOPHORIDAE,9/6/93,9/15/93,2
LEPIDOPTERA,PLUTELLIDAE,4/22/93,5/16/93,1
LEPIDOPTERA,PLUTELLIDAE,7/1/93,7/4/93,1
LEPIDOPTERA,PLUTELLIDAE,9/1/93,9/5/93,1
LEPIDOPTERA,PTEROPHORIDAE,5/17/93,5/23/93,1
LEPIDOPTERA,PYRALIDAE,4/22/93,5/16/93,1
LEPIDOPTERA,PYRALIDAE,5/17/93,5/23/93,1
LEPIDOPTERA,PYRALIDAE,5/24/93,5/31/93,3
LEPIDOPTERA,PYRALIDAE,6/1/93,6/6/93,23
LEPIDOPTERA,PYRALIDAE,6/11/93,6/14/93,12
LEPIDOPTERA,PYRALIDAE,6/15/93,6/17/93,8
LEPIDOPTERA,PYRALIDAE,6/18/93,6/21/93,26
LEPIDOPTERA,PYRALIDAE,6/22/93,6/24/93,6
LEPIDOPTERA,PYRALIDAE,6/25/93,6/27/93,19
LEPIDOPTERA,PYRALIDAE,6/28/93,6/30/93,39
LEPIDOPTERA,PYRALIDAE,6/7/93,6/10/93,14
LEPIDOPTERA,PYRALIDAE,7/1/93,7/4/93,59
LEPIDOPTERA,PYRALIDAE,7/12/93,7/14/93,2
LEPIDOPTERA,PYRALIDAE,7/5/93,7/7/93,4
LEPIDOPTERA,PYRALIDAE,7/8/93,7/11/93,17
LEPIDOPTERA,PYRALIDAE,8/26/93,8/31/93,17
LEPIDOPTERA,PYRALIDAE,9/1/93,9/5/93,12
LEPIDOPTERA,PYRALIDAE,9/6/93,9/15/93,4
LEPIDOPTERA,SPHINGIDAE,5/17/93,5/23/93,1
LEPIDOPTERA,SPHINGIDAE,5/24/93,5/31/93,5
LEPIDOPTERA,SPHINGIDAE,6/1/93,6/6/93,1
LEPIDOPTERA,SPHINGIDAE,6/18/93,6/21/93,1
LEPIDOPTERA,SPHINGIDAE,7/5/93,7/7/93,1
LEPIDOPTERA,SPHINGIDAE,7/8/93,7/11/93,1
LEPIDOPTERA,TINEIDAE,4/22/93,5/16/93,1
LEPIDOPTERA,TINEIDAE,5/17/93,5/23/93,1
LEPIDOPTERA,TINEIDAE,5/24/93,5/31/93,4
LEPIDOPTERA,TINEIDAE,6/1/93,6/6/93,5
LEPIDOPTERA,TINEIDAE,6/28/93,6/30/93,2
LEPIDOPTERA,TINEIDAE,6/7/93,6/10/93,1
LEPIDOPTERA,TINEIDAE,7/1/93,7/4/93,6
LEPIDOPTERA,TINEIDAE,9/1/93,9/5/93,1
LEPIDOPTERA,TISCHERIIDAE,6/28/93,6/30/93,1
LEPIDOPTERA,TORTRICIDAE,10/12/93,10/28/93,1
LEPIDOPTERA,TORTRICIDAE,5/17/93,5/23/93,4
LEPIDOPTERA,TORTRICIDAE,5/24/93,5/31/93,9
LEPIDOPTERA,TORTRICIDAE,6/1/93,6/6/93,52
LEPIDOPTERA,TORTRICIDAE,6/11/93,6/14/93,18
LEPIDOPTERA,TORTRICIDAE,6/15/93,6/17/93,15
LEPIDOPTERA,TORTRICIDAE,6/18/93,6/21/93,58
LEPIDOPTERA,TORTRICIDAE,6/22/93,6/24/93,47
LEPIDOPTERA,TORTRICIDAE,6/25/93,6/27/93,56
LEPIDOPTERA,TORTRICIDAE,6/28/93,6/30/93,168
LEPIDOPTERA,TORTRICIDAE,6/7/93,6/10/93,18
LEPIDOPTERA,TORTRICIDAE,7/1/93,7/4/93,146
LEPIDOPTERA,TORTRICIDAE,7/12/93,7/14/93,6
LEPIDOPTERA,TORTRICIDAE,7/20/93,7/21/93,10
LEPIDOPTERA,TORTRICIDAE,7/27/93,7/27/93,2
LEPIDOPTERA,TORTRICIDAE,7/5/93,7/7/93,28
LEPIDOPTERA,TORTRICIDAE,7/8/93,7/11/93,53
LEPIDOPTERA,TORTRICIDAE,8/26/93,8/31/93,18
LEPIDOPTERA,TORTRICIDAE,9/1/93,9/5/93,19
LEPIDOPTERA,TORTRICIDAE,9/16/93,9/21/93,1
LEPIDOPTERA,TORTRICIDAE,9/22/93,9/30/93,1
LEPIDOPTERA,TORTRICIDAE,9/6/93,9/15/93,3
LEPIDOPTERA,YPONOMEUTIDAE,10/1/93,10/11/93,2
LEPIDOPTERA,YPONOMEUTIDAE,4/22/93,5/16/93,2
LEPIDOPTERA,YPONOMEUTIDAE,5/17/93,5/23/93,1
LEPIDOPTERA,YPONOMEUTIDAE,5/24/93,5/31/93,1
LEPIDOPTERA,YPONOMEUTIDAE,6/1/93,6/6/93,2
LEPIDOPTERA,YPONOMEUTIDAE,6/11/93,6/14/93,3
LEPIDOPTERA,YPONOMEUTIDAE,6/15/93,6/17/93,3
LEPIDOPTERA,YPONOMEUTIDAE,6/18/93,6/21/93,4
LEPIDOPTERA,YPONOMEUTIDAE,6/22/93,6/24/93,2
LEPIDOPTERA,YPONOMEUTIDAE,6/25/93,6/27/93,3
LEPIDOPTERA,YPONOMEUTIDAE,6/28/93,6/30/93,13
LEPIDOPTERA,YPONOMEUTIDAE,7/1/93,7/4/93,11
LEPIDOPTERA,YPONOMEUTIDAE,7/12/93,7/14/93,2
LEPIDOPTERA,YPONOMEUTIDAE,7/5/93,7/7/93,2
LEPIDOPTERA,YPONOMEUTIDAE,7/8/93,7/11/93,10
LEPIDOPTERA,YPONOMEUTIDAE,8/26/93,8/31/93,6
LEPIDOPTERA,YPONOMEUTIDAE,9/1/93,9/5/93,10
LEPIDOPTERA,YPONOMEUTIDAE,9/16/93,9/21/93,4
LEPIDOPTERA,YPONOMEUTIDAE,9/22/93,9/30/93,1
