order,family,date1,date2,individuals
COLEOPTERA,ADERIDAE,7/15/94,7/17/94,1
COLEOPTERA,ANOBIIDAE,5/30/94,6/7/94,3
COLEOPTERA,ANOBIIDAE,6/8/94,6/13/94,3
COLEOPTERA,ANOBIIDAE,7/7/94,7/11/94,1
COLEOPTERA,BOSTRICHIDAE,7/20/94,7/21/94,1
COLEOPTERA,CANTHARIDAE,5/30/94,6/7/94,3
COLEOPTERA,CANTHARIDAE,6/24/94,6/28/94,1
COLEOPTERA,CANTHARIDAE,6/8/94,6/13/94,1
COLEOPTERA,CANTHARIDAE,7/12/94,7/14/94,2
COLEOPTERA,CANTHARIDAE,7/20/94,7/21/94,2
COLEOPTERA,CANTHARIDAE,7/22/94,7/24/94,1
COLEOPTERA,CANTHARIDAE,7/25/94,7/26/94,1
COLEOPTERA,CANTHARIDAE,7/27/94,7/27/94,2
COLEOPTERA,CANTHARIDAE,7/7/94,7/11/94,2
COLEOPTERA,CARABIDAE,6/24/94,6/28/94,4
COLEOPTERA,CARABIDAE,6/29/94,7/3/94,1
COLEOPTERA,CARABIDAE,7/12/94,7/14/94,16
COLEOPTERA,CARABIDAE,7/15/94,7/17/94,9
COLEOPTERA,CARABIDAE,7/18/94,7/19/94,6
COLEOPTERA,CARABIDAE,7/20/94,7/21/94,3
COLEOPTERA,CARABIDAE,7/22/94,7/24/94,26
COLEOPTERA,CARABIDAE,7/25/94,7/26/94,15
COLEOPTERA,CARABIDAE,7/27/94,7/27/94,43
COLEOPTERA,CARABIDAE,7/28/94,7/28/94,2
COLEOPTERA,CARABIDAE,7/29/94,7/31/94,6
COLEOPTERA,CARABIDAE,7/7/94,7/11/94,9
COLEOPTERA,CARABIDAE,8/1/94,8/1/94,3
COLEOPTERA,CARABIDAE,8/10/94,8/11/94,3
COLEOPTERA,CARABIDAE,8/12/94,8/21/94,12
COLEOPTERA,CARABIDAE,8/2/94,8/4/94,151
COLEOPTERA,CARABIDAE,8/22/94,8/25/94,24
COLEOPTERA,CARABIDAE,8/26/94,8/31/94,12
COLEOPTERA,CARABIDAE,8/5/94,8/7/94,4
COLEOPTERA,CARABIDAE,8/8/94,8/9/94,56
COLEOPTERA,CARABIDAE,9/1/94,9/13/94,19
COLEOPTERA,CARABIDAE,9/14/94,9/28/94,1
COLEOPTERA,CERAMBYCIDAE,7/15/94,7/17/94,1
COLEOPTERA,CERAMBYCIDAE,7/7/94,7/11/94,2
COLEOPTERA,COCCINELLIDAE,4/7/94,4/17/94,1
COLEOPTERA,COCCINELLIDAE,7/12/94,7/14/94,6
COLEOPTERA,COCCINELLIDAE,7/20/94,7/21/94,2
COLEOPTERA,COCCINELLIDAE,7/22/94,7/24/94,6
COLEOPTERA,COCCINELLIDAE,7/25/94,7/26/94,2
COLEOPTERA,COCCINELLIDAE,7/27/94,7/27/94,4
COLEOPTERA,COCCINELLIDAE,7/28/94,7/28/94,1
COLEOPTERA,COCCINELLIDAE,7/29/94,7/31/94,8
COLEOPTERA,COCCINELLIDAE,7/7/94,7/11/94,2
COLEOPTERA,COCCINELLIDAE,8/10/94,8/11/94,2
COLEOPTERA,COCCINELLIDAE,8/2/94,8/4/94,2
COLEOPTERA,COCCINELLIDAE,8/5/94,8/7/94,5
COLEOPTERA,COCCINELLIDAE,8/8/94,8/9/94,2
COLEOPTERA,CRYPTOPHAGIDAE,7/18/94,7/19/94,1
COLEOPTERA,CRYPTOPHAGIDAE,7/20/94,7/21/94,1
COLEOPTERA,CRYPTOPHAGIDAE,7/22/94,7/24/94,1
COLEOPTERA,CRYPTOPHAGIDAE,7/29/94,7/31/94,1
COLEOPTERA,CRYPTOPHAGIDAE,8/2/94,8/4/94,3
COLEOPTERA,CRYPTOPHAGIDAE,8/8/94,8/9/94,1
COLEOPTERA,CURCULIONIDAE,7/12/94,7/14/94,1
COLEOPTERA,CURCULIONIDAE,7/15/94,7/17/94,1
COLEOPTERA,CURCULIONIDAE,7/22/94,7/24/94,4
COLEOPTERA,CURCULIONIDAE,7/29/94,7/31/94,1
COLEOPTERA,CURCULIONIDAE,7/4/94,7/6/94,1
COLEOPTERA,CURCULIONIDAE,8/8/94,8/9/94,1
COLEOPTERA,DERMESTIDAE,4/18/94,5/2/94,3
COLEOPTERA,DERMESTIDAE,5/10/94,5/18/94,1
COLEOPTERA,DERMESTIDAE,5/30/94,6/7/94,1
COLEOPTERA,DERMESTIDAE,6/24/94,6/28/94,3
COLEOPTERA,DERMESTIDAE,6/29/94,7/3/94,3
COLEOPTERA,DERMESTIDAE,6/8/94,6/13/94,5
COLEOPTERA,DERMESTIDAE,7/12/94,7/14/94,3
COLEOPTERA,DERMESTIDAE,7/15/94,7/17/94,2
COLEOPTERA,DERMESTIDAE,7/18/94,7/19/94,3
COLEOPTERA,DERMESTIDAE,7/22/94,7/24/94,1
COLEOPTERA,DERMESTIDAE,7/29/94,7/31/94,2
COLEOPTERA,DERMESTIDAE,7/4/94,7/6/94,1
COLEOPTERA,DERMESTIDAE,7/7/94,7/11/94,2
COLEOPTERA,DERMESTIDAE,8/2/94,8/4/94,1
COLEOPTERA,DERMESTIDAE,8/5/94,8/7/94,5
COLEOPTERA,DERMESTIDAE,8/8/94,8/9/94,1
COLEOPTERA,DERMESTIDAE,9/14/94,9/28/94,1
COLEOPTERA,DYTISCIDAE,6/24/94,6/28/94,3
COLEOPTERA,DYTISCIDAE,7/12/94,7/14/94,4
COLEOPTERA,DYTISCIDAE,7/20/94,7/21/94,2
COLEOPTERA,DYTISCIDAE,7/22/94,7/24/94,1
COLEOPTERA,DYTISCIDAE,7/25/94,7/26/94,4
COLEOPTERA,DYTISCIDAE,7/28/94,7/28/94,2
COLEOPTERA,DYTISCIDAE,7/29/94,7/31/94,2
COLEOPTERA,DYTISCIDAE,7/4/94,7/6/94,1
COLEOPTERA,DYTISCIDAE,8/10/94,8/11/94,2
COLEOPTERA,DYTISCIDAE,8/2/94,8/4/94,2
COLEOPTERA,DYTISCIDAE,8/22/94,8/25/94,1
COLEOPTERA,DYTISCIDAE,8/5/94,8/7/94,3
COLEOPTERA,DYTISCIDAE,9/1/94,9/13/94,1
COLEOPTERA,ELATERIDAE,6/24/94,6/28/94,1
COLEOPTERA,ELATERIDAE,7/12/94,7/14/94,4
COLEOPTERA,ELATERIDAE,7/15/94,7/17/94,1
COLEOPTERA,ELATERIDAE,7/20/94,7/21/94,1
COLEOPTERA,ELATERIDAE,7/22/94,7/24/94,1
COLEOPTERA,ELATERIDAE,7/27/94,7/27/94,1
COLEOPTERA,ELATERIDAE,7/29/94,7/31/94,2
COLEOPTERA,HALIPLIDAE,8/2/94,8/4/94,1
COLEOPTERA,HELOPHORIDAE,6/24/94,6/28/94,4
COLEOPTERA,HELOPHORIDAE,6/29/94,7/3/94,1
COLEOPTERA,HELOPHORIDAE,6/8/94,6/13/94,1
COLEOPTERA,HELOPHORIDAE,7/12/94,7/14/94,2
COLEOPTERA,HETEROCERIDAE,6/24/94,6/28/94,1
COLEOPTERA,HETEROCERIDAE,7/12/94,7/14/94,5
COLEOPTERA,HETEROCERIDAE,7/15/94,7/17/94,1
COLEOPTERA,HETEROCERIDAE,7/18/94,7/19/94,3
COLEOPTERA,HETEROCERIDAE,7/20/94,7/21/94,3
COLEOPTERA,HETEROCERIDAE,7/22/94,7/24/94,1
COLEOPTERA,HETEROCERIDAE,7/27/94,7/27/94,2
COLEOPTERA,HETEROCERIDAE,7/29/94,7/31/94,1
COLEOPTERA,HETEROCERIDAE,8/10/94,8/11/94,2
COLEOPTERA,HETEROCERIDAE,8/2/94,8/4/94,2
COLEOPTERA,HYDRAENIDAE,7/20/94,7/21/94,1
COLEOPTERA,HYDRAENIDAE,8/2/94,8/4/94,1
COLEOPTERA,HYDRAENIDAE,8/22/94,8/25/94,2
COLEOPTERA,HYDROCHIDAE,8/5/94,8/7/94,1
COLEOPTERA,HYDROPHILIDAE,6/24/94,6/28/94,8
COLEOPTERA,HYDROPHILIDAE,6/29/94,7/3/94,2
COLEOPTERA,HYDROPHILIDAE,7/12/94,7/14/94,33
COLEOPTERA,HYDROPHILIDAE,7/15/94,7/17/94,9
COLEOPTERA,HYDROPHILIDAE,7/18/94,7/19/94,4
COLEOPTERA,HYDROPHILIDAE,7/20/94,7/21/94,24
COLEOPTERA,HYDROPHILIDAE,7/22/94,7/24/94,13
COLEOPTERA,HYDROPHILIDAE,7/25/94,7/26/94,14
COLEOPTERA,HYDROPHILIDAE,7/27/94,7/27/94,12
COLEOPTERA,HYDROPHILIDAE,7/28/94,7/28/94,8
COLEOPTERA,HYDROPHILIDAE,7/29/94,7/31/94,3
COLEOPTERA,HYDROPHILIDAE,7/4/94,7/6/94,1
COLEOPTERA,HYDROPHILIDAE,7/7/94,7/11/94,20
COLEOPTERA,HYDROPHILIDAE,8/10/94,8/11/94,9
COLEOPTERA,HYDROPHILIDAE,8/12/94,8/21/94,6
COLEOPTERA,HYDROPHILIDAE,8/2/94,8/4/94,47
COLEOPTERA,HYDROPHILIDAE,8/22/94,8/25/94,14
COLEOPTERA,HYDROPHILIDAE,8/5/94,8/7/94,5
COLEOPTERA,HYDROPHILIDAE,8/8/94,8/9/94,14
COLEOPTERA,HYDROPHILIDAE,9/1/94,9/13/94,2
COLEOPTERA,HYDROPHILIDAE,9/14/94,9/28/94,1
COLEOPTERA,LEIODIDAE,8/8/94,8/9/94,1
COLEOPTERA,MELYRIDAE,5/30/94,6/7/94,1
COLEOPTERA,MELYRIDAE,6/24/94,6/28/94,4
COLEOPTERA,MELYRIDAE,6/29/94,7/3/94,2
COLEOPTERA,MELYRIDAE,6/8/94,6/13/94,2
COLEOPTERA,MELYRIDAE,7/12/94,7/14/94,2
COLEOPTERA,MELYRIDAE,7/22/94,7/24/94,1
COLEOPTERA,MELYRIDAE,7/7/94,7/11/94,2
COLEOPTERA,MONOTOMIDAE,7/12/94,7/14/94,2
COLEOPTERA,MONOTOMIDAE,7/20/94,7/21/94,1
COLEOPTERA,MONOTOMIDAE,7/22/94,7/24/94,1
COLEOPTERA,MONOTOMIDAE,7/25/94,7/26/94,1
COLEOPTERA,MONOTOMIDAE,7/27/94,7/27/94,1
COLEOPTERA,MONOTOMIDAE,7/29/94,7/31/94,1
COLEOPTERA,MONOTOMIDAE,8/10/94,8/11/94,1
COLEOPTERA,MONOTOMIDAE,8/2/94,8/4/94,3
COLEOPTERA,MONOTOMIDAE,8/5/94,8/7/94,1
COLEOPTERA,MONOTOMIDAE,8/8/94,8/9/94,3
COLEOPTERA,NITIDULIDAE,7/22/94,7/24/94,1
COLEOPTERA,NITIDULIDAE,7/27/94,7/27/94,2
COLEOPTERA,NITIDULIDAE,8/2/94,8/4/94,1
COLEOPTERA,SALPINGIDAE,8/22/94,8/25/94,1
COLEOPTERA,SCARABAEIDAE,6/24/94,6/28/94,2
COLEOPTERA,SCARABAEIDAE,7/12/94,7/14/94,2
COLEOPTERA,SCARABAEIDAE,7/18/94,7/19/94,3
COLEOPTERA,SCARABAEIDAE,7/4/94,7/6/94,1
COLEOPTERA,SCARABAEIDAE,7/7/94,7/11/94,2
COLEOPTERA,SCARABAEIDAE,8/26/94,8/31/94,1
COLEOPTERA,SCARABAEIDAE,9/1/94,9/13/94,2
COLEOPTERA,SCIRTIDAE,6/24/94,6/28/94,2
COLEOPTERA,SCIRTIDAE,7/12/94,7/14/94,1
COLEOPTERA,SCIRTIDAE,7/18/94,7/19/94,1
COLEOPTERA,SCIRTIDAE,7/20/94,7/21/94,2
COLEOPTERA,SCIRTIDAE,7/22/94,7/24/94,1
COLEOPTERA,SCIRTIDAE,7/27/94,7/27/94,1
COLEOPTERA,SCIRTIDAE,7/29/94,7/31/94,2
COLEOPTERA,SCIRTIDAE,7/7/94,7/11/94,2
COLEOPTERA,SCIRTIDAE,8/1/94,8/1/94,1
COLEOPTERA,SCIRTIDAE,8/12/94,8/21/94,1
COLEOPTERA,SCIRTIDAE,8/2/94,8/4/94,1
COLEOPTERA,SCIRTIDAE,8/5/94,8/7/94,1
COLEOPTERA,SCRAPTIIDAE,5/30/94,6/7/94,1
COLEOPTERA,SCRAPTIIDAE,6/14/94,6/23/94,2
COLEOPTERA,SCRAPTIIDAE,6/8/94,6/13/94,1
COLEOPTERA,SCRAPTIIDAE,7/4/94,7/6/94,1
COLEOPTERA,SILPHIDAE,8/5/94,8/7/94,1
COLEOPTERA,STAPHYLINIDAE,6/24/94,6/28/94,5
COLEOPTERA,STAPHYLINIDAE,6/29/94,7/3/94,1
COLEOPTERA,STAPHYLINIDAE,6/8/94,6/13/94,2
COLEOPTERA,STAPHYLINIDAE,7/12/94,7/14/94,138
COLEOPTERA,STAPHYLINIDAE,7/15/94,7/17/94,12
COLEOPTERA,STAPHYLINIDAE,7/18/94,7/19/94,3
COLEOPTERA,STAPHYLINIDAE,7/20/94,7/21/94,18
COLEOPTERA,STAPHYLINIDAE,7/22/94,7/24/94,46
COLEOPTERA,STAPHYLINIDAE,7/25/94,7/26/94,34
COLEOPTERA,STAPHYLINIDAE,7/27/94,7/27/94,57
COLEOPTERA,STAPHYLINIDAE,7/28/94,7/28/94,14
COLEOPTERA,STAPHYLINIDAE,7/29/94,7/31/94,58
COLEOPTERA,STAPHYLINIDAE,7/7/94,7/11/94,2
COLEOPTERA,STAPHYLINIDAE,8/1/94,8/1/94,6
COLEOPTERA,STAPHYLINIDAE,8/10/94,8/11/94,7
COLEOPTERA,STAPHYLINIDAE,8/12/94,8/21/94,1
COLEOPTERA,STAPHYLINIDAE,8/2/94,8/4/94,31
COLEOPTERA,STAPHYLINIDAE,8/22/94,8/25/94,5
COLEOPTERA,STAPHYLINIDAE,8/5/94,8/7/94,4
COLEOPTERA,STAPHYLINIDAE,8/8/94,8/9/94,26
COLEOPTERA,STAPHYLINIDAE,9/14/94,9/28/94,2
COLEOPTERA,TENEBRIONIDAE,7/15/94,7/17/94,1
COLEOPTERA,TENEBRIONIDAE,7/18/94,7/19/94,1
COLEOPTERA,TENEBRIONIDAE,7/22/94,7/24/94,1
COLEOPTERA,TENEBRIONIDAE,7/27/94,7/27/94,1
COLEOPTERA,TENEBRIONIDAE,7/7/94,7/11/94,1
COLEOPTERA,THROSCIDAE,6/24/94,6/28/94,1
COLEOPTERA,THROSCIDAE,7/29/94,7/31/94,1
LEPIDOPTERA,ACROLEPIIDAE,8/12/94,8/21/94,1
LEPIDOPTERA,ACROLEPIIDAE,8/22/94,8/25/94,1
LEPIDOPTERA,AGONOXENIDAE,6/24/94,6/28/94,4
LEPIDOPTERA,AGONOXENIDAE,7/15/94,7/17/94,1
LEPIDOPTERA,AGONOXENIDAE,7/20/94,7/21/94,3
LEPIDOPTERA,AGONOXENIDAE,7/22/94,7/24/94,1
LEPIDOPTERA,AGONOXENIDAE,7/4/94,7/6/94,2
LEPIDOPTERA,AGONOXENIDAE,7/7/94,7/11/94,1
LEPIDOPTERA,AGONOXENIDAE,8/5/94,8/7/94,1
LEPIDOPTERA,ALUCITIDAE,6/8/94,6/13/94,1
LEPIDOPTERA,ARCTIIDAE,7/12/94,7/14/94,2
LEPIDOPTERA,ARCTIIDAE,7/20/94,7/21/94,1
LEPIDOPTERA,ARCTIIDAE,7/27/94,7/27/94,1
LEPIDOPTERA,ARCTIIDAE,8/10/94,8/11/94,1
LEPIDOPTERA,BATRACHEDRIDAE,7/12/94,7/14/94,2
LEPIDOPTERA,BATRACHEDRIDAE,7/15/94,7/17/94,5
LEPIDOPTERA,BATRACHEDRIDAE,7/18/94,7/19/94,2
LEPIDOPTERA,BATRACHEDRIDAE,7/20/94,7/21/94,1
LEPIDOPTERA,BATRACHEDRIDAE,7/22/94,7/24/94,5
LEPIDOPTERA,BATRACHEDRIDAE,7/25/94,7/26/94,2
LEPIDOPTERA,BATRACHEDRIDAE,7/27/94,7/27/94,6
LEPIDOPTERA,BATRACHEDRIDAE,7/28/94,7/28/94,2
LEPIDOPTERA,BATRACHEDRIDAE,7/29/94,7/31/94,11
LEPIDOPTERA,BATRACHEDRIDAE,7/7/94,7/11/94,3
LEPIDOPTERA,BATRACHEDRIDAE,8/10/94,8/11/94,1
LEPIDOPTERA,BATRACHEDRIDAE,8/12/94,8/21/94,7
LEPIDOPTERA,BATRACHEDRIDAE,8/2/94,8/4/94,10
LEPIDOPTERA,BATRACHEDRIDAE,8/22/94,8/25/94,1
LEPIDOPTERA,BATRACHEDRIDAE,8/5/94,8/7/94,12
LEPIDOPTERA,BATRACHEDRIDAE,8/8/94,8/9/94,5
LEPIDOPTERA,BUCCULATRICIDAE,6/8/94,6/13/94,1
LEPIDOPTERA,BUCCULATRICIDAE,7/25/94,7/26/94,2
LEPIDOPTERA,BUCCULATRICIDAE,8/22/94,8/25/94,1
LEPIDOPTERA,COLEOPHORIDAE,6/14/94,6/23/94,1
LEPIDOPTERA,COLEOPHORIDAE,6/24/94,6/28/94,16
LEPIDOPTERA,COLEOPHORIDAE,6/8/94,6/13/94,1
LEPIDOPTERA,COLEOPHORIDAE,7/12/94,7/14/94,12
LEPIDOPTERA,COLEOPHORIDAE,7/15/94,7/17/94,15
LEPIDOPTERA,COLEOPHORIDAE,7/18/94,7/19/94,12
LEPIDOPTERA,COLEOPHORIDAE,7/20/94,7/21/94,13
LEPIDOPTERA,COLEOPHORIDAE,7/22/94,7/24/94,3
LEPIDOPTERA,COLEOPHORIDAE,7/25/94,7/26/94,4
LEPIDOPTERA,COLEOPHORIDAE,7/27/94,7/27/94,1
LEPIDOPTERA,COLEOPHORIDAE,7/29/94,7/31/94,3
LEPIDOPTERA,COLEOPHORIDAE,7/4/94,7/6/94,1
LEPIDOPTERA,COLEOPHORIDAE,7/7/94,7/11/94,11
LEPIDOPTERA,COLEOPHORIDAE,8/1/94,8/1/94,1
LEPIDOPTERA,COLEOPHORIDAE,8/2/94,8/4/94,1
LEPIDOPTERA,COLEOPHORIDAE,8/5/94,8/7/94,1
LEPIDOPTERA,COLEOPHORIDAE,9/1/94,9/13/94,4
LEPIDOPTERA,COLEOPHORIDAE,9/14/94,9/28/94,1
LEPIDOPTERA,COSMOPTERIGIDAE,7/12/94,7/14/94,2
LEPIDOPTERA,COSSIDAE,7/12/94,7/14/94,2
LEPIDOPTERA,COSSIDAE,7/7/94,7/11/94,1
LEPIDOPTERA,DEPRESSARIIDAE,7/15/94,7/17/94,1
LEPIDOPTERA,DREPANIDAE,7/15/94,7/17/94,1
LEPIDOPTERA,DREPANIDAE,7/18/94,7/19/94,1
LEPIDOPTERA,DREPANIDAE,7/20/94,7/21/94,1
LEPIDOPTERA,DREPANIDAE,7/7/94,7/11/94,1
LEPIDOPTERA,ELACHISTIDAE,6/24/94,6/28/94,1
LEPIDOPTERA,EPERMENIIDAE,7/7/94,7/11/94,1
LEPIDOPTERA,GELECHIIDAE,6/24/94,6/28/94,2
LEPIDOPTERA,GELECHIIDAE,6/29/94,7/3/94,5
LEPIDOPTERA,GELECHIIDAE,6/8/94,6/13/94,1
LEPIDOPTERA,GELECHIIDAE,7/12/94,7/14/94,14
LEPIDOPTERA,GELECHIIDAE,7/15/94,7/17/94,17
LEPIDOPTERA,GELECHIIDAE,7/18/94,7/19/94,10
LEPIDOPTERA,GELECHIIDAE,7/20/94,7/21/94,29
LEPIDOPTERA,GELECHIIDAE,7/22/94,7/24/94,15
LEPIDOPTERA,GELECHIIDAE,7/25/94,7/26/94,18
LEPIDOPTERA,GELECHIIDAE,7/27/94,7/27/94,9
LEPIDOPTERA,GELECHIIDAE,7/28/94,7/28/94,6
LEPIDOPTERA,GELECHIIDAE,7/29/94,7/31/94,31
LEPIDOPTERA,GELECHIIDAE,7/4/94,7/6/94,7
LEPIDOPTERA,GELECHIIDAE,7/7/94,7/11/94,10
LEPIDOPTERA,GELECHIIDAE,8/1/94,8/1/94,11
LEPIDOPTERA,GELECHIIDAE,8/12/94,8/21/94,3
LEPIDOPTERA,GELECHIIDAE,8/2/94,8/4/94,9
LEPIDOPTERA,GELECHIIDAE,8/5/94,8/7/94,10
LEPIDOPTERA,GELECHIIDAE,8/8/94,8/9/94,7
LEPIDOPTERA,GELECHIIDAE,9/1/94,9/13/94,1
LEPIDOPTERA,GEOMETRIDAE,4/18/94,5/2/94,1
LEPIDOPTERA,GEOMETRIDAE,5/10/94,5/18/94,7
LEPIDOPTERA,GEOMETRIDAE,5/19/94,5/29/94,7
LEPIDOPTERA,GEOMETRIDAE,5/3/94,5/9/94,1
LEPIDOPTERA,GEOMETRIDAE,5/30/94,6/7/94,13
LEPIDOPTERA,GEOMETRIDAE,6/14/94,6/23/94,14
LEPIDOPTERA,GEOMETRIDAE,6/24/94,6/28/94,22
LEPIDOPTERA,GEOMETRIDAE,6/29/94,7/3/94,12
LEPIDOPTERA,GEOMETRIDAE,6/8/94,6/13/94,32
LEPIDOPTERA,GEOMETRIDAE,7/12/94,7/14/94,16
LEPIDOPTERA,GEOMETRIDAE,7/15/94,7/17/94,23
LEPIDOPTERA,GEOMETRIDAE,7/18/94,7/19/94,15
LEPIDOPTERA,GEOMETRIDAE,7/20/94,7/21/94,24
LEPIDOPTERA,GEOMETRIDAE,7/22/94,7/24/94,16
LEPIDOPTERA,GEOMETRIDAE,7/25/94,7/26/94,15
LEPIDOPTERA,GEOMETRIDAE,7/27/94,7/27/94,7
LEPIDOPTERA,GEOMETRIDAE,7/29/94,7/31/94,20
LEPIDOPTERA,GEOMETRIDAE,7/4/94,7/6/94,30
LEPIDOPTERA,GEOMETRIDAE,7/7/94,7/11/94,49
LEPIDOPTERA,GEOMETRIDAE,8/1/94,8/1/94,3
LEPIDOPTERA,GEOMETRIDAE,8/12/94,8/21/94,11
LEPIDOPTERA,GEOMETRIDAE,8/2/94,8/4/94,18
LEPIDOPTERA,GEOMETRIDAE,8/22/94,8/25/94,4
LEPIDOPTERA,GEOMETRIDAE,8/26/94,8/31/94,3
LEPIDOPTERA,GEOMETRIDAE,8/5/94,8/7/94,18
LEPIDOPTERA,GEOMETRIDAE,8/8/94,8/9/94,20
LEPIDOPTERA,GEOMETRIDAE,9/1/94,9/13/94,9
LEPIDOPTERA,GEOMETRIDAE,9/14/94,9/28/94,7
LEPIDOPTERA,GEOMETRIDAE,9/30/94,11/1/94,3
LEPIDOPTERA,GRACILLARIIDAE,4/18/94,5/2/94,4
LEPIDOPTERA,GRACILLARIIDAE,5/10/94,5/18/94,6
LEPIDOPTERA,GRACILLARIIDAE,5/19/94,5/29/94,7
LEPIDOPTERA,GRACILLARIIDAE,5/3/94,5/9/94,1
LEPIDOPTERA,GRACILLARIIDAE,5/30/94,6/7/94,21
LEPIDOPTERA,GRACILLARIIDAE,6/24/94,6/28/94,2
LEPIDOPTERA,GRACILLARIIDAE,6/29/94,7/3/94,2
LEPIDOPTERA,GRACILLARIIDAE,6/8/94,6/13/94,10
LEPIDOPTERA,GRACILLARIIDAE,7/12/94,7/14/94,2
LEPIDOPTERA,GRACILLARIIDAE,7/15/94,7/17/94,6
LEPIDOPTERA,GRACILLARIIDAE,7/18/94,7/19/94,19
LEPIDOPTERA,GRACILLARIIDAE,7/20/94,7/21/94,28
LEPIDOPTERA,GRACILLARIIDAE,7/22/94,7/24/94,26
LEPIDOPTERA,GRACILLARIIDAE,7/25/94,7/26/94,21
LEPIDOPTERA,GRACILLARIIDAE,7/27/94,7/27/94,17
LEPIDOPTERA,GRACILLARIIDAE,7/28/94,7/28/94,3
LEPIDOPTERA,GRACILLARIIDAE,7/29/94,7/31/94,38
LEPIDOPTERA,GRACILLARIIDAE,7/4/94,7/6/94,2
LEPIDOPTERA,GRACILLARIIDAE,7/7/94,7/11/94,6
LEPIDOPTERA,GRACILLARIIDAE,8/1/94,8/1/94,1
LEPIDOPTERA,GRACILLARIIDAE,8/12/94,8/21/94,10
LEPIDOPTERA,GRACILLARIIDAE,8/2/94,8/4/94,17
LEPIDOPTERA,GRACILLARIIDAE,8/22/94,8/25/94,4
LEPIDOPTERA,GRACILLARIIDAE,8/26/94,8/31/94,10
LEPIDOPTERA,GRACILLARIIDAE,8/5/94,8/7/94,25
LEPIDOPTERA,GRACILLARIIDAE,8/8/94,8/9/94,15
LEPIDOPTERA,GRACILLARIIDAE,9/1/94,9/13/94,7
LEPIDOPTERA,GRACILLARIIDAE,9/14/94,9/28/94,1
LEPIDOPTERA,GRACILLARIIDAE,9/30/94,11/1/94,2
LEPIDOPTERA,HEPIALIDAE,5/30/94,6/7/94,2
LEPIDOPTERA,HEPIALIDAE,6/14/94,6/23/94,2
LEPIDOPTERA,LYMANTRIIDAE,6/24/94,6/28/94,1
LEPIDOPTERA,LYONETIDAE,6/24/94,6/28/94,1
LEPIDOPTERA,LYONETIDAE,7/20/94,7/21/94,1
LEPIDOPTERA,LYONETIDAE,7/29/94,7/31/94,1
LEPIDOPTERA,LYONETIDAE,7/4/94,7/6/94,1
LEPIDOPTERA,LYONETIDAE,7/7/94,7/11/94,1
LEPIDOPTERA,LYONETIDAE,8/12/94,8/21/94,3
LEPIDOPTERA,LYONETIDAE,8/5/94,8/7/94,1
LEPIDOPTERA,LYONETIDAE,8/8/94,8/9/94,2
LEPIDOPTERA,LYONETIDAE,9/1/94,9/13/94,1
LEPIDOPTERA,LYONETIDAE,9/14/94,9/28/94,1
LEPIDOPTERA,MOMPHIDAE,8/5/94,8/7/94,1
LEPIDOPTERA,NEPTICULIDAE,5/30/94,6/7/94,8
LEPIDOPTERA,NEPTICULIDAE,6/14/94,6/23/94,4
LEPIDOPTERA,NEPTICULIDAE,6/24/94,6/28/94,281
LEPIDOPTERA,NEPTICULIDAE,6/29/94,7/3/94,20
LEPIDOPTERA,NEPTICULIDAE,6/8/94,6/13/94,11
LEPIDOPTERA,NEPTICULIDAE,7/15/94,7/17/94,2
LEPIDOPTERA,NEPTICULIDAE,7/18/94,7/19/94,2
LEPIDOPTERA,NEPTICULIDAE,7/20/94,7/21/94,1
LEPIDOPTERA,NEPTICULIDAE,7/22/94,7/24/94,3
LEPIDOPTERA,NEPTICULIDAE,7/25/94,7/26/94,1
LEPIDOPTERA,NEPTICULIDAE,7/27/94,7/27/94,4
LEPIDOPTERA,NEPTICULIDAE,7/28/94,7/28/94,1
LEPIDOPTERA,NEPTICULIDAE,7/29/94,7/31/94,5
LEPIDOPTERA,NEPTICULIDAE,7/4/94,7/6/94,4
LEPIDOPTERA,NEPTICULIDAE,7/7/94,7/11/94,2
LEPIDOPTERA,NEPTICULIDAE,8/12/94,8/21/94,3
LEPIDOPTERA,NEPTICULIDAE,8/2/94,8/4/94,1
LEPIDOPTERA,NEPTICULIDAE,8/5/94,8/7/94,7
LEPIDOPTERA,NEPTICULIDAE,8/8/94,8/9/94,5
LEPIDOPTERA,NOCTUIDAE,3/25/94,4/6/94,7
LEPIDOPTERA,NOCTUIDAE,4/18/94,5/2/94,41
LEPIDOPTERA,NOCTUIDAE,4/7/94,4/17/94,9
LEPIDOPTERA,NOCTUIDAE,5/10/94,5/18/94,5
LEPIDOPTERA,NOCTUIDAE,5/19/94,5/29/94,12
LEPIDOPTERA,NOCTUIDAE,5/30/94,6/7/94,33
LEPIDOPTERA,NOCTUIDAE,6/14/94,6/23/94,60
LEPIDOPTERA,NOCTUIDAE,6/24/94,6/28/94,72
LEPIDOPTERA,NOCTUIDAE,6/29/94,7/3/94,70
LEPIDOPTERA,NOCTUIDAE,6/8/94,6/13/94,57
LEPIDOPTERA,NOCTUIDAE,7/12/94,7/14/94,70
LEPIDOPTERA,NOCTUIDAE,7/15/94,7/17/94,107
LEPIDOPTERA,NOCTUIDAE,7/18/94,7/19/94,87
LEPIDOPTERA,NOCTUIDAE,7/20/94,7/21/94,72
LEPIDOPTERA,NOCTUIDAE,7/22/94,7/24/94,66
LEPIDOPTERA,NOCTUIDAE,7/25/94,7/26/94,57
LEPIDOPTERA,NOCTUIDAE,7/27/94,7/27/94,31
LEPIDOPTERA,NOCTUIDAE,7/28/94,7/28/94,7
LEPIDOPTERA,NOCTUIDAE,7/29/94,7/31/94,147
LEPIDOPTERA,NOCTUIDAE,7/4/94,7/6/94,59
LEPIDOPTERA,NOCTUIDAE,7/7/94,7/11/94,148
LEPIDOPTERA,NOCTUIDAE,8/1/94,8/1/94,16
LEPIDOPTERA,NOCTUIDAE,8/10/94,8/11/94,74
LEPIDOPTERA,NOCTUIDAE,8/12/94,8/21/94,179
LEPIDOPTERA,NOCTUIDAE,8/2/94,8/4/94,221
LEPIDOPTERA,NOCTUIDAE,8/22/94,8/25/94,45
LEPIDOPTERA,NOCTUIDAE,8/26/94,8/31/94,112
LEPIDOPTERA,NOCTUIDAE,8/5/94,8/7/94,229
LEPIDOPTERA,NOCTUIDAE,8/8/94,8/9/94,348
LEPIDOPTERA,NOCTUIDAE,9/1/94,9/13/94,127
LEPIDOPTERA,NOCTUIDAE,9/14/94,9/28/94,81
LEPIDOPTERA,NOCTUIDAE,9/30/94,11/1/94,19
LEPIDOPTERA,NOLIDAE,4/18/94,5/2/94,1
LEPIDOPTERA,NOLIDAE,7/12/94,7/14/94,4
LEPIDOPTERA,NOLIDAE,7/15/94,7/17/94,1
LEPIDOPTERA,NOLIDAE,7/27/94,7/27/94,1
LEPIDOPTERA,NOLIDAE,7/4/94,7/6/94,1
LEPIDOPTERA,NOLIDAE,7/7/94,7/11/94,1
LEPIDOPTERA,NOLIDAE,8/26/94,8/31/94,1
LEPIDOPTERA,NOTODONTIDAE,5/30/94,6/7/94,1
LEPIDOPTERA,NOTODONTIDAE,6/8/94,6/13/94,1
LEPIDOPTERA,NOTODONTIDAE,7/29/94,7/31/94,2
LEPIDOPTERA,NOTODONTIDAE,7/4/94,7/6/94,1
LEPIDOPTERA,NOTODONTIDAE,8/12/94,8/21/94,2
LEPIDOPTERA,NOTODONTIDAE,8/2/94,8/4/94,1
LEPIDOPTERA,OECOPHORIDAE,4/18/94,5/2/94,1
LEPIDOPTERA,OECOPHORIDAE,5/10/94,5/18/94,1
LEPIDOPTERA,OECOPHORIDAE,5/19/94,5/29/94,2
LEPIDOPTERA,OECOPHORIDAE,5/30/94,6/7/94,6
LEPIDOPTERA,OECOPHORIDAE,6/14/94,6/23/94,5
LEPIDOPTERA,OECOPHORIDAE,6/24/94,6/28/94,23
LEPIDOPTERA,OECOPHORIDAE,6/29/94,7/3/94,5
LEPIDOPTERA,OECOPHORIDAE,6/8/94,6/13/94,9
LEPIDOPTERA,OECOPHORIDAE,7/12/94,7/14/94,2
LEPIDOPTERA,OECOPHORIDAE,7/15/94,7/17/94,7
LEPIDOPTERA,OECOPHORIDAE,7/18/94,7/19/94,10
LEPIDOPTERA,OECOPHORIDAE,7/20/94,7/21/94,5
LEPIDOPTERA,OECOPHORIDAE,7/22/94,7/24/94,25
LEPIDOPTERA,OECOPHORIDAE,7/25/94,7/26/94,14
LEPIDOPTERA,OECOPHORIDAE,7/27/94,7/27/94,29
LEPIDOPTERA,OECOPHORIDAE,7/28/94,7/28/94,4
LEPIDOPTERA,OECOPHORIDAE,7/29/94,7/31/94,37
LEPIDOPTERA,OECOPHORIDAE,7/4/94,7/6/94,5
LEPIDOPTERA,OECOPHORIDAE,7/7/94,7/11/94,16
LEPIDOPTERA,OECOPHORIDAE,8/1/94,8/1/94,1
LEPIDOPTERA,OECOPHORIDAE,8/12/94,8/21/94,8
LEPIDOPTERA,OECOPHORIDAE,8/2/94,8/4/94,23
LEPIDOPTERA,OECOPHORIDAE,8/22/94,8/25/94,3
LEPIDOPTERA,OECOPHORIDAE,8/5/94,8/7/94,30
LEPIDOPTERA,OECOPHORIDAE,8/8/94,8/9/94,8
LEPIDOPTERA,OECOPHORIDAE,9/14/94,9/28/94,1
LEPIDOPTERA,OECOPHORIDAE,9/30/94,11/1/94,1
LEPIDOPTERA,PLUTELLIDAE,5/30/94,6/7/94,2
LEPIDOPTERA,PLUTELLIDAE,6/8/94,6/13/94,1
LEPIDOPTERA,PLUTELLIDAE,7/12/94,7/14/94,1
LEPIDOPTERA,PLUTELLIDAE,7/15/94,7/17/94,1
LEPIDOPTERA,PLUTELLIDAE,7/22/94,7/24/94,2
LEPIDOPTERA,PLUTELLIDAE,7/25/94,7/26/94,1
LEPIDOPTERA,PLUTELLIDAE,7/27/94,7/27/94,2
LEPIDOPTERA,PLUTELLIDAE,7/29/94,7/31/94,10
LEPIDOPTERA,PLUTELLIDAE,8/1/94,8/1/94,6
LEPIDOPTERA,PLUTELLIDAE,8/10/94,8/11/94,1
LEPIDOPTERA,PLUTELLIDAE,8/12/94,8/21/94,9
LEPIDOPTERA,PLUTELLIDAE,8/2/94,8/4/94,8
LEPIDOPTERA,PLUTELLIDAE,8/22/94,8/25/94,1
LEPIDOPTERA,PLUTELLIDAE,8/26/94,8/31/94,1
LEPIDOPTERA,PLUTELLIDAE,8/5/94,8/7/94,10
LEPIDOPTERA,PLUTELLIDAE,8/8/94,8/9/94,7
LEPIDOPTERA,PLUTELLIDAE,9/1/94,9/13/94,2
LEPIDOPTERA,PLUTELLIDAE,9/14/94,9/28/94,7
LEPIDOPTERA,PLUTELLIDAE,9/30/94,11/1/94,3
LEPIDOPTERA,PTEROPHORIDAE,7/22/94,7/24/94,1
LEPIDOPTERA,PYRALIDAE,4/18/94,5/2/94,1
LEPIDOPTERA,PYRALIDAE,5/10/94,5/18/94,1
LEPIDOPTERA,PYRALIDAE,5/30/94,6/7/94,1
LEPIDOPTERA,PYRALIDAE,6/24/94,6/28/94,7
LEPIDOPTERA,PYRALIDAE,6/29/94,7/3/94,5
LEPIDOPTERA,PYRALIDAE,6/8/94,6/13/94,2
LEPIDOPTERA,PYRALIDAE,7/12/94,7/14/94,66
LEPIDOPTERA,PYRALIDAE,7/15/94,7/17/94,106
LEPIDOPTERA,PYRALIDAE,7/18/94,7/19/94,83
LEPIDOPTERA,PYRALIDAE,7/20/94,7/21/94,98
LEPIDOPTERA,PYRALIDAE,7/22/94,7/24/94,117
LEPIDOPTERA,PYRALIDAE,7/25/94,7/26/94,82
LEPIDOPTERA,PYRALIDAE,7/27/94,7/27/94,57
LEPIDOPTERA,PYRALIDAE,7/28/94,7/28/94,4
LEPIDOPTERA,PYRALIDAE,7/29/94,7/31/94,100
LEPIDOPTERA,PYRALIDAE,7/4/94,7/6/94,13
LEPIDOPTERA,PYRALIDAE,7/7/94,7/11/94,52
LEPIDOPTERA,PYRALIDAE,8/1/94,8/1/94,4
LEPIDOPTERA,PYRALIDAE,8/10/94,8/11/94,1
LEPIDOPTERA,PYRALIDAE,8/12/94,8/21/94,5
LEPIDOPTERA,PYRALIDAE,8/2/94,8/4/94,63
LEPIDOPTERA,PYRALIDAE,8/22/94,8/25/94,1
LEPIDOPTERA,PYRALIDAE,8/26/94,8/31/94,3
LEPIDOPTERA,PYRALIDAE,8/5/94,8/7/94,44
LEPIDOPTERA,PYRALIDAE,8/8/94,8/9/94,21
LEPIDOPTERA,PYRALIDAE,9/1/94,9/13/94,4
LEPIDOPTERA,PYRALIDAE,9/14/94,9/28/94,2
LEPIDOPTERA,SPHINGIDAE,5/10/94,5/18/94,1
LEPIDOPTERA,SPHINGIDAE,5/30/94,6/7/94,1
LEPIDOPTERA,SPHINGIDAE,6/14/94,6/23/94,1
LEPIDOPTERA,SPHINGIDAE,7/4/94,7/6/94,1
LEPIDOPTERA,TINEIDAE,5/30/94,6/7/94,3
LEPIDOPTERA,TINEIDAE,6/24/94,6/28/94,3
LEPIDOPTERA,TINEIDAE,6/29/94,7/3/94,1
LEPIDOPTERA,TINEIDAE,6/8/94,6/13/94,1
LEPIDOPTERA,TINEIDAE,7/12/94,7/14/94,1
LEPIDOPTERA,TINEIDAE,7/15/94,7/17/94,1
LEPIDOPTERA,TINEIDAE,7/22/94,7/24/94,1
LEPIDOPTERA,TINEIDAE,7/25/94,7/26/94,1
LEPIDOPTERA,TINEIDAE,7/29/94,7/31/94,3
LEPIDOPTERA,TINEIDAE,7/7/94,7/11/94,5
LEPIDOPTERA,TINEIDAE,8/2/94,8/4/94,1
LEPIDOPTERA,TINEIDAE,8/26/94,8/31/94,1
LEPIDOPTERA,TINEIDAE,8/5/94,8/7/94,1
LEPIDOPTERA,TINEIDAE,8/8/94,8/9/94,2
LEPIDOPTERA,TINEIDAE,9/14/94,9/28/94,1
LEPIDOPTERA,TISCHERIIDAE,6/24/94,6/28/94,1
LEPIDOPTERA,TORTRICIDAE,4/18/94,5/2/94,1
LEPIDOPTERA,TORTRICIDAE,5/30/94,6/7/94,4
LEPIDOPTERA,TORTRICIDAE,6/14/94,6/23/94,4
LEPIDOPTERA,TORTRICIDAE,6/24/94,6/28/94,111
LEPIDOPTERA,TORTRICIDAE,6/29/94,7/3/94,92
LEPIDOPTERA,TORTRICIDAE,6/8/94,6/13/94,12
LEPIDOPTERA,TORTRICIDAE,7/12/94,7/14/94,127
LEPIDOPTERA,TORTRICIDAE,7/15/94,7/17/94,109
LEPIDOPTERA,TORTRICIDAE,7/18/94,7/19/94,126
LEPIDOPTERA,TORTRICIDAE,7/20/94,7/21/94,114
LEPIDOPTERA,TORTRICIDAE,7/22/94,7/24/94,252
LEPIDOPTERA,TORTRICIDAE,7/25/94,7/26/94,66
LEPIDOPTERA,TORTRICIDAE,7/27/94,7/27/94,72
LEPIDOPTERA,TORTRICIDAE,7/28/94,7/28/94,15
LEPIDOPTERA,TORTRICIDAE,7/29/94,7/31/94,126
LEPIDOPTERA,TORTRICIDAE,7/4/94,7/6/94,109
LEPIDOPTERA,TORTRICIDAE,7/7/94,7/11/94,245
LEPIDOPTERA,TORTRICIDAE,8/1/94,8/1/94,23
LEPIDOPTERA,TORTRICIDAE,8/10/94,8/11/94,4
LEPIDOPTERA,TORTRICIDAE,8/12/94,8/21/94,16
LEPIDOPTERA,TORTRICIDAE,8/2/94,8/4/94,73
LEPIDOPTERA,TORTRICIDAE,8/22/94,8/25/94,6
LEPIDOPTERA,TORTRICIDAE,8/26/94,8/31/94,6
LEPIDOPTERA,TORTRICIDAE,8/5/94,8/7/94,51
LEPIDOPTERA,TORTRICIDAE,8/8/94,8/9/94,29
LEPIDOPTERA,TORTRICIDAE,9/1/94,9/13/94,15
LEPIDOPTERA,TORTRICIDAE,9/14/94,9/28/94,12
LEPIDOPTERA,TORTRICIDAE,9/30/94,11/1/94,6
LEPIDOPTERA,YPONOMEUTIDAE,4/18/94,5/2/94,1
LEPIDOPTERA,YPONOMEUTIDAE,6/14/94,6/23/94,4
LEPIDOPTERA,YPONOMEUTIDAE,6/24/94,6/28/94,6
LEPIDOPTERA,YPONOMEUTIDAE,6/29/94,7/3/94,5
LEPIDOPTERA,YPONOMEUTIDAE,6/8/94,6/13/94,4
LEPIDOPTERA,YPONOMEUTIDAE,7/12/94,7/14/94,14
LEPIDOPTERA,YPONOMEUTIDAE,7/15/94,7/17/94,57
LEPIDOPTERA,YPONOMEUTIDAE,7/18/94,7/19/94,62
LEPIDOPTERA,YPONOMEUTIDAE,7/20/94,7/21/94,74
LEPIDOPTERA,YPONOMEUTIDAE,7/22/94,7/24/94,177
LEPIDOPTERA,YPONOMEUTIDAE,7/25/94,7/26/94,90
LEPIDOPTERA,YPONOMEUTIDAE,7/27/94,7/27/94,66
LEPIDOPTERA,YPONOMEUTIDAE,7/28/94,7/28/94,11
LEPIDOPTERA,YPONOMEUTIDAE,7/29/94,7/31/94,124
LEPIDOPTERA,YPONOMEUTIDAE,7/4/94,7/6/94,5
LEPIDOPTERA,YPONOMEUTIDAE,7/7/94,7/11/94,17
LEPIDOPTERA,YPONOMEUTIDAE,8/1/94,8/1/94,8
LEPIDOPTERA,YPONOMEUTIDAE,8/10/94,8/11/94,2
LEPIDOPTERA,YPONOMEUTIDAE,8/12/94,8/21/94,23
LEPIDOPTERA,YPONOMEUTIDAE,8/2/94,8/4/94,96
LEPIDOPTERA,YPONOMEUTIDAE,8/22/94,8/25/94,3
LEPIDOPTERA,YPONOMEUTIDAE,8/26/94,8/31/94,2
LEPIDOPTERA,YPONOMEUTIDAE,8/5/94,8/7/94,63
LEPIDOPTERA,YPONOMEUTIDAE,8/8/94,8/9/94,39
LEPIDOPTERA,YPONOMEUTIDAE,9/1/94,9/13/94,6
LEPIDOPTERA,YPONOMEUTIDAE,9/14/94,9/28/94,1
