order,family,date1,date2,individuals
COLEOPTERA,ANOBIIDAE,6/12/95,6/19/95,1
COLEOPTERA,ANOBIIDAE,6/20/95,6/25/95,1
COLEOPTERA,ANOBIIDAE,6/30/95,7/3/95,2
COLEOPTERA,ANOBIIDAE,6/7/95,6/11/95,1
COLEOPTERA,ANOBIIDAE,7/18/95,7/20/95,2
COLEOPTERA,ANOBIIDAE,7/21/95,7/21/95,2
COLEOPTERA,ANOBIIDAE,7/22/95,7/24/95,1
COLEOPTERA,ANOBIIDAE,7/30/95,7/30/95,3
COLEOPTERA,ANOBIIDAE,7/7/95,7/9/95,1
COLEOPTERA,ANOBIIDAE,8/10/95,8/13/95,1
COLEOPTERA,ANTHICIDAE,7/18/95,7/20/95,1
COLEOPTERA,ATTELABIDAE,7/18/95,7/20/95,1
COLEOPTERA,CANTHARIDAE,5/22/95,5/31/95,2
COLEOPTERA,CANTHARIDAE,6/12/95,6/19/95,3
COLEOPTERA,CANTHARIDAE,6/20/95,6/25/95,6
COLEOPTERA,CANTHARIDAE,6/26/95,6/27/95,3
COLEOPTERA,CANTHARIDAE,6/28/95,6/29/95,2
COLEOPTERA,CANTHARIDAE,6/7/95,6/11/95,1
COLEOPTERA,CANTHARIDAE,7/10/95,7/13/95,11
COLEOPTERA,CANTHARIDAE,7/14/95,7/17/95,1
COLEOPTERA,CANTHARIDAE,7/18/95,7/20/95,24
COLEOPTERA,CANTHARIDAE,7/21/95,7/21/95,44
COLEOPTERA,CANTHARIDAE,7/22/95,7/24/95,2
COLEOPTERA,CANTHARIDAE,7/25/95,7/27/95,2
COLEOPTERA,CANTHARIDAE,7/28/95,7/29/95,4
COLEOPTERA,CANTHARIDAE,7/30/95,7/30/95,7
COLEOPTERA,CANTHARIDAE,7/4/95,7/6/95,1
COLEOPTERA,CANTHARIDAE,8/1/95,8/1/95,2
COLEOPTERA,CANTHARIDAE,8/2/95,8/2/95,2
COLEOPTERA,CARABIDAE,10/1/95,10/8/95,2
COLEOPTERA,CARABIDAE,10/9/95,10/12/95,3
COLEOPTERA,CARABIDAE,6/26/95,6/27/95,22
COLEOPTERA,CARABIDAE,7/10/95,7/13/95,105
COLEOPTERA,CARABIDAE,7/14/95,7/17/95,55
COLEOPTERA,CARABIDAE,7/18/95,7/20/95,40
COLEOPTERA,CARABIDAE,7/21/95,7/21/95,125
COLEOPTERA,CARABIDAE,7/22/95,7/24/95,2
COLEOPTERA,CARABIDAE,7/25/95,7/27/95,3
COLEOPTERA,CARABIDAE,7/28/95,7/29/95,23
COLEOPTERA,CARABIDAE,7/30/95,7/30/95,75
COLEOPTERA,CARABIDAE,7/31/95,7/31/95,10
COLEOPTERA,CARABIDAE,7/7/95,7/9/95,9
COLEOPTERA,CARABIDAE,8/1/95,8/1/95,7
COLEOPTERA,CARABIDAE,8/10/95,8/13/95,95
COLEOPTERA,CARABIDAE,8/14/95,8/16/95,98
COLEOPTERA,CARABIDAE,8/17/95,8/17/95,10
COLEOPTERA,CARABIDAE,8/18/95,8/18/95,3
COLEOPTERA,CARABIDAE,8/19/95,8/20/95,16
COLEOPTERA,CARABIDAE,8/2/95,8/2/95,31
COLEOPTERA,CARABIDAE,8/21/95,8/23/95,13
COLEOPTERA,CARABIDAE,8/24/95,8/31/95,18
COLEOPTERA,CARABIDAE,8/3/95,8/3/95,13
COLEOPTERA,CARABIDAE,8/4/95,8/5/95,15
COLEOPTERA,CARABIDAE,8/6/95,8/6/95,54
COLEOPTERA,CARABIDAE,8/7/95,8/7/95,2
COLEOPTERA,CARABIDAE,8/8/95,8/9/95,2
COLEOPTERA,CARABIDAE,9/1/95,9/12/95,32
COLEOPTERA,CARABIDAE,9/13/95,9/20/95,5
COLEOPTERA,CARABIDAE,9/21/95,9/30/95,2
COLEOPTERA,CHRYSOMELIDAE,7/21/95,7/21/95,1
COLEOPTERA,CHRYSOMELIDAE,8/17/95,8/17/95,3
COLEOPTERA,CHRYSOMELIDAE,8/19/95,8/20/95,3
COLEOPTERA,CHRYSOMELIDAE,8/2/95,8/2/95,1
COLEOPTERA,CHRYSOMELIDAE,8/6/95,8/6/95,1
COLEOPTERA,COCCINELLIDAE,6/20/95,6/25/95,3
COLEOPTERA,COCCINELLIDAE,6/26/95,6/27/95,1
COLEOPTERA,COCCINELLIDAE,7/14/95,7/17/95,3
COLEOPTERA,COCCINELLIDAE,7/18/95,7/20/95,9
COLEOPTERA,COCCINELLIDAE,7/21/95,7/21/95,8
COLEOPTERA,COCCINELLIDAE,7/28/95,7/29/95,1
COLEOPTERA,COCCINELLIDAE,7/30/95,7/30/95,4
COLEOPTERA,COCCINELLIDAE,7/7/95,7/9/95,2
COLEOPTERA,COCCINELLIDAE,8/1/95,8/1/95,3
COLEOPTERA,COCCINELLIDAE,8/10/95,8/13/95,2
COLEOPTERA,COCCINELLIDAE,8/14/95,8/16/95,3
COLEOPTERA,COCCINELLIDAE,8/17/95,8/17/95,4
COLEOPTERA,COCCINELLIDAE,8/18/95,8/18/95,4
COLEOPTERA,COCCINELLIDAE,8/19/95,8/20/95,1
COLEOPTERA,COCCINELLIDAE,8/2/95,8/2/95,8
COLEOPTERA,COCCINELLIDAE,8/21/95,8/23/95,2
COLEOPTERA,COCCINELLIDAE,8/3/95,8/3/95,1
COLEOPTERA,COCCINELLIDAE,8/4/95,8/5/95,6
COLEOPTERA,COCCINELLIDAE,8/6/95,8/6/95,3
COLEOPTERA,COCCINELLIDAE,8/8/95,8/9/95,2
COLEOPTERA,CORTICARIIDAE,6/26/95,6/27/95,1
COLEOPTERA,CORTICARIIDAE,6/6/95,6/6/95,1
COLEOPTERA,CORTICARIIDAE,7/18/95,7/20/95,1
COLEOPTERA,CORTICARIIDAE,8/2/95,8/2/95,1
COLEOPTERA,CORTICARIIDAE,8/6/95,8/6/95,1
COLEOPTERA,CRYPTOPHAGIDAE,7/14/95,7/17/95,1
COLEOPTERA,CRYPTOPHAGIDAE,7/18/95,7/20/95,2
COLEOPTERA,CRYPTOPHAGIDAE,7/21/95,7/21/95,1
COLEOPTERA,CRYPTOPHAGIDAE,7/28/95,7/29/95,4
COLEOPTERA,CRYPTOPHAGIDAE,7/30/95,7/30/95,7
COLEOPTERA,CRYPTOPHAGIDAE,8/10/95,8/13/95,3
COLEOPTERA,CRYPTOPHAGIDAE,8/19/95,8/20/95,1
COLEOPTERA,CRYPTOPHAGIDAE,8/2/95,8/2/95,1
COLEOPTERA,CRYPTOPHAGIDAE,8/4/95,8/5/95,2
COLEOPTERA,CRYPTOPHAGIDAE,8/6/95,8/6/95,2
COLEOPTERA,CURCULIONIDAE,4/26/95,5/8/95,1
COLEOPTERA,CURCULIONIDAE,6/20/95,6/25/95,1
COLEOPTERA,CURCULIONIDAE,6/28/95,6/29/95,1
COLEOPTERA,CURCULIONIDAE,7/18/95,7/20/95,2
COLEOPTERA,CURCULIONIDAE,7/21/95,7/21/95,13
COLEOPTERA,CURCULIONIDAE,7/28/95,7/29/95,7
COLEOPTERA,CURCULIONIDAE,7/30/95,7/30/95,6
COLEOPTERA,CURCULIONIDAE,7/31/95,7/31/95,1
COLEOPTERA,CURCULIONIDAE,7/4/95,7/6/95,1
COLEOPTERA,CURCULIONIDAE,7/7/95,7/9/95,1
COLEOPTERA,CURCULIONIDAE,8/1/95,8/1/95,2
COLEOPTERA,CURCULIONIDAE,8/10/95,8/13/95,1
COLEOPTERA,CURCULIONIDAE,8/14/95,8/16/95,2
COLEOPTERA,CURCULIONIDAE,8/2/95,8/2/95,3
COLEOPTERA,CURCULIONIDAE,8/3/95,8/3/95,1
COLEOPTERA,CURCULIONIDAE,8/4/95,8/5/95,1
COLEOPTERA,CURCULIONIDAE,8/6/95,8/6/95,8
COLEOPTERA,CURCULIONIDAE,9/1/95,9/12/95,1
COLEOPTERA,DERMESTIDAE,10/1/95,10/8/95,1
COLEOPTERA,DERMESTIDAE,10/13/95,10/22/95,2
COLEOPTERA,DERMESTIDAE,10/23/95,11/12/95,1
COLEOPTERA,DERMESTIDAE,10/9/95,10/12/95,10
COLEOPTERA,DERMESTIDAE,4/26/95,5/8/95,5
COLEOPTERA,DERMESTIDAE,6/20/95,6/25/95,5
COLEOPTERA,DERMESTIDAE,6/26/95,6/27/95,12
COLEOPTERA,DERMESTIDAE,6/28/95,6/29/95,3
COLEOPTERA,DERMESTIDAE,6/7/95,6/11/95,1
COLEOPTERA,DERMESTIDAE,7/10/95,7/13/95,1
COLEOPTERA,DERMESTIDAE,7/14/95,7/17/95,1
COLEOPTERA,DERMESTIDAE,7/18/95,7/20/95,1
COLEOPTERA,DERMESTIDAE,7/28/95,7/29/95,2
COLEOPTERA,DERMESTIDAE,7/30/95,7/30/95,2
COLEOPTERA,DERMESTIDAE,7/7/95,7/9/95,11
COLEOPTERA,DERMESTIDAE,8/10/95,8/13/95,1
COLEOPTERA,DERMESTIDAE,8/14/95,8/16/95,1
COLEOPTERA,DERMESTIDAE,8/18/95,8/18/95,1
COLEOPTERA,DERMESTIDAE,8/19/95,8/20/95,2
COLEOPTERA,DERMESTIDAE,8/2/95,8/2/95,1
COLEOPTERA,DERMESTIDAE,8/3/95,8/3/95,1
COLEOPTERA,DERMESTIDAE,9/21/95,9/30/95,1
COLEOPTERA,DYTISCIDAE,10/1/95,10/8/95,2
COLEOPTERA,DYTISCIDAE,6/26/95,6/27/95,1
COLEOPTERA,DYTISCIDAE,7/10/95,7/13/95,6
COLEOPTERA,DYTISCIDAE,7/14/95,7/17/95,1
COLEOPTERA,DYTISCIDAE,7/18/95,7/20/95,2
COLEOPTERA,DYTISCIDAE,7/21/95,7/21/95,4
COLEOPTERA,DYTISCIDAE,7/25/95,7/27/95,1
COLEOPTERA,DYTISCIDAE,7/28/95,7/29/95,5
COLEOPTERA,DYTISCIDAE,7/30/95,7/30/95,2
COLEOPTERA,DYTISCIDAE,7/31/95,7/31/95,1
COLEOPTERA,DYTISCIDAE,8/10/95,8/13/95,1
COLEOPTERA,DYTISCIDAE,8/14/95,8/16/95,2
COLEOPTERA,DYTISCIDAE,8/2/95,8/2/95,1
COLEOPTERA,DYTISCIDAE,8/6/95,8/6/95,3
COLEOPTERA,DYTISCIDAE,9/1/95,9/12/95,1
COLEOPTERA,ELATERIDAE,6/26/95,6/27/95,1
COLEOPTERA,ELATERIDAE,7/10/95,7/13/95,4
COLEOPTERA,ELATERIDAE,7/14/95,7/17/95,2
COLEOPTERA,ELATERIDAE,7/18/95,7/20/95,5
COLEOPTERA,ELATERIDAE,7/21/95,7/21/95,9
COLEOPTERA,ELATERIDAE,7/30/95,7/30/95,1
COLEOPTERA,ELATERIDAE,8/1/95,8/1/95,1
COLEOPTERA,ELATERIDAE,8/10/95,8/13/95,1
COLEOPTERA,ELATERIDAE,8/2/95,8/2/95,3
COLEOPTERA,ELATERIDAE,8/4/95,8/5/95,1
COLEOPTERA,ELATERIDAE,8/6/95,8/6/95,1
COLEOPTERA,EROTYLIDAE,6/20/95,6/25/95,1
COLEOPTERA,EROTYLIDAE,8/14/95,8/16/95,1
COLEOPTERA,HELOPHORIDAE,7/10/95,7/13/95,1
COLEOPTERA,HELOPHORIDAE,7/18/95,7/20/95,2
COLEOPTERA,HELOPHORIDAE,7/25/95,7/27/95,1
COLEOPTERA,HELOPHORIDAE,7/7/95,7/9/95,5
COLEOPTERA,HELOPHORIDAE,8/4/95,8/5/95,1
COLEOPTERA,HETEROCERIDAE,7/10/95,7/13/95,2
COLEOPTERA,HETEROCERIDAE,7/18/95,7/20/95,1
COLEOPTERA,HETEROCERIDAE,7/21/95,7/21/95,1
COLEOPTERA,HETEROCERIDAE,7/25/95,7/27/95,3
COLEOPTERA,HETEROCERIDAE,7/28/95,7/29/95,1
COLEOPTERA,HETEROCERIDAE,7/30/95,7/30/95,4
COLEOPTERA,HETEROCERIDAE,7/31/95,7/31/95,1
COLEOPTERA,HETEROCERIDAE,7/7/95,7/9/95,2
COLEOPTERA,HETEROCERIDAE,8/14/95,8/16/95,1
COLEOPTERA,HETEROCERIDAE,8/17/95,8/17/95,2
COLEOPTERA,HETEROCERIDAE,8/18/95,8/18/95,2
COLEOPTERA,HETEROCERIDAE,8/19/95,8/20/95,2
COLEOPTERA,HETEROCERIDAE,8/2/95,8/2/95,1
COLEOPTERA,HETEROCERIDAE,8/8/95,8/9/95,1
COLEOPTERA,HYDROPHILIDAE,5/22/95,5/31/95,1
COLEOPTERA,HYDROPHILIDAE,6/20/95,6/25/95,3
COLEOPTERA,HYDROPHILIDAE,7/10/95,7/13/95,30
COLEOPTERA,HYDROPHILIDAE,7/14/95,7/17/95,34
COLEOPTERA,HYDROPHILIDAE,7/18/95,7/20/95,19
COLEOPTERA,HYDROPHILIDAE,7/21/95,7/21/95,8
COLEOPTERA,HYDROPHILIDAE,7/22/95,7/24/95,1
COLEOPTERA,HYDROPHILIDAE,7/25/95,7/27/95,8
COLEOPTERA,HYDROPHILIDAE,7/28/95,7/29/95,37
COLEOPTERA,HYDROPHILIDAE,7/30/95,7/30/95,17
COLEOPTERA,HYDROPHILIDAE,7/31/95,7/31/95,5
COLEOPTERA,HYDROPHILIDAE,7/4/95,7/6/95,1
COLEOPTERA,HYDROPHILIDAE,7/7/95,7/9/95,7
COLEOPTERA,HYDROPHILIDAE,8/10/95,8/13/95,10
COLEOPTERA,HYDROPHILIDAE,8/14/95,8/16/95,9
COLEOPTERA,HYDROPHILIDAE,8/17/95,8/17/95,1
COLEOPTERA,HYDROPHILIDAE,8/18/95,8/18/95,4
COLEOPTERA,HYDROPHILIDAE,8/19/95,8/20/95,8
COLEOPTERA,HYDROPHILIDAE,8/2/95,8/2/95,10
COLEOPTERA,HYDROPHILIDAE,8/21/95,8/23/95,4
COLEOPTERA,HYDROPHILIDAE,8/24/95,8/31/95,1
COLEOPTERA,HYDROPHILIDAE,8/3/95,8/3/95,5
COLEOPTERA,HYDROPHILIDAE,8/4/95,8/5/95,17
COLEOPTERA,HYDROPHILIDAE,8/6/95,8/6/95,7
COLEOPTERA,HYDROPHILIDAE,8/7/95,8/7/95,1
COLEOPTERA,HYDROPHILIDAE,9/1/95,9/12/95,1
COLEOPTERA,LEIODIDAE,6/20/95,6/25/95,2
COLEOPTERA,MELANDRYIDAE,5/9/95,5/21/95,1
COLEOPTERA,MELANDRYIDAE,8/6/95,8/6/95,1
COLEOPTERA,MELYRIDAE,4/26/95,5/8/95,1
COLEOPTERA,MELYRIDAE,6/28/95,6/29/95,1
COLEOPTERA,MONOTOMIDAE,7/21/95,7/21/95,2
COLEOPTERA,MONOTOMIDAE,7/28/95,7/29/95,2
COLEOPTERA,MONOTOMIDAE,7/31/95,7/31/95,1
COLEOPTERA,MONOTOMIDAE,8/17/95,8/17/95,1
COLEOPTERA,MONOTOMIDAE,8/19/95,8/20/95,2
COLEOPTERA,MONOTOMIDAE,8/6/95,8/6/95,2
COLEOPTERA,MONOTOMIDAE,8/8/95,8/9/95,1
COLEOPTERA,MYCETOPHAGIDAE,7/21/95,7/21/95,1
COLEOPTERA,MYCETOPHAGIDAE,8/10/95,8/13/95,1
COLEOPTERA,NITIDULIDAE,6/20/95,6/25/95,2
COLEOPTERA,NITIDULIDAE,6/26/95,6/27/95,1
COLEOPTERA,NITIDULIDAE,7/21/95,7/21/95,1
COLEOPTERA,PHALACRIDAE,7/18/95,7/20/95,3
COLEOPTERA,PHALACRIDAE,7/21/95,7/21/95,2
COLEOPTERA,PHALACRIDAE,9/1/95,9/12/95,1
COLEOPTERA,SALPINGIDAE,9/13/95,9/20/95,1
COLEOPTERA,SCARABAEIDAE,6/12/95,6/19/95,1
COLEOPTERA,SCARABAEIDAE,6/26/95,6/27/95,2
COLEOPTERA,SCARABAEIDAE,6/28/95,6/29/95,2
COLEOPTERA,SCARABAEIDAE,6/30/95,7/3/95,1
COLEOPTERA,SCARABAEIDAE,7/14/95,7/17/95,2
COLEOPTERA,SCARABAEIDAE,7/21/95,7/21/95,2
COLEOPTERA,SCARABAEIDAE,7/7/95,7/9/95,1
COLEOPTERA,SCARABAEIDAE,8/14/95,8/16/95,1
COLEOPTERA,SCARABAEIDAE,9/1/95,9/12/95,1
COLEOPTERA,SCIRTIDAE,6/20/95,6/25/95,2
COLEOPTERA,SCIRTIDAE,6/28/95,6/29/95,1
COLEOPTERA,SCIRTIDAE,7/10/95,7/13/95,1
COLEOPTERA,SCIRTIDAE,7/18/95,7/20/95,2
COLEOPTERA,SCIRTIDAE,7/21/95,7/21/95,1
COLEOPTERA,SCIRTIDAE,7/28/95,7/29/95,1
COLEOPTERA,SCIRTIDAE,7/30/95,7/30/95,3
COLEOPTERA,SCIRTIDAE,7/31/95,7/31/95,1
COLEOPTERA,SCIRTIDAE,8/1/95,8/1/95,2
COLEOPTERA,SCIRTIDAE,8/18/95,8/18/95,1
COLEOPTERA,SCIRTIDAE,8/2/95,8/2/95,2
COLEOPTERA,SCRAPTIIDAE,6/12/95,6/19/95,1
COLEOPTERA,SCRAPTIIDAE,6/20/95,6/25/95,1
COLEOPTERA,SCRAPTIIDAE,6/30/95,7/3/95,1
COLEOPTERA,SCRAPTIIDAE,7/10/95,7/13/95,1
COLEOPTERA,SCRAPTIIDAE,7/14/95,7/17/95,1
COLEOPTERA,SCRAPTIIDAE,7/21/95,7/21/95,1
COLEOPTERA,STAPHYLINIDAE,10/1/95,10/8/95,1
COLEOPTERA,STAPHYLINIDAE,10/9/95,10/12/95,2
COLEOPTERA,STAPHYLINIDAE,6/20/95,6/25/95,1
COLEOPTERA,STAPHYLINIDAE,7/10/95,7/13/95,10
COLEOPTERA,STAPHYLINIDAE,7/14/95,7/17/95,6
COLEOPTERA,STAPHYLINIDAE,7/18/95,7/20/95,21
COLEOPTERA,STAPHYLINIDAE,7/21/95,7/21/95,30
COLEOPTERA,STAPHYLINIDAE,7/22/95,7/24/95,2
COLEOPTERA,STAPHYLINIDAE,7/25/95,7/27/95,7
COLEOPTERA,STAPHYLINIDAE,7/28/95,7/29/95,33
COLEOPTERA,STAPHYLINIDAE,7/30/95,7/30/95,18
COLEOPTERA,STAPHYLINIDAE,7/31/95,7/31/95,25
COLEOPTERA,STAPHYLINIDAE,7/7/95,7/9/95,4
COLEOPTERA,STAPHYLINIDAE,8/1/95,8/1/95,2
COLEOPTERA,STAPHYLINIDAE,8/10/95,8/13/95,5
COLEOPTERA,STAPHYLINIDAE,8/14/95,8/16/95,5
COLEOPTERA,STAPHYLINIDAE,8/17/95,8/17/95,1
COLEOPTERA,STAPHYLINIDAE,8/18/95,8/18/95,2
COLEOPTERA,STAPHYLINIDAE,8/19/95,8/20/95,17
COLEOPTERA,STAPHYLINIDAE,8/2/95,8/2/95,10
COLEOPTERA,STAPHYLINIDAE,8/24/95,8/31/95,1
COLEOPTERA,STAPHYLINIDAE,8/3/95,8/3/95,3
COLEOPTERA,STAPHYLINIDAE,8/4/95,8/5/95,19
COLEOPTERA,STAPHYLINIDAE,8/6/95,8/6/95,10
COLEOPTERA,STAPHYLINIDAE,9/21/95,9/30/95,1
COLEOPTERA,TENEBRIONIDAE,6/12/95,6/19/95,1
COLEOPTERA,TENEBRIONIDAE,7/10/95,7/13/95,12
COLEOPTERA,TENEBRIONIDAE,7/14/95,7/17/95,20
COLEOPTERA,TENEBRIONIDAE,7/18/95,7/20/95,21
COLEOPTERA,TENEBRIONIDAE,7/21/95,7/21/95,3
COLEOPTERA,TENEBRIONIDAE,7/22/95,7/24/95,3
COLEOPTERA,TENEBRIONIDAE,7/28/95,7/29/95,1
COLEOPTERA,TENEBRIONIDAE,7/7/95,7/9/95,5
COLEOPTERA,TENEBRIONIDAE,8/14/95,8/16/95,2
COLEOPTERA,TENEBRIONIDAE,8/18/95,8/18/95,1
COLEOPTERA,TENEBRIONIDAE,8/2/95,8/2/95,1
COLEOPTERA,TENEBRIONIDAE,8/4/95,8/5/95,1
COLEOPTERA,THROSCIDAE,8/17/95,8/17/95,2
COLEOPTERA,THROSCIDAE,8/4/95,8/5/95,1
LEPIDOPTERA,ADELIDAE,5/22/95,5/31/95,4
LEPIDOPTERA,ADELIDAE,6/20/95,6/25/95,1
LEPIDOPTERA,AGONOXENIDAE,7/10/95,7/13/95,1
LEPIDOPTERA,AGONOXENIDAE,7/14/95,7/17/95,1
LEPIDOPTERA,AGONOXENIDAE,7/21/95,7/21/95,1
LEPIDOPTERA,AGONOXENIDAE,7/30/95,7/30/95,2
LEPIDOPTERA,AGONOXENIDAE,7/4/95,7/6/95,3
LEPIDOPTERA,AGONOXENIDAE,7/7/95,7/9/95,1
LEPIDOPTERA,AGONOXENIDAE,8/14/95,8/16/95,2
LEPIDOPTERA,AGONOXENIDAE,8/2/95,8/2/95,1
LEPIDOPTERA,AGONOXENIDAE,8/3/95,8/3/95,1
LEPIDOPTERA,ALUCITIDAE,4/26/95,5/8/95,1
LEPIDOPTERA,ARCTIIDAE,7/14/95,7/17/95,1
LEPIDOPTERA,ARCTIIDAE,7/7/95,7/9/95,1
LEPIDOPTERA,AUTOSTICHIDAE,8/1/95,8/1/95,1
LEPIDOPTERA,BATRACHEDRIDAE,7/10/95,7/13/95,2
LEPIDOPTERA,BATRACHEDRIDAE,7/14/95,7/17/95,4
LEPIDOPTERA,BATRACHEDRIDAE,7/18/95,7/20/95,6
LEPIDOPTERA,BATRACHEDRIDAE,7/21/95,7/21/95,2
LEPIDOPTERA,BATRACHEDRIDAE,7/22/95,7/24/95,3
LEPIDOPTERA,BATRACHEDRIDAE,7/30/95,7/30/95,3
LEPIDOPTERA,BATRACHEDRIDAE,8/1/95,8/1/95,1
LEPIDOPTERA,BATRACHEDRIDAE,8/10/95,8/13/95,8
LEPIDOPTERA,BATRACHEDRIDAE,8/14/95,8/16/95,10
LEPIDOPTERA,BATRACHEDRIDAE,8/17/95,8/17/95,9
LEPIDOPTERA,BATRACHEDRIDAE,8/18/95,8/18/95,3
LEPIDOPTERA,BATRACHEDRIDAE,8/19/95,8/20/95,11
LEPIDOPTERA,BATRACHEDRIDAE,8/2/95,8/2/95,6
LEPIDOPTERA,BATRACHEDRIDAE,8/21/95,8/23/95,1
LEPIDOPTERA,BATRACHEDRIDAE,8/3/95,8/3/95,5
LEPIDOPTERA,BATRACHEDRIDAE,8/4/95,8/5/95,2
LEPIDOPTERA,BATRACHEDRIDAE,8/6/95,8/6/95,4
LEPIDOPTERA,BATRACHEDRIDAE,8/7/95,8/7/95,2
LEPIDOPTERA,BATRACHEDRIDAE,8/8/95,8/9/95,13
LEPIDOPTERA,BATRACHEDRIDAE,9/1/95,9/12/95,1
LEPIDOPTERA,BUCCULATRICIDAE,6/20/95,6/25/95,5
LEPIDOPTERA,BUCCULATRICIDAE,6/26/95,6/27/95,1
LEPIDOPTERA,BUCCULATRICIDAE,7/21/95,7/21/95,1
LEPIDOPTERA,BUCCULATRICIDAE,8/1/95,8/1/95,1
LEPIDOPTERA,BUCCULATRICIDAE,8/10/95,8/13/95,11
LEPIDOPTERA,BUCCULATRICIDAE,8/14/95,8/16/95,6
LEPIDOPTERA,BUCCULATRICIDAE,8/17/95,8/17/95,1
LEPIDOPTERA,BUCCULATRICIDAE,8/19/95,8/20/95,2
LEPIDOPTERA,BUCCULATRICIDAE,8/2/95,8/2/95,1
LEPIDOPTERA,BUCCULATRICIDAE,8/3/95,8/3/95,5
LEPIDOPTERA,BUCCULATRICIDAE,8/6/95,8/6/95,12
LEPIDOPTERA,BUCCULATRICIDAE,8/7/95,8/7/95,1
LEPIDOPTERA,BUCCULATRICIDAE,8/8/95,8/9/95,1
LEPIDOPTERA,COLEOPHORIDAE,6/12/95,6/19/95,4
LEPIDOPTERA,COLEOPHORIDAE,6/20/95,6/25/95,49
LEPIDOPTERA,COLEOPHORIDAE,6/26/95,6/27/95,76
LEPIDOPTERA,COLEOPHORIDAE,6/28/95,6/29/95,7
LEPIDOPTERA,COLEOPHORIDAE,6/30/95,7/3/95,4
LEPIDOPTERA,COLEOPHORIDAE,7/10/95,7/13/95,25
LEPIDOPTERA,COLEOPHORIDAE,7/14/95,7/17/95,56
LEPIDOPTERA,COLEOPHORIDAE,7/18/95,7/20/95,60
LEPIDOPTERA,COLEOPHORIDAE,7/21/95,7/21/95,42
LEPIDOPTERA,COLEOPHORIDAE,7/22/95,7/24/95,22
LEPIDOPTERA,COLEOPHORIDAE,7/25/95,7/27/95,16
LEPIDOPTERA,COLEOPHORIDAE,7/28/95,7/29/95,3
LEPIDOPTERA,COLEOPHORIDAE,7/30/95,7/30/95,21
LEPIDOPTERA,COLEOPHORIDAE,7/31/95,7/31/95,4
LEPIDOPTERA,COLEOPHORIDAE,7/4/95,7/6/95,3
LEPIDOPTERA,COLEOPHORIDAE,7/7/95,7/9/95,14
LEPIDOPTERA,COLEOPHORIDAE,8/1/95,8/1/95,10
LEPIDOPTERA,COLEOPHORIDAE,8/10/95,8/13/95,1
LEPIDOPTERA,COLEOPHORIDAE,8/18/95,8/18/95,1
LEPIDOPTERA,COLEOPHORIDAE,8/19/95,8/20/95,3
LEPIDOPTERA,COLEOPHORIDAE,8/2/95,8/2/95,7
LEPIDOPTERA,COLEOPHORIDAE,8/3/95,8/3/95,5
LEPIDOPTERA,COLEOPHORIDAE,8/4/95,8/5/95,2
LEPIDOPTERA,COLEOPHORIDAE,8/6/95,8/6/95,4
LEPIDOPTERA,COLEOPHORIDAE,8/7/95,8/7/95,2
LEPIDOPTERA,COSMOPTERIGIDAE,7/18/95,7/20/95,3
LEPIDOPTERA,COSMOPTERIGIDAE,7/21/95,7/21/95,2
LEPIDOPTERA,COSMOPTERIGIDAE,7/22/95,7/24/95,1
LEPIDOPTERA,COSMOPTERIGIDAE,8/7/95,8/7/95,1
LEPIDOPTERA,DEPRESSARIIDAE,4/26/95,5/8/95,1
LEPIDOPTERA,DEPRESSARIIDAE,6/30/95,7/3/95,1
LEPIDOPTERA,DREPANIDAE,4/7/95,4/25/95,1
LEPIDOPTERA,DREPANIDAE,6/30/95,7/3/95,1
LEPIDOPTERA,DREPANIDAE,7/18/95,7/20/95,1
LEPIDOPTERA,DREPANIDAE,7/22/95,7/24/95,1
LEPIDOPTERA,DREPANIDAE,7/28/95,7/29/95,1
LEPIDOPTERA,DREPANIDAE,7/30/95,7/30/95,1
LEPIDOPTERA,DREPANIDAE,8/10/95,8/13/95,2
LEPIDOPTERA,DREPANIDAE,8/3/95,8/3/95,1
LEPIDOPTERA,DREPANIDAE,8/8/95,8/9/95,1
LEPIDOPTERA,ELACHISTIDAE,7/21/95,7/21/95,1
LEPIDOPTERA,ELACHISTIDAE,7/22/95,7/24/95,1
LEPIDOPTERA,ELACHISTIDAE,7/28/95,7/29/95,1
LEPIDOPTERA,ELACHISTIDAE,8/1/95,8/1/95,2
LEPIDOPTERA,ELACHISTIDAE,8/19/95,8/20/95,1
LEPIDOPTERA,ELACHISTIDAE,8/3/95,8/3/95,2
LEPIDOPTERA,ELACHISTIDAE,8/4/95,8/5/95,1
LEPIDOPTERA,ELACHISTIDAE,8/7/95,8/7/95,1
LEPIDOPTERA,GELECHIIDAE,6/12/95,6/19/95,1
LEPIDOPTERA,GELECHIIDAE,6/20/95,6/25/95,7
LEPIDOPTERA,GELECHIIDAE,6/26/95,6/27/95,1
LEPIDOPTERA,GELECHIIDAE,6/28/95,6/29/95,8
LEPIDOPTERA,GELECHIIDAE,6/30/95,7/3/95,7
LEPIDOPTERA,GELECHIIDAE,7/10/95,7/13/95,22
LEPIDOPTERA,GELECHIIDAE,7/14/95,7/17/95,22
LEPIDOPTERA,GELECHIIDAE,7/18/95,7/20/95,47
LEPIDOPTERA,GELECHIIDAE,7/21/95,7/21/95,33
LEPIDOPTERA,GELECHIIDAE,7/22/95,7/24/95,16
LEPIDOPTERA,GELECHIIDAE,7/25/95,7/27/95,3
LEPIDOPTERA,GELECHIIDAE,7/28/95,7/29/95,7
LEPIDOPTERA,GELECHIIDAE,7/30/95,7/30/95,23
LEPIDOPTERA,GELECHIIDAE,7/31/95,7/31/95,2
LEPIDOPTERA,GELECHIIDAE,7/4/95,7/6/95,7
LEPIDOPTERA,GELECHIIDAE,7/7/95,7/9/95,23
LEPIDOPTERA,GELECHIIDAE,8/1/95,8/1/95,9
LEPIDOPTERA,GELECHIIDAE,8/10/95,8/13/95,13
LEPIDOPTERA,GELECHIIDAE,8/14/95,8/16/95,26
LEPIDOPTERA,GELECHIIDAE,8/17/95,8/17/95,11
LEPIDOPTERA,GELECHIIDAE,8/18/95,8/18/95,3
LEPIDOPTERA,GELECHIIDAE,8/19/95,8/20/95,8
LEPIDOPTERA,GELECHIIDAE,8/2/95,8/2/95,20
LEPIDOPTERA,GELECHIIDAE,8/21/95,8/23/95,2
LEPIDOPTERA,GELECHIIDAE,8/24/95,8/31/95,5
LEPIDOPTERA,GELECHIIDAE,8/3/95,8/3/95,14
LEPIDOPTERA,GELECHIIDAE,8/4/95,8/5/95,4
LEPIDOPTERA,GELECHIIDAE,8/6/95,8/6/95,10
LEPIDOPTERA,GELECHIIDAE,8/7/95,8/7/95,12
LEPIDOPTERA,GELECHIIDAE,8/8/95,8/9/95,10
LEPIDOPTERA,GELECHIIDAE,9/1/95,9/12/95,2
LEPIDOPTERA,GEOMETRIDAE,10/1/95,10/8/95,1
LEPIDOPTERA,GEOMETRIDAE,10/13/95,10/22/95,7
LEPIDOPTERA,GEOMETRIDAE,10/23/95,11/12/95,5
LEPIDOPTERA,GEOMETRIDAE,10/9/95,10/12/95,3
LEPIDOPTERA,GEOMETRIDAE,4/26/95,5/8/95,2
LEPIDOPTERA,GEOMETRIDAE,5/22/95,5/31/95,3
LEPIDOPTERA,GEOMETRIDAE,6/12/95,6/19/95,21
LEPIDOPTERA,GEOMETRIDAE,6/20/95,6/25/95,39
LEPIDOPTERA,GEOMETRIDAE,6/26/95,6/27/95,21
LEPIDOPTERA,GEOMETRIDAE,6/28/95,6/29/95,15
LEPIDOPTERA,GEOMETRIDAE,6/30/95,7/3/95,27
LEPIDOPTERA,GEOMETRIDAE,6/6/95,6/6/95,5
LEPIDOPTERA,GEOMETRIDAE,6/7/95,6/11/95,2
LEPIDOPTERA,GEOMETRIDAE,7/10/95,7/13/95,48
LEPIDOPTERA,GEOMETRIDAE,7/14/95,7/17/95,81
LEPIDOPTERA,GEOMETRIDAE,7/18/95,7/20/95,55
LEPIDOPTERA,GEOMETRIDAE,7/21/95,7/21/95,37
LEPIDOPTERA,GEOMETRIDAE,7/22/95,7/24/95,13
LEPIDOPTERA,GEOMETRIDAE,7/25/95,7/27/95,10
LEPIDOPTERA,GEOMETRIDAE,7/28/95,7/29/95,7
LEPIDOPTERA,GEOMETRIDAE,7/30/95,7/30/95,10
LEPIDOPTERA,GEOMETRIDAE,7/31/95,7/31/95,5
LEPIDOPTERA,GEOMETRIDAE,7/4/95,7/6/95,8
LEPIDOPTERA,GEOMETRIDAE,7/7/95,7/9/95,43
LEPIDOPTERA,GEOMETRIDAE,8/1/95,8/1/95,9
LEPIDOPTERA,GEOMETRIDAE,8/10/95,8/13/95,31
LEPIDOPTERA,GEOMETRIDAE,8/14/95,8/16/95,32
LEPIDOPTERA,GEOMETRIDAE,8/17/95,8/17/95,10
LEPIDOPTERA,GEOMETRIDAE,8/18/95,8/18/95,10
LEPIDOPTERA,GEOMETRIDAE,8/19/95,8/20/95,5
LEPIDOPTERA,GEOMETRIDAE,8/2/95,8/2/95,16
LEPIDOPTERA,GEOMETRIDAE,8/21/95,8/23/95,6
LEPIDOPTERA,GEOMETRIDAE,8/24/95,8/31/95,10
LEPIDOPTERA,GEOMETRIDAE,8/3/95,8/3/95,18
LEPIDOPTERA,GEOMETRIDAE,8/4/95,8/5/95,13
LEPIDOPTERA,GEOMETRIDAE,8/6/95,8/6/95,13
LEPIDOPTERA,GEOMETRIDAE,8/7/95,8/7/95,10
LEPIDOPTERA,GEOMETRIDAE,8/8/95,8/9/95,16
LEPIDOPTERA,GEOMETRIDAE,9/1/95,9/12/95,11
LEPIDOPTERA,GEOMETRIDAE,9/13/95,9/20/95,3
LEPIDOPTERA,GEOMETRIDAE,9/21/95,9/30/95,5
LEPIDOPTERA,GLYPHIPTERIGIDAE,7/30/95,7/30/95,1
LEPIDOPTERA,GRACILLARIIDAE,10/1/95,10/8/95,3
LEPIDOPTERA,GRACILLARIIDAE,10/13/95,10/22/95,3
LEPIDOPTERA,GRACILLARIIDAE,10/23/95,11/12/95,1
LEPIDOPTERA,GRACILLARIIDAE,10/9/95,10/12/95,3
LEPIDOPTERA,GRACILLARIIDAE,4/26/95,5/8/95,6
LEPIDOPTERA,GRACILLARIIDAE,5/22/95,5/31/95,8
LEPIDOPTERA,GRACILLARIIDAE,5/9/95,5/21/95,2
LEPIDOPTERA,GRACILLARIIDAE,6/12/95,6/19/95,25
LEPIDOPTERA,GRACILLARIIDAE,6/20/95,6/25/95,34
LEPIDOPTERA,GRACILLARIIDAE,6/26/95,6/27/95,14
LEPIDOPTERA,GRACILLARIIDAE,6/28/95,6/29/95,1
LEPIDOPTERA,GRACILLARIIDAE,6/6/95,6/6/95,14
LEPIDOPTERA,GRACILLARIIDAE,6/7/95,6/11/95,4
LEPIDOPTERA,GRACILLARIIDAE,7/10/95,7/13/95,14
LEPIDOPTERA,GRACILLARIIDAE,7/14/95,7/17/95,14
LEPIDOPTERA,GRACILLARIIDAE,7/18/95,7/20/95,49
LEPIDOPTERA,GRACILLARIIDAE,7/21/95,7/21/95,43
LEPIDOPTERA,GRACILLARIIDAE,7/22/95,7/24/95,50
LEPIDOPTERA,GRACILLARIIDAE,7/25/95,7/27/95,42
LEPIDOPTERA,GRACILLARIIDAE,7/28/95,7/29/95,28
LEPIDOPTERA,GRACILLARIIDAE,7/30/95,7/30/95,69
LEPIDOPTERA,GRACILLARIIDAE,7/31/95,7/31/95,4
LEPIDOPTERA,GRACILLARIIDAE,7/4/95,7/6/95,4
LEPIDOPTERA,GRACILLARIIDAE,7/7/95,7/9/95,5
LEPIDOPTERA,GRACILLARIIDAE,8/1/95,8/1/95,28
LEPIDOPTERA,GRACILLARIIDAE,8/10/95,8/13/95,132
LEPIDOPTERA,GRACILLARIIDAE,8/14/95,8/16/95,84
LEPIDOPTERA,GRACILLARIIDAE,8/17/95,8/17/95,20
LEPIDOPTERA,GRACILLARIIDAE,8/18/95,8/18/95,13
LEPIDOPTERA,GRACILLARIIDAE,8/19/95,8/20/95,39
LEPIDOPTERA,GRACILLARIIDAE,8/2/95,8/2/95,96
LEPIDOPTERA,GRACILLARIIDAE,8/21/95,8/23/95,2
LEPIDOPTERA,GRACILLARIIDAE,8/24/95,8/31/95,16
LEPIDOPTERA,GRACILLARIIDAE,8/3/95,8/3/95,85
LEPIDOPTERA,GRACILLARIIDAE,8/4/95,8/5/95,33
LEPIDOPTERA,GRACILLARIIDAE,8/6/95,8/6/95,110
LEPIDOPTERA,GRACILLARIIDAE,8/7/95,8/7/95,54
LEPIDOPTERA,GRACILLARIIDAE,8/8/95,8/9/95,84
LEPIDOPTERA,GRACILLARIIDAE,9/1/95,9/12/95,13
LEPIDOPTERA,GRACILLARIIDAE,9/13/95,9/20/95,3
LEPIDOPTERA,HEPIALIDAE,6/12/95,6/19/95,1
LEPIDOPTERA,HEPIALIDAE,6/20/95,6/25/95,1
LEPIDOPTERA,HEPIALIDAE,8/10/95,8/13/95,1
LEPIDOPTERA,LASIOCAMPIDAE,7/10/95,7/13/95,1
LEPIDOPTERA,LIMACODIDAE,7/21/95,7/21/95,1
LEPIDOPTERA,LYMANTRIIDAE,6/28/95,6/29/95,1
LEPIDOPTERA,LYONETIDAE,10/1/95,10/8/95,2
LEPIDOPTERA,LYONETIDAE,10/13/95,10/22/95,4
LEPIDOPTERA,LYONETIDAE,10/9/95,10/12/95,3
LEPIDOPTERA,LYONETIDAE,6/26/95,6/27/95,5
LEPIDOPTERA,LYONETIDAE,6/28/95,6/29/95,1
LEPIDOPTERA,LYONETIDAE,6/30/95,7/3/95,8
LEPIDOPTERA,LYONETIDAE,7/10/95,7/13/95,3
LEPIDOPTERA,LYONETIDAE,7/14/95,7/17/95,3
LEPIDOPTERA,LYONETIDAE,7/18/95,7/20/95,7
LEPIDOPTERA,LYONETIDAE,7/21/95,7/21/95,8
LEPIDOPTERA,LYONETIDAE,7/22/95,7/24/95,1
LEPIDOPTERA,LYONETIDAE,7/30/95,7/30/95,3
LEPIDOPTERA,LYONETIDAE,7/4/95,7/6/95,5
LEPIDOPTERA,LYONETIDAE,7/7/95,7/9/95,7
LEPIDOPTERA,LYONETIDAE,8/1/95,8/1/95,2
LEPIDOPTERA,LYONETIDAE,8/10/95,8/13/95,55
LEPIDOPTERA,LYONETIDAE,8/14/95,8/16/95,40
LEPIDOPTERA,LYONETIDAE,8/17/95,8/17/95,19
LEPIDOPTERA,LYONETIDAE,8/18/95,8/18/95,11
LEPIDOPTERA,LYONETIDAE,8/19/95,8/20/95,14
LEPIDOPTERA,LYONETIDAE,8/2/95,8/2/95,2
LEPIDOPTERA,LYONETIDAE,8/24/95,8/31/95,3
LEPIDOPTERA,LYONETIDAE,8/3/95,8/3/95,11
LEPIDOPTERA,LYONETIDAE,8/4/95,8/5/95,2
LEPIDOPTERA,LYONETIDAE,8/6/95,8/6/95,16
LEPIDOPTERA,LYONETIDAE,8/7/95,8/7/95,15
LEPIDOPTERA,LYONETIDAE,8/8/95,8/9/95,23
LEPIDOPTERA,LYONETIDAE,9/1/95,9/12/95,3
LEPIDOPTERA,LYONETIDAE,9/13/95,9/20/95,2
LEPIDOPTERA,LYONETIDAE,9/21/95,9/30/95,2
LEPIDOPTERA,MOMPHIDAE,4/26/95,5/8/95,1
LEPIDOPTERA,MOMPHIDAE,6/12/95,6/19/95,2
LEPIDOPTERA,MOMPHIDAE,7/10/95,7/13/95,1
LEPIDOPTERA,MOMPHIDAE,7/18/95,7/20/95,1
LEPIDOPTERA,MOMPHIDAE,7/21/95,7/21/95,1
LEPIDOPTERA,MOMPHIDAE,7/22/95,7/24/95,1
LEPIDOPTERA,MOMPHIDAE,9/1/95,9/12/95,2
LEPIDOPTERA,NEPTICULIDAE,4/26/95,5/8/95,1
LEPIDOPTERA,NEPTICULIDAE,6/12/95,6/19/95,2
LEPIDOPTERA,NEPTICULIDAE,6/20/95,6/25/95,16
LEPIDOPTERA,NEPTICULIDAE,6/26/95,6/27/95,12
LEPIDOPTERA,NEPTICULIDAE,6/28/95,6/29/95,10
LEPIDOPTERA,NEPTICULIDAE,6/6/95,6/6/95,1
LEPIDOPTERA,NEPTICULIDAE,7/14/95,7/17/95,2
LEPIDOPTERA,NEPTICULIDAE,7/21/95,7/21/95,6
LEPIDOPTERA,NEPTICULIDAE,7/22/95,7/24/95,1
LEPIDOPTERA,NEPTICULIDAE,7/30/95,7/30/95,2
LEPIDOPTERA,NEPTICULIDAE,7/31/95,7/31/95,2
LEPIDOPTERA,NEPTICULIDAE,7/7/95,7/9/95,1
LEPIDOPTERA,NEPTICULIDAE,8/10/95,8/13/95,3
LEPIDOPTERA,NEPTICULIDAE,8/14/95,8/16/95,4
LEPIDOPTERA,NEPTICULIDAE,8/17/95,8/17/95,4
LEPIDOPTERA,NEPTICULIDAE,8/18/95,8/18/95,1
LEPIDOPTERA,NEPTICULIDAE,8/19/95,8/20/95,6
LEPIDOPTERA,NEPTICULIDAE,8/2/95,8/2/95,3
LEPIDOPTERA,NEPTICULIDAE,8/21/95,8/23/95,1
LEPIDOPTERA,NEPTICULIDAE,8/24/95,8/31/95,2
LEPIDOPTERA,NEPTICULIDAE,8/3/95,8/3/95,5
LEPIDOPTERA,NEPTICULIDAE,8/6/95,8/6/95,7
LEPIDOPTERA,NEPTICULIDAE,8/7/95,8/7/95,4
LEPIDOPTERA,NEPTICULIDAE,8/8/95,8/9/95,4
LEPIDOPTERA,NOCTUIDAE,10/1/95,10/8/95,17
LEPIDOPTERA,NOCTUIDAE,10/13/95,10/22/95,23
LEPIDOPTERA,NOCTUIDAE,10/23/95,11/12/95,6
LEPIDOPTERA,NOCTUIDAE,10/9/95,10/12/95,12
LEPIDOPTERA,NOCTUIDAE,4/26/95,5/8/95,38
LEPIDOPTERA,NOCTUIDAE,4/7/95,4/25/95,24
LEPIDOPTERA,NOCTUIDAE,5/22/95,5/31/95,15
LEPIDOPTERA,NOCTUIDAE,5/9/95,5/21/95,6
LEPIDOPTERA,NOCTUIDAE,6/12/95,6/19/95,73
LEPIDOPTERA,NOCTUIDAE,6/20/95,6/25/95,88
LEPIDOPTERA,NOCTUIDAE,6/26/95,6/27/95,46
LEPIDOPTERA,NOCTUIDAE,6/28/95,6/29/95,27
LEPIDOPTERA,NOCTUIDAE,6/30/95,7/3/95,105
LEPIDOPTERA,NOCTUIDAE,6/6/95,6/6/95,15
LEPIDOPTERA,NOCTUIDAE,6/7/95,6/11/95,17
LEPIDOPTERA,NOCTUIDAE,7/10/95,7/13/95,112
LEPIDOPTERA,NOCTUIDAE,7/14/95,7/17/95,225
LEPIDOPTERA,NOCTUIDAE,7/18/95,7/20/95,184
LEPIDOPTERA,NOCTUIDAE,7/21/95,7/21/95,109
LEPIDOPTERA,NOCTUIDAE,7/22/95,7/24/95,123
LEPIDOPTERA,NOCTUIDAE,7/25/95,7/27/95,55
LEPIDOPTERA,NOCTUIDAE,7/28/95,7/29/95,53
LEPIDOPTERA,NOCTUIDAE,7/30/95,7/30/95,108
LEPIDOPTERA,NOCTUIDAE,7/31/95,7/31/95,28
LEPIDOPTERA,NOCTUIDAE,7/4/95,7/6/95,75
LEPIDOPTERA,NOCTUIDAE,7/7/95,7/9/95,98
LEPIDOPTERA,NOCTUIDAE,8/1/95,8/1/95,84
LEPIDOPTERA,NOCTUIDAE,8/10/95,8/13/95,164
LEPIDOPTERA,NOCTUIDAE,8/14/95,8/16/95,160
LEPIDOPTERA,NOCTUIDAE,8/17/95,8/17/95,68
LEPIDOPTERA,NOCTUIDAE,8/18/95,8/18/95,72
LEPIDOPTERA,NOCTUIDAE,8/19/95,8/20/95,73
LEPIDOPTERA,NOCTUIDAE,8/2/95,8/2/95,113
LEPIDOPTERA,NOCTUIDAE,8/21/95,8/23/95,71
LEPIDOPTERA,NOCTUIDAE,8/24/95,8/31/95,158
LEPIDOPTERA,NOCTUIDAE,8/3/95,8/3/95,73
LEPIDOPTERA,NOCTUIDAE,8/4/95,8/5/95,96
LEPIDOPTERA,NOCTUIDAE,8/6/95,8/6/95,75
LEPIDOPTERA,NOCTUIDAE,8/7/95,8/7/95,77
LEPIDOPTERA,NOCTUIDAE,8/8/95,8/9/95,81
LEPIDOPTERA,NOCTUIDAE,9/1/95,9/12/95,149
LEPIDOPTERA,NOCTUIDAE,9/13/95,9/20/95,29
LEPIDOPTERA,NOCTUIDAE,9/21/95,9/30/95,59
LEPIDOPTERA,NOLIDAE,10/9/95,10/12/95,1
LEPIDOPTERA,NOLIDAE,6/20/95,6/25/95,1
LEPIDOPTERA,NOLIDAE,6/28/95,6/29/95,1
LEPIDOPTERA,NOLIDAE,6/30/95,7/3/95,3
LEPIDOPTERA,NOLIDAE,6/6/95,6/6/95,1
LEPIDOPTERA,NOLIDAE,7/10/95,7/13/95,4
LEPIDOPTERA,NOLIDAE,7/14/95,7/17/95,2
LEPIDOPTERA,NOLIDAE,7/18/95,7/20/95,3
LEPIDOPTERA,NOLIDAE,7/21/95,7/21/95,1
LEPIDOPTERA,NOLIDAE,7/25/95,7/27/95,1
LEPIDOPTERA,NOLIDAE,7/28/95,7/29/95,1
LEPIDOPTERA,NOLIDAE,7/4/95,7/6/95,1
LEPIDOPTERA,NOLIDAE,7/7/95,7/9/95,4
LEPIDOPTERA,NOLIDAE,8/2/95,8/2/95,1
LEPIDOPTERA,NOLIDAE,8/4/95,8/5/95,1
LEPIDOPTERA,NOTODONTIDAE,5/22/95,5/31/95,1
LEPIDOPTERA,NOTODONTIDAE,6/12/95,6/19/95,1
LEPIDOPTERA,NOTODONTIDAE,6/20/95,6/25/95,2
LEPIDOPTERA,NOTODONTIDAE,7/14/95,7/17/95,1
LEPIDOPTERA,NOTODONTIDAE,7/21/95,7/21/95,1
LEPIDOPTERA,NOTODONTIDAE,8/10/95,8/13/95,3
LEPIDOPTERA,NOTODONTIDAE,8/14/95,8/16/95,1
LEPIDOPTERA,NOTODONTIDAE,8/17/95,8/17/95,2
LEPIDOPTERA,NOTODONTIDAE,8/7/95,8/7/95,1
LEPIDOPTERA,NOTODONTIDAE,8/8/95,8/9/95,1
LEPIDOPTERA,OECOPHORIDAE,10/13/95,10/22/95,1
LEPIDOPTERA,OECOPHORIDAE,5/22/95,5/31/95,5
LEPIDOPTERA,OECOPHORIDAE,6/12/95,6/19/95,10
LEPIDOPTERA,OECOPHORIDAE,6/20/95,6/25/95,10
LEPIDOPTERA,OECOPHORIDAE,6/26/95,6/27/95,8
LEPIDOPTERA,OECOPHORIDAE,6/28/95,6/29/95,5
LEPIDOPTERA,OECOPHORIDAE,6/30/95,7/3/95,9
LEPIDOPTERA,OECOPHORIDAE,6/6/95,6/6/95,1
LEPIDOPTERA,OECOPHORIDAE,6/7/95,6/11/95,2
LEPIDOPTERA,OECOPHORIDAE,7/10/95,7/13/95,19
LEPIDOPTERA,OECOPHORIDAE,7/14/95,7/17/95,11
LEPIDOPTERA,OECOPHORIDAE,7/18/95,7/20/95,39
LEPIDOPTERA,OECOPHORIDAE,7/21/95,7/21/95,28
LEPIDOPTERA,OECOPHORIDAE,7/22/95,7/24/95,14
LEPIDOPTERA,OECOPHORIDAE,7/25/95,7/27/95,14
LEPIDOPTERA,OECOPHORIDAE,7/28/95,7/29/95,12
LEPIDOPTERA,OECOPHORIDAE,7/30/95,7/30/95,46
LEPIDOPTERA,OECOPHORIDAE,7/31/95,7/31/95,4
LEPIDOPTERA,OECOPHORIDAE,7/4/95,7/6/95,4
LEPIDOPTERA,OECOPHORIDAE,7/7/95,7/9/95,2
LEPIDOPTERA,OECOPHORIDAE,8/1/95,8/1/95,27
LEPIDOPTERA,OECOPHORIDAE,8/10/95,8/13/95,40
LEPIDOPTERA,OECOPHORIDAE,8/14/95,8/16/95,29
LEPIDOPTERA,OECOPHORIDAE,8/17/95,8/17/95,11
LEPIDOPTERA,OECOPHORIDAE,8/18/95,8/18/95,5
LEPIDOPTERA,OECOPHORIDAE,8/19/95,8/20/95,10
LEPIDOPTERA,OECOPHORIDAE,8/2/95,8/2/95,39
LEPIDOPTERA,OECOPHORIDAE,8/21/95,8/23/95,1
LEPIDOPTERA,OECOPHORIDAE,8/24/95,8/31/95,5
LEPIDOPTERA,OECOPHORIDAE,8/3/95,8/3/95,29
LEPIDOPTERA,OECOPHORIDAE,8/4/95,8/5/95,12
LEPIDOPTERA,OECOPHORIDAE,8/6/95,8/6/95,20
LEPIDOPTERA,OECOPHORIDAE,8/7/95,8/7/95,16
LEPIDOPTERA,OECOPHORIDAE,8/8/95,8/9/95,24
LEPIDOPTERA,OECOPHORIDAE,9/1/95,9/12/95,2
LEPIDOPTERA,OECOPHORIDAE,9/13/95,9/20/95,1
LEPIDOPTERA,OECOPHORIDAE,9/21/95,9/30/95,2
LEPIDOPTERA,PLUTELLIDAE,10/13/95,10/22/95,3
LEPIDOPTERA,PLUTELLIDAE,10/9/95,10/12/95,2
LEPIDOPTERA,PLUTELLIDAE,5/22/95,5/31/95,2
LEPIDOPTERA,PLUTELLIDAE,6/12/95,6/19/95,8
LEPIDOPTERA,PLUTELLIDAE,6/20/95,6/25/95,74
LEPIDOPTERA,PLUTELLIDAE,6/26/95,6/27/95,45
LEPIDOPTERA,PLUTELLIDAE,6/30/95,7/3/95,16
LEPIDOPTERA,PLUTELLIDAE,7/10/95,7/13/95,15
LEPIDOPTERA,PLUTELLIDAE,7/14/95,7/17/95,7
LEPIDOPTERA,PLUTELLIDAE,7/18/95,7/20/95,16
LEPIDOPTERA,PLUTELLIDAE,7/21/95,7/21/95,14
LEPIDOPTERA,PLUTELLIDAE,7/22/95,7/24/95,6
LEPIDOPTERA,PLUTELLIDAE,7/25/95,7/27/95,3
LEPIDOPTERA,PLUTELLIDAE,7/28/95,7/29/95,3
LEPIDOPTERA,PLUTELLIDAE,7/30/95,7/30/95,45
LEPIDOPTERA,PLUTELLIDAE,7/31/95,7/31/95,1
LEPIDOPTERA,PLUTELLIDAE,7/4/95,7/6/95,1
LEPIDOPTERA,PLUTELLIDAE,7/7/95,7/9/95,8
LEPIDOPTERA,PLUTELLIDAE,8/1/95,8/1/95,24
LEPIDOPTERA,PLUTELLIDAE,8/10/95,8/13/95,13
LEPIDOPTERA,PLUTELLIDAE,8/14/95,8/16/95,16
LEPIDOPTERA,PLUTELLIDAE,8/17/95,8/17/95,5
LEPIDOPTERA,PLUTELLIDAE,8/18/95,8/18/95,1
LEPIDOPTERA,PLUTELLIDAE,8/19/95,8/20/95,2
LEPIDOPTERA,PLUTELLIDAE,8/2/95,8/2/95,39
LEPIDOPTERA,PLUTELLIDAE,8/21/95,8/23/95,5
LEPIDOPTERA,PLUTELLIDAE,8/24/95,8/31/95,8
LEPIDOPTERA,PLUTELLIDAE,8/3/95,8/3/95,11
LEPIDOPTERA,PLUTELLIDAE,8/4/95,8/5/95,9
LEPIDOPTERA,PLUTELLIDAE,8/6/95,8/6/95,13
LEPIDOPTERA,PLUTELLIDAE,8/7/95,8/7/95,5
LEPIDOPTERA,PLUTELLIDAE,8/8/95,8/9/95,5
LEPIDOPTERA,PLUTELLIDAE,9/1/95,9/12/95,4
LEPIDOPTERA,PLUTELLIDAE,9/13/95,9/20/95,1
LEPIDOPTERA,PLUTELLIDAE,9/21/95,9/30/95,6
LEPIDOPTERA,PTEROPHORIDAE,10/1/95,10/8/95,1
LEPIDOPTERA,PTEROPHORIDAE,8/1/95,8/1/95,1
LEPIDOPTERA,PTEROPHORIDAE,8/2/95,8/2/95,1
LEPIDOPTERA,PYRALIDAE,4/26/95,5/8/95,1
LEPIDOPTERA,PYRALIDAE,5/9/95,5/21/95,2
LEPIDOPTERA,PYRALIDAE,6/12/95,6/19/95,2
LEPIDOPTERA,PYRALIDAE,6/20/95,6/25/95,7
LEPIDOPTERA,PYRALIDAE,6/26/95,6/27/95,8
LEPIDOPTERA,PYRALIDAE,6/28/95,6/29/95,10
LEPIDOPTERA,PYRALIDAE,6/30/95,7/3/95,17
LEPIDOPTERA,PYRALIDAE,7/10/95,7/13/95,67
LEPIDOPTERA,PYRALIDAE,7/14/95,7/17/95,139
LEPIDOPTERA,PYRALIDAE,7/18/95,7/20/95,215
LEPIDOPTERA,PYRALIDAE,7/21/95,7/21/95,105
LEPIDOPTERA,PYRALIDAE,7/22/95,7/24/95,63
LEPIDOPTERA,PYRALIDAE,7/25/95,7/27/95,32
LEPIDOPTERA,PYRALIDAE,7/28/95,7/29/95,21
LEPIDOPTERA,PYRALIDAE,7/30/95,7/30/95,88
LEPIDOPTERA,PYRALIDAE,7/31/95,7/31/95,8
LEPIDOPTERA,PYRALIDAE,7/4/95,7/6/95,17
LEPIDOPTERA,PYRALIDAE,7/7/95,7/9/95,31
LEPIDOPTERA,PYRALIDAE,8/1/95,8/1/95,49
LEPIDOPTERA,PYRALIDAE,8/10/95,8/13/95,139
LEPIDOPTERA,PYRALIDAE,8/14/95,8/16/95,107
LEPIDOPTERA,PYRALIDAE,8/17/95,8/17/95,30
LEPIDOPTERA,PYRALIDAE,8/18/95,8/18/95,30
LEPIDOPTERA,PYRALIDAE,8/19/95,8/20/95,21
LEPIDOPTERA,PYRALIDAE,8/2/95,8/2/95,89
LEPIDOPTERA,PYRALIDAE,8/21/95,8/23/95,2
LEPIDOPTERA,PYRALIDAE,8/24/95,8/31/95,5
LEPIDOPTERA,PYRALIDAE,8/3/95,8/3/95,48
LEPIDOPTERA,PYRALIDAE,8/4/95,8/5/95,47
LEPIDOPTERA,PYRALIDAE,8/6/95,8/6/95,42
LEPIDOPTERA,PYRALIDAE,8/7/95,8/7/95,23
LEPIDOPTERA,PYRALIDAE,8/8/95,8/9/95,63
LEPIDOPTERA,PYRALIDAE,9/1/95,9/12/95,8
LEPIDOPTERA,PYRALIDAE,9/21/95,9/30/95,2
LEPIDOPTERA,SPHINGIDAE,5/22/95,5/31/95,1
LEPIDOPTERA,SPHINGIDAE,6/12/95,6/19/95,1
LEPIDOPTERA,SPHINGIDAE,6/26/95,6/27/95,1
LEPIDOPTERA,SPHINGIDAE,7/14/95,7/17/95,1
LEPIDOPTERA,TINEIDAE,4/26/95,5/8/95,1
LEPIDOPTERA,TINEIDAE,6/12/95,6/19/95,2
LEPIDOPTERA,TINEIDAE,6/20/95,6/25/95,8
LEPIDOPTERA,TINEIDAE,6/26/95,6/27/95,10
LEPIDOPTERA,TINEIDAE,6/30/95,7/3/95,1
LEPIDOPTERA,TINEIDAE,6/7/95,6/11/95,1
LEPIDOPTERA,TINEIDAE,7/10/95,7/13/95,5
LEPIDOPTERA,TINEIDAE,7/14/95,7/17/95,2
LEPIDOPTERA,TINEIDAE,7/18/95,7/20/95,1
LEPIDOPTERA,TINEIDAE,7/21/95,7/21/95,1
LEPIDOPTERA,TINEIDAE,7/4/95,7/6/95,1
LEPIDOPTERA,TINEIDAE,7/7/95,7/9/95,1
LEPIDOPTERA,TINEIDAE,8/10/95,8/13/95,1
LEPIDOPTERA,TINEIDAE,8/2/95,8/2/95,1
LEPIDOPTERA,TINEIDAE,8/24/95,8/31/95,1
LEPIDOPTERA,TINEIDAE,8/6/95,8/6/95,1
LEPIDOPTERA,TINEIDAE,8/8/95,8/9/95,2
LEPIDOPTERA,TINEIDAE,9/1/95,9/12/95,1
LEPIDOPTERA,TORTRICIDAE,10/1/95,10/8/95,6
LEPIDOPTERA,TORTRICIDAE,10/13/95,10/22/95,4
LEPIDOPTERA,TORTRICIDAE,10/23/95,11/12/95,2
LEPIDOPTERA,TORTRICIDAE,10/9/95,10/12/95,1
LEPIDOPTERA,TORTRICIDAE,5/9/95,5/21/95,1
LEPIDOPTERA,TORTRICIDAE,6/1/95,6/5/95,1
LEPIDOPTERA,TORTRICIDAE,6/12/95,6/19/95,13
LEPIDOPTERA,TORTRICIDAE,6/20/95,6/25/95,70
LEPIDOPTERA,TORTRICIDAE,6/26/95,6/27/95,92
LEPIDOPTERA,TORTRICIDAE,6/28/95,6/29/95,73
LEPIDOPTERA,TORTRICIDAE,6/30/95,7/3/95,110
LEPIDOPTERA,TORTRICIDAE,6/6/95,6/6/95,2
LEPIDOPTERA,TORTRICIDAE,6/7/95,6/11/95,1
LEPIDOPTERA,TORTRICIDAE,7/10/95,7/13/95,428
LEPIDOPTERA,TORTRICIDAE,7/14/95,7/17/95,389
LEPIDOPTERA,TORTRICIDAE,7/18/95,7/20/95,439
LEPIDOPTERA,TORTRICIDAE,7/21/95,7/21/95,268
LEPIDOPTERA,TORTRICIDAE,7/22/95,7/24/95,102
LEPIDOPTERA,TORTRICIDAE,7/25/95,7/27/95,56
LEPIDOPTERA,TORTRICIDAE,7/28/95,7/29/95,59
LEPIDOPTERA,TORTRICIDAE,7/30/95,7/30/95,210
LEPIDOPTERA,TORTRICIDAE,7/31/95,7/31/95,26
LEPIDOPTERA,TORTRICIDAE,7/4/95,7/6/95,134
LEPIDOPTERA,TORTRICIDAE,7/7/95,7/9/95,249
LEPIDOPTERA,TORTRICIDAE,8/1/95,8/1/95,197
LEPIDOPTERA,TORTRICIDAE,8/10/95,8/13/95,132
LEPIDOPTERA,TORTRICIDAE,8/14/95,8/16/95,90
LEPIDOPTERA,TORTRICIDAE,8/17/95,8/17/95,29
LEPIDOPTERA,TORTRICIDAE,8/18/95,8/18/95,25
LEPIDOPTERA,TORTRICIDAE,8/19/95,8/20/95,33
LEPIDOPTERA,TORTRICIDAE,8/2/95,8/2/95,156
LEPIDOPTERA,TORTRICIDAE,8/21/95,8/23/95,9
LEPIDOPTERA,TORTRICIDAE,8/24/95,8/31/95,13
LEPIDOPTERA,TORTRICIDAE,8/3/95,8/3/95,118
LEPIDOPTERA,TORTRICIDAE,8/4/95,8/5/95,73
LEPIDOPTERA,TORTRICIDAE,8/6/95,8/6/95,112
LEPIDOPTERA,TORTRICIDAE,8/7/95,8/7/95,30
LEPIDOPTERA,TORTRICIDAE,8/8/95,8/9/95,52
LEPIDOPTERA,TORTRICIDAE,9/1/95,9/12/95,16
LEPIDOPTERA,TORTRICIDAE,9/13/95,9/20/95,9
LEPIDOPTERA,TORTRICIDAE,9/21/95,9/30/95,5
LEPIDOPTERA,YPONOMEUTIDAE,10/1/95,10/8/95,6
LEPIDOPTERA,YPONOMEUTIDAE,10/9/95,10/12/95,3
LEPIDOPTERA,YPONOMEUTIDAE,6/12/95,6/19/95,1
LEPIDOPTERA,YPONOMEUTIDAE,6/20/95,6/25/95,4
LEPIDOPTERA,YPONOMEUTIDAE,6/26/95,6/27/95,1
LEPIDOPTERA,YPONOMEUTIDAE,6/28/95,6/29/95,10
LEPIDOPTERA,YPONOMEUTIDAE,6/30/95,7/3/95,1
LEPIDOPTERA,YPONOMEUTIDAE,6/6/95,6/6/95,2
LEPIDOPTERA,YPONOMEUTIDAE,7/10/95,7/13/95,242
LEPIDOPTERA,YPONOMEUTIDAE,7/14/95,7/17/95,382
LEPIDOPTERA,YPONOMEUTIDAE,7/18/95,7/20/95,391
LEPIDOPTERA,YPONOMEUTIDAE,7/21/95,7/21/95,227
LEPIDOPTERA,YPONOMEUTIDAE,7/22/95,7/24/95,118
LEPIDOPTERA,YPONOMEUTIDAE,7/25/95,7/27/95,124
LEPIDOPTERA,YPONOMEUTIDAE,7/28/95,7/29/95,32
LEPIDOPTERA,YPONOMEUTIDAE,7/30/95,7/30/95,140
LEPIDOPTERA,YPONOMEUTIDAE,7/31/95,7/31/95,18
LEPIDOPTERA,YPONOMEUTIDAE,7/4/95,7/6/95,3
LEPIDOPTERA,YPONOMEUTIDAE,7/7/95,7/9/95,14
LEPIDOPTERA,YPONOMEUTIDAE,8/1/95,8/1/95,115
LEPIDOPTERA,YPONOMEUTIDAE,8/10/95,8/13/95,95
LEPIDOPTERA,YPONOMEUTIDAE,8/14/95,8/16/95,92
LEPIDOPTERA,YPONOMEUTIDAE,8/17/95,8/17/95,30
LEPIDOPTERA,YPONOMEUTIDAE,8/18/95,8/18/95,44
LEPIDOPTERA,YPONOMEUTIDAE,8/19/95,8/20/95,49
LEPIDOPTERA,YPONOMEUTIDAE,8/2/95,8/2/95,259
LEPIDOPTERA,YPONOMEUTIDAE,8/21/95,8/23/95,6
LEPIDOPTERA,YPONOMEUTIDAE,8/24/95,8/31/95,25
LEPIDOPTERA,YPONOMEUTIDAE,8/3/95,8/3/95,128
LEPIDOPTERA,YPONOMEUTIDAE,8/4/95,8/5/95,51
LEPIDOPTERA,YPONOMEUTIDAE,8/6/95,8/6/95,90
LEPIDOPTERA,YPONOMEUTIDAE,8/7/95,8/7/95,40
LEPIDOPTERA,YPONOMEUTIDAE,8/8/95,8/9/95,106
LEPIDOPTERA,YPONOMEUTIDAE,9/1/95,9/12/95,22
LEPIDOPTERA,YPONOMEUTIDAE,9/13/95,9/20/95,6
LEPIDOPTERA,YPONOMEUTIDAE,9/21/95,9/30/95,7
