order,family,date1,date2,individuals
COLEOPTERA,ADERIDAE,7/26/96,7/29/96,1
COLEOPTERA,ADERIDAE,8/2/96,8/8/96,1
COLEOPTERA,ANOBIIDAE,6/21/96,6/25/96,1
COLEOPTERA,ANOBIIDAE,7/24/96,7/25/96,1
COLEOPTERA,CANTHARIDAE,6/13/96,6/20/96,2
COLEOPTERA,CANTHARIDAE,7/18/96,7/23/96,1
COLEOPTERA,CANTHARIDAE,7/24/96,7/25/96,4
COLEOPTERA,CANTHARIDAE,7/26/96,7/29/96,1
COLEOPTERA,CANTHARIDAE,7/30/96,8/1/96,4
COLEOPTERA,CANTHARIDAE,7/5/96,7/11/96,1
COLEOPTERA,CANTHARIDAE,8/2/96,8/8/96,2
COLEOPTERA,CARABIDAE,10/21/96,10/31/96,1
COLEOPTERA,CARABIDAE,7/18/96,7/23/96,4
COLEOPTERA,CARABIDAE,7/24/96,7/25/96,34
COLEOPTERA,CARABIDAE,7/26/96,7/29/96,3
COLEOPTERA,CARABIDAE,7/30/96,8/1/96,31
COLEOPTERA,CARABIDAE,7/5/96,7/11/96,3
COLEOPTERA,CARABIDAE,8/12/96,8/13/96,1
COLEOPTERA,CARABIDAE,8/14/96,8/15/96,78
COLEOPTERA,CARABIDAE,8/16/96,8/18/96,486
COLEOPTERA,CARABIDAE,8/19/96,8/20/96,9
COLEOPTERA,CARABIDAE,8/2/96,8/8/96,3
COLEOPTERA,CARABIDAE,8/21/96,8/22/96,6
COLEOPTERA,CARABIDAE,8/23/96,8/25/96,32
COLEOPTERA,CARABIDAE,8/26/96,8/31/96,6
COLEOPTERA,CARABIDAE,9/1/96,9/2/96,2
COLEOPTERA,CARABIDAE,9/3/96,9/9/96,11
COLEOPTERA,CERAMBYCIDAE,6/13/96,6/20/96,1
COLEOPTERA,COCCINELLIDAE,4/3/96,4/30/96,1
COLEOPTERA,COCCINELLIDAE,7/12/96,7/17/96,1
COLEOPTERA,COCCINELLIDAE,7/18/96,7/23/96,1
COLEOPTERA,COCCINELLIDAE,7/24/96,7/25/96,2
COLEOPTERA,COCCINELLIDAE,7/5/96,7/11/96,1
COLEOPTERA,COCCINELLIDAE,8/14/96,8/15/96,2
COLEOPTERA,COCCINELLIDAE,8/16/96,8/18/96,5
COLEOPTERA,COCCINELLIDAE,8/23/96,8/25/96,1
COLEOPTERA,CRYPTOPHAGIDAE,7/24/96,7/25/96,4
COLEOPTERA,CRYPTOPHAGIDAE,8/14/96,8/15/96,1
COLEOPTERA,CRYPTOPHAGIDAE,8/19/96,8/20/96,1
COLEOPTERA,CRYPTOPHAGIDAE,8/23/96,8/25/96,1
COLEOPTERA,CURCULIONIDAE,6/13/96,6/20/96,1
COLEOPTERA,CURCULIONIDAE,7/24/96,7/25/96,1
COLEOPTERA,CURCULIONIDAE,7/26/96,7/29/96,1
COLEOPTERA,CURCULIONIDAE,7/30/96,8/1/96,1
COLEOPTERA,CURCULIONIDAE,7/5/96,7/11/96,1
COLEOPTERA,CURCULIONIDAE,8/16/96,8/18/96,12
COLEOPTERA,DERMESTIDAE,6/1/96,6/9/96,4
COLEOPTERA,DERMESTIDAE,6/10/96,6/12/96,1
COLEOPTERA,DERMESTIDAE,6/21/96,6/25/96,2
COLEOPTERA,DERMESTIDAE,6/26/96,6/30/96,1
COLEOPTERA,DERMESTIDAE,7/12/96,7/17/96,2
COLEOPTERA,DERMESTIDAE,7/18/96,7/23/96,5
COLEOPTERA,DERMESTIDAE,7/24/96,7/25/96,4
COLEOPTERA,DERMESTIDAE,7/5/96,7/11/96,10
COLEOPTERA,DERMESTIDAE,8/16/96,8/18/96,8
COLEOPTERA,DERMESTIDAE,8/19/96,8/20/96,2
COLEOPTERA,DERMESTIDAE,8/2/96,8/8/96,4
COLEOPTERA,DERMESTIDAE,8/21/96,8/22/96,2
COLEOPTERA,DERMESTIDAE,9/1/96,9/2/96,1
COLEOPTERA,DERMESTIDAE,9/3/96,9/9/96,2
COLEOPTERA,DYTISCIDAE,8/16/96,8/18/96,1
COLEOPTERA,DYTISCIDAE,8/19/96,8/20/96,1
COLEOPTERA,ELATERIDAE,7/18/96,7/23/96,1
COLEOPTERA,HELOPHORIDAE,8/12/96,8/13/96,1
COLEOPTERA,HELOPHORIDAE,8/16/96,8/18/96,1
COLEOPTERA,HETEROCERIDAE,6/26/96,6/30/96,1
COLEOPTERA,HETEROCERIDAE,7/18/96,7/23/96,1
COLEOPTERA,HETEROCERIDAE,7/30/96,8/1/96,1
COLEOPTERA,HYDROPHILIDAE,7/18/96,7/23/96,2
COLEOPTERA,HYDROPHILIDAE,7/24/96,7/25/96,5
COLEOPTERA,HYDROPHILIDAE,7/26/96,7/29/96,2
COLEOPTERA,HYDROPHILIDAE,7/30/96,8/1/96,2
COLEOPTERA,HYDROPHILIDAE,8/12/96,8/13/96,1
COLEOPTERA,HYDROPHILIDAE,8/14/96,8/15/96,3
COLEOPTERA,HYDROPHILIDAE,8/16/96,8/18/96,7
COLEOPTERA,HYDROPHILIDAE,8/19/96,8/20/96,1
COLEOPTERA,HYDROPHILIDAE,8/21/96,8/22/96,8
COLEOPTERA,HYDROPHILIDAE,8/23/96,8/25/96,4
COLEOPTERA,HYDROPHILIDAE,9/1/96,9/2/96,1
COLEOPTERA,HYDROPHILIDAE,9/3/96,9/9/96,1
COLEOPTERA,MELYRIDAE,6/13/96,6/20/96,7
COLEOPTERA,MELYRIDAE,6/21/96,6/25/96,6
COLEOPTERA,MELYRIDAE,6/26/96,6/30/96,12
COLEOPTERA,MELYRIDAE,7/1/96,7/4/96,1
COLEOPTERA,MELYRIDAE,7/12/96,7/17/96,6
COLEOPTERA,MELYRIDAE,7/18/96,7/23/96,2
COLEOPTERA,MELYRIDAE,7/30/96,8/1/96,1
COLEOPTERA,MELYRIDAE,7/5/96,7/11/96,1
COLEOPTERA,MELYRIDAE,8/16/96,8/18/96,1
COLEOPTERA,MELYRIDAE,8/2/96,8/8/96,1
COLEOPTERA,NITIDULIDAE,7/5/96,7/11/96,1
COLEOPTERA,NITIDULIDAE,8/16/96,8/18/96,1
COLEOPTERA,PHALACRIDAE,8/21/96,8/22/96,1
COLEOPTERA,PHALACRIDAE,9/1/96,9/2/96,1
COLEOPTERA,SCARABAEIDAE,6/13/96,6/20/96,1
COLEOPTERA,SCARABAEIDAE,6/21/96,6/25/96,1
COLEOPTERA,SCARABAEIDAE,6/26/96,6/30/96,1
COLEOPTERA,SCARABAEIDAE,7/12/96,7/17/96,3
COLEOPTERA,SCARABAEIDAE,7/18/96,7/23/96,1
COLEOPTERA,SCARABAEIDAE,7/24/96,7/25/96,2
COLEOPTERA,SCARABAEIDAE,7/30/96,8/1/96,5
COLEOPTERA,SCARABAEIDAE,7/5/96,7/11/96,1
COLEOPTERA,SCARABAEIDAE,8/2/96,8/8/96,2
COLEOPTERA,SCARABAEIDAE,9/19/96,9/30/96,1
COLEOPTERA,SCIRTIDAE,6/13/96,6/20/96,1
COLEOPTERA,SCIRTIDAE,6/26/96,6/30/96,1
COLEOPTERA,SCIRTIDAE,7/18/96,7/23/96,2
COLEOPTERA,SCIRTIDAE,7/24/96,7/25/96,4
COLEOPTERA,SCIRTIDAE,7/26/96,7/29/96,1
COLEOPTERA,SCIRTIDAE,7/5/96,7/11/96,2
COLEOPTERA,SCIRTIDAE,8/16/96,8/18/96,3
COLEOPTERA,SCIRTIDAE,8/2/96,8/8/96,1
COLEOPTERA,SCRAPTIIDAE,6/13/96,6/20/96,2
COLEOPTERA,SCRAPTIIDAE,7/1/96,7/4/96,1
COLEOPTERA,SCRAPTIIDAE,7/12/96,7/17/96,2
COLEOPTERA,SCRAPTIIDAE,7/5/96,7/11/96,1
COLEOPTERA,SILPHIDAE,8/16/96,8/18/96,1
COLEOPTERA,STAPHYLINIDAE,6/1/96,6/9/96,1
COLEOPTERA,STAPHYLINIDAE,6/13/96,6/20/96,1
COLEOPTERA,STAPHYLINIDAE,6/26/96,6/30/96,2
COLEOPTERA,STAPHYLINIDAE,7/18/96,7/23/96,1
COLEOPTERA,STAPHYLINIDAE,7/24/96,7/25/96,3
COLEOPTERA,STAPHYLINIDAE,8/14/96,8/15/96,1
COLEOPTERA,STAPHYLINIDAE,8/19/96,8/20/96,1
COLEOPTERA,STAPHYLINIDAE,8/21/96,8/22/96,1
COLEOPTERA,STAPHYLINIDAE,8/23/96,8/25/96,2
COLEOPTERA,STAPHYLINIDAE,9/19/96,9/30/96,1
COLEOPTERA,TENEBRIONIDAE,7/18/96,7/23/96,11
COLEOPTERA,TENEBRIONIDAE,7/24/96,7/25/96,9
COLEOPTERA,TENEBRIONIDAE,7/26/96,7/29/96,6
COLEOPTERA,TENEBRIONIDAE,7/30/96,8/1/96,19
COLEOPTERA,TENEBRIONIDAE,8/14/96,8/15/96,1
COLEOPTERA,TENEBRIONIDAE,8/2/96,8/8/96,2
COLEOPTERA,THROSCIDAE,8/23/96,8/25/96,1
COLEOPTERA,THROSCIDAE,9/10/96,9/18/96,1
COLEOPTERA,THROSCIDAE,9/3/96,9/9/96,1
LEPIDOPTERA,ACROLEPIIDAE,7/24/96,7/25/96,1
LEPIDOPTERA,ADELIDAE,6/13/96,6/20/96,3
LEPIDOPTERA,AGONOXENIDAE,6/21/96,6/25/96,1
LEPIDOPTERA,AGONOXENIDAE,6/26/96,6/30/96,2
LEPIDOPTERA,AGONOXENIDAE,7/12/96,7/17/96,2
LEPIDOPTERA,AGONOXENIDAE,7/26/96,7/29/96,1
LEPIDOPTERA,AGONOXENIDAE,7/30/96,8/1/96,1
LEPIDOPTERA,AGONOXENIDAE,7/5/96,7/11/96,2
LEPIDOPTERA,ARCTIIDAE,7/26/96,7/29/96,1
LEPIDOPTERA,ARCTIIDAE,7/5/96,7/11/96,1
LEPIDOPTERA,ARCTIIDAE,8/14/96,8/15/96,1
LEPIDOPTERA,ARCTIIDAE,8/16/96,8/18/96,1
LEPIDOPTERA,ARCTIIDAE,8/2/96,8/8/96,3
LEPIDOPTERA,BATRACHEDRIDAE,7/12/96,7/17/96,2
LEPIDOPTERA,BATRACHEDRIDAE,7/18/96,7/23/96,2
LEPIDOPTERA,BATRACHEDRIDAE,7/24/96,7/25/96,6
LEPIDOPTERA,BATRACHEDRIDAE,7/26/96,7/29/96,2
LEPIDOPTERA,BATRACHEDRIDAE,7/30/96,8/1/96,2
LEPIDOPTERA,BATRACHEDRIDAE,8/14/96,8/15/96,4
LEPIDOPTERA,BATRACHEDRIDAE,8/16/96,8/18/96,12
LEPIDOPTERA,BATRACHEDRIDAE,8/19/96,8/20/96,1
LEPIDOPTERA,BATRACHEDRIDAE,8/2/96,8/8/96,4
LEPIDOPTERA,BATRACHEDRIDAE,9/3/96,9/9/96,1
LEPIDOPTERA,BUCCULATRICIDAE,6/13/96,6/20/96,2
LEPIDOPTERA,BUCCULATRICIDAE,7/12/96,7/17/96,1
LEPIDOPTERA,BUCCULATRICIDAE,7/5/96,7/11/96,2
LEPIDOPTERA,BUCCULATRICIDAE,8/14/96,8/15/96,1
LEPIDOPTERA,BUCCULATRICIDAE,8/16/96,8/18/96,3
LEPIDOPTERA,CHIMABACHIDAE,5/1/96,5/31/96,1
LEPIDOPTERA,COLEOPHORIDAE,6/13/96,6/20/96,11
LEPIDOPTERA,COLEOPHORIDAE,6/21/96,6/25/96,2
LEPIDOPTERA,COLEOPHORIDAE,6/26/96,6/30/96,25
LEPIDOPTERA,COLEOPHORIDAE,7/12/96,7/17/96,14
LEPIDOPTERA,COLEOPHORIDAE,7/18/96,7/23/96,29
LEPIDOPTERA,COLEOPHORIDAE,7/24/96,7/25/96,19
LEPIDOPTERA,COLEOPHORIDAE,7/26/96,7/29/96,20
LEPIDOPTERA,COLEOPHORIDAE,7/30/96,8/1/96,18
LEPIDOPTERA,COLEOPHORIDAE,7/5/96,7/11/96,7
LEPIDOPTERA,COLEOPHORIDAE,8/14/96,8/15/96,2
LEPIDOPTERA,COLEOPHORIDAE,8/16/96,8/18/96,2
LEPIDOPTERA,COLEOPHORIDAE,8/2/96,8/8/96,17
LEPIDOPTERA,COSMOPTERIGIDAE,8/16/96,8/18/96,1
LEPIDOPTERA,COSMOPTERIGIDAE,8/19/96,8/20/96,1
LEPIDOPTERA,DEPRESSARIIDAE,4/3/96,4/30/96,2
LEPIDOPTERA,DEPRESSARIIDAE,8/26/96,8/31/96,1
LEPIDOPTERA,DREPANIDAE,6/21/96,6/25/96,4
LEPIDOPTERA,DREPANIDAE,6/26/96,6/30/96,1
LEPIDOPTERA,DREPANIDAE,7/12/96,7/17/96,3
LEPIDOPTERA,DREPANIDAE,7/24/96,7/25/96,2
LEPIDOPTERA,DREPANIDAE,7/5/96,7/11/96,2
LEPIDOPTERA,DREPANIDAE,8/12/96,8/13/96,1
LEPIDOPTERA,DREPANIDAE,8/16/96,8/18/96,1
LEPIDOPTERA,GELECHIIDAE,6/21/96,6/25/96,3
LEPIDOPTERA,GELECHIIDAE,6/26/96,6/30/96,3
LEPIDOPTERA,GELECHIIDAE,7/12/96,7/17/96,4
LEPIDOPTERA,GELECHIIDAE,7/18/96,7/23/96,39
LEPIDOPTERA,GELECHIIDAE,7/24/96,7/25/96,16
LEPIDOPTERA,GELECHIIDAE,7/26/96,7/29/96,19
LEPIDOPTERA,GELECHIIDAE,7/30/96,8/1/96,21
LEPIDOPTERA,GELECHIIDAE,7/5/96,7/11/96,13
LEPIDOPTERA,GELECHIIDAE,8/12/96,8/13/96,1
LEPIDOPTERA,GELECHIIDAE,8/14/96,8/15/96,28
LEPIDOPTERA,GELECHIIDAE,8/16/96,8/18/96,38
LEPIDOPTERA,GELECHIIDAE,8/19/96,8/20/96,3
LEPIDOPTERA,GELECHIIDAE,8/2/96,8/8/96,15
LEPIDOPTERA,GELECHIIDAE,8/21/96,8/22/96,5
LEPIDOPTERA,GELECHIIDAE,8/23/96,8/25/96,3
LEPIDOPTERA,GELECHIIDAE,8/26/96,8/31/96,3
LEPIDOPTERA,GELECHIIDAE,8/9/96,8/11/96,2
LEPIDOPTERA,GELECHIIDAE,9/1/96,9/2/96,2
LEPIDOPTERA,GELECHIIDAE,9/10/96,9/18/96,1
LEPIDOPTERA,GELECHIIDAE,9/3/96,9/9/96,2
LEPIDOPTERA,GEOMETRIDAE,10/1/96,10/20/96,6
LEPIDOPTERA,GEOMETRIDAE,10/21/96,10/31/96,1
LEPIDOPTERA,GEOMETRIDAE,4/3/96,4/30/96,1
LEPIDOPTERA,GEOMETRIDAE,5/1/96,5/31/96,1
LEPIDOPTERA,GEOMETRIDAE,6/1/96,6/9/96,3
LEPIDOPTERA,GEOMETRIDAE,6/10/96,6/12/96,1
LEPIDOPTERA,GEOMETRIDAE,6/13/96,6/20/96,53
LEPIDOPTERA,GEOMETRIDAE,6/21/96,6/25/96,25
LEPIDOPTERA,GEOMETRIDAE,6/26/96,6/30/96,24
LEPIDOPTERA,GEOMETRIDAE,7/1/96,7/4/96,9
LEPIDOPTERA,GEOMETRIDAE,7/12/96,7/17/96,27
LEPIDOPTERA,GEOMETRIDAE,7/18/96,7/23/96,58
LEPIDOPTERA,GEOMETRIDAE,7/24/96,7/25/96,8
LEPIDOPTERA,GEOMETRIDAE,7/26/96,7/29/96,20
LEPIDOPTERA,GEOMETRIDAE,7/30/96,8/1/96,45
LEPIDOPTERA,GEOMETRIDAE,7/5/96,7/11/96,46
LEPIDOPTERA,GEOMETRIDAE,8/12/96,8/13/96,3
LEPIDOPTERA,GEOMETRIDAE,8/14/96,8/15/96,23
LEPIDOPTERA,GEOMETRIDAE,8/16/96,8/18/96,32
LEPIDOPTERA,GEOMETRIDAE,8/19/96,8/20/96,2
LEPIDOPTERA,GEOMETRIDAE,8/2/96,8/8/96,23
LEPIDOPTERA,GEOMETRIDAE,8/21/96,8/22/96,3
LEPIDOPTERA,GEOMETRIDAE,8/23/96,8/25/96,5
LEPIDOPTERA,GEOMETRIDAE,8/26/96,8/31/96,4
LEPIDOPTERA,GEOMETRIDAE,9/1/96,9/2/96,3
LEPIDOPTERA,GEOMETRIDAE,9/10/96,9/18/96,3
LEPIDOPTERA,GEOMETRIDAE,9/19/96,9/30/96,1
LEPIDOPTERA,GEOMETRIDAE,9/3/96,9/9/96,13
LEPIDOPTERA,GRACILLARIIDAE,10/1/96,10/20/96,1
LEPIDOPTERA,GRACILLARIIDAE,11/1/96,11/21/96,1
LEPIDOPTERA,GRACILLARIIDAE,4/3/96,4/30/96,1
LEPIDOPTERA,GRACILLARIIDAE,6/1/96,6/9/96,1
LEPIDOPTERA,GRACILLARIIDAE,6/13/96,6/20/96,79
LEPIDOPTERA,GRACILLARIIDAE,6/21/96,6/25/96,18
LEPIDOPTERA,GRACILLARIIDAE,6/26/96,6/30/96,13
LEPIDOPTERA,GRACILLARIIDAE,7/12/96,7/17/96,16
LEPIDOPTERA,GRACILLARIIDAE,7/18/96,7/23/96,12
LEPIDOPTERA,GRACILLARIIDAE,7/24/96,7/25/96,15
LEPIDOPTERA,GRACILLARIIDAE,7/26/96,7/29/96,19
LEPIDOPTERA,GRACILLARIIDAE,7/30/96,8/1/96,17
LEPIDOPTERA,GRACILLARIIDAE,7/5/96,7/11/96,12
LEPIDOPTERA,GRACILLARIIDAE,8/12/96,8/13/96,2
LEPIDOPTERA,GRACILLARIIDAE,8/14/96,8/15/96,27
LEPIDOPTERA,GRACILLARIIDAE,8/16/96,8/18/96,33
LEPIDOPTERA,GRACILLARIIDAE,8/19/96,8/20/96,3
LEPIDOPTERA,GRACILLARIIDAE,8/2/96,8/8/96,74
LEPIDOPTERA,GRACILLARIIDAE,8/21/96,8/22/96,1
LEPIDOPTERA,GRACILLARIIDAE,8/23/96,8/25/96,1
LEPIDOPTERA,GRACILLARIIDAE,9/1/96,9/2/96,5
LEPIDOPTERA,GRACILLARIIDAE,9/10/96,9/18/96,4
LEPIDOPTERA,GRACILLARIIDAE,9/19/96,9/30/96,1
LEPIDOPTERA,GRACILLARIIDAE,9/3/96,9/9/96,7
LEPIDOPTERA,HEPIALIDAE,6/21/96,6/25/96,1
LEPIDOPTERA,LASIOCAMPIDAE,10/1/96,10/20/96,1
LEPIDOPTERA,LASIOCAMPIDAE,8/2/96,8/8/96,1
LEPIDOPTERA,LYMANTRIIDAE,7/30/96,8/1/96,1
LEPIDOPTERA,LYONETIDAE,6/26/96,6/30/96,1
LEPIDOPTERA,LYONETIDAE,7/12/96,7/17/96,10
LEPIDOPTERA,LYONETIDAE,7/18/96,7/23/96,14
LEPIDOPTERA,LYONETIDAE,7/24/96,7/25/96,5
LEPIDOPTERA,LYONETIDAE,7/26/96,7/29/96,5
LEPIDOPTERA,LYONETIDAE,7/30/96,8/1/96,2
LEPIDOPTERA,LYONETIDAE,7/5/96,7/11/96,15
LEPIDOPTERA,LYONETIDAE,8/16/96,8/18/96,1
LEPIDOPTERA,LYONETIDAE,8/2/96,8/8/96,2
LEPIDOPTERA,LYONETIDAE,9/3/96,9/9/96,1
LEPIDOPTERA,MOMPHIDAE,6/21/96,6/25/96,1
LEPIDOPTERA,MOMPHIDAE,7/18/96,7/23/96,1
LEPIDOPTERA,MOMPHIDAE,7/30/96,8/1/96,1
LEPIDOPTERA,MOMPHIDAE,7/5/96,7/11/96,1
LEPIDOPTERA,MOMPHIDAE,8/16/96,8/18/96,2
LEPIDOPTERA,MOMPHIDAE,8/19/96,8/20/96,1
LEPIDOPTERA,MOMPHIDAE,8/23/96,8/25/96,1
LEPIDOPTERA,MOMPHIDAE,9/3/96,9/9/96,1
LEPIDOPTERA,NEPTICULIDAE,6/13/96,6/20/96,6
LEPIDOPTERA,NEPTICULIDAE,6/21/96,6/25/96,5
LEPIDOPTERA,NEPTICULIDAE,6/26/96,6/30/96,20
LEPIDOPTERA,NEPTICULIDAE,7/1/96,7/4/96,2
LEPIDOPTERA,NEPTICULIDAE,7/12/96,7/17/96,3
LEPIDOPTERA,NEPTICULIDAE,7/18/96,7/23/96,5
LEPIDOPTERA,NEPTICULIDAE,7/24/96,7/25/96,1
LEPIDOPTERA,NEPTICULIDAE,7/26/96,7/29/96,2
LEPIDOPTERA,NEPTICULIDAE,7/30/96,8/1/96,2
LEPIDOPTERA,NEPTICULIDAE,7/5/96,7/11/96,9
LEPIDOPTERA,NEPTICULIDAE,8/16/96,8/18/96,4
LEPIDOPTERA,NEPTICULIDAE,8/19/96,8/20/96,1
LEPIDOPTERA,NEPTICULIDAE,8/2/96,8/8/96,4
LEPIDOPTERA,NEPTICULIDAE,8/26/96,8/31/96,1
LEPIDOPTERA,NEPTICULIDAE,9/1/96,9/2/96,1
LEPIDOPTERA,NOCTUIDAE,10/1/96,10/20/96,35
LEPIDOPTERA,NOCTUIDAE,10/21/96,10/31/96,4
LEPIDOPTERA,NOCTUIDAE,11/1/96,11/21/96,1
LEPIDOPTERA,NOCTUIDAE,4/3/96,4/30/96,20
LEPIDOPTERA,NOCTUIDAE,5/1/96,5/31/96,11
LEPIDOPTERA,NOCTUIDAE,6/1/96,6/9/96,4
LEPIDOPTERA,NOCTUIDAE,6/10/96,6/12/96,6
LEPIDOPTERA,NOCTUIDAE,6/13/96,6/20/96,166
LEPIDOPTERA,NOCTUIDAE,6/21/96,6/25/96,196
LEPIDOPTERA,NOCTUIDAE,6/26/96,6/30/96,161
LEPIDOPTERA,NOCTUIDAE,7/1/96,7/4/96,73
LEPIDOPTERA,NOCTUIDAE,7/12/96,7/17/96,314
LEPIDOPTERA,NOCTUIDAE,7/18/96,7/23/96,335
LEPIDOPTERA,NOCTUIDAE,7/24/96,7/25/96,127
LEPIDOPTERA,NOCTUIDAE,7/26/96,7/29/96,209
LEPIDOPTERA,NOCTUIDAE,7/30/96,8/1/96,221
LEPIDOPTERA,NOCTUIDAE,7/5/96,7/11/96,333
LEPIDOPTERA,NOCTUIDAE,8/12/96,8/13/96,85
LEPIDOPTERA,NOCTUIDAE,8/14/96,8/15/96,149
LEPIDOPTERA,NOCTUIDAE,8/16/96,8/18/96,383
LEPIDOPTERA,NOCTUIDAE,8/19/96,8/20/96,54
LEPIDOPTERA,NOCTUIDAE,8/2/96,8/8/96,327
LEPIDOPTERA,NOCTUIDAE,8/21/96,8/22/96,75
LEPIDOPTERA,NOCTUIDAE,8/23/96,8/25/96,76
LEPIDOPTERA,NOCTUIDAE,8/26/96,8/31/96,77
LEPIDOPTERA,NOCTUIDAE,8/9/96,8/11/96,29
LEPIDOPTERA,NOCTUIDAE,9/1/96,9/2/96,143
LEPIDOPTERA,NOCTUIDAE,9/10/96,9/18/96,45
LEPIDOPTERA,NOCTUIDAE,9/19/96,9/30/96,29
LEPIDOPTERA,NOCTUIDAE,9/3/96,9/9/96,148
LEPIDOPTERA,NOLIDAE,6/13/96,6/20/96,4
LEPIDOPTERA,NOLIDAE,6/21/96,6/25/96,10
LEPIDOPTERA,NOLIDAE,6/26/96,6/30/96,5
LEPIDOPTERA,NOLIDAE,7/12/96,7/17/96,3
LEPIDOPTERA,NOLIDAE,7/18/96,7/23/96,3
LEPIDOPTERA,NOLIDAE,7/26/96,7/29/96,3
LEPIDOPTERA,NOLIDAE,7/5/96,7/11/96,8
LEPIDOPTERA,NOLIDAE,8/12/96,8/13/96,1
LEPIDOPTERA,NOLIDAE,8/2/96,8/8/96,1
LEPIDOPTERA,NOTODONTIDAE,6/13/96,6/20/96,2
LEPIDOPTERA,NOTODONTIDAE,6/21/96,6/25/96,2
LEPIDOPTERA,NOTODONTIDAE,6/26/96,6/30/96,1
LEPIDOPTERA,NOTODONTIDAE,7/1/96,7/4/96,1
LEPIDOPTERA,NOTODONTIDAE,7/12/96,7/17/96,1
LEPIDOPTERA,NOTODONTIDAE,7/18/96,7/23/96,1
LEPIDOPTERA,NOTODONTIDAE,7/5/96,7/11/96,2
LEPIDOPTERA,OECOPHORIDAE,10/1/96,10/20/96,2
LEPIDOPTERA,OECOPHORIDAE,6/13/96,6/20/96,6
LEPIDOPTERA,OECOPHORIDAE,6/21/96,6/25/96,4
LEPIDOPTERA,OECOPHORIDAE,6/26/96,6/30/96,1
LEPIDOPTERA,OECOPHORIDAE,7/1/96,7/4/96,1
LEPIDOPTERA,OECOPHORIDAE,7/12/96,7/17/96,5
LEPIDOPTERA,OECOPHORIDAE,7/18/96,7/23/96,12
LEPIDOPTERA,OECOPHORIDAE,7/24/96,7/25/96,16
LEPIDOPTERA,OECOPHORIDAE,7/26/96,7/29/96,11
LEPIDOPTERA,OECOPHORIDAE,7/30/96,8/1/96,14
LEPIDOPTERA,OECOPHORIDAE,7/5/96,7/11/96,7
LEPIDOPTERA,OECOPHORIDAE,8/14/96,8/15/96,32
LEPIDOPTERA,OECOPHORIDAE,8/16/96,8/18/96,93
LEPIDOPTERA,OECOPHORIDAE,8/19/96,8/20/96,2
LEPIDOPTERA,OECOPHORIDAE,8/2/96,8/8/96,19
LEPIDOPTERA,OECOPHORIDAE,8/21/96,8/22/96,7
LEPIDOPTERA,OECOPHORIDAE,8/23/96,8/25/96,1
LEPIDOPTERA,OECOPHORIDAE,8/26/96,8/31/96,1
LEPIDOPTERA,OECOPHORIDAE,9/1/96,9/2/96,6
LEPIDOPTERA,OECOPHORIDAE,9/10/96,9/18/96,1
LEPIDOPTERA,OECOPHORIDAE,9/3/96,9/9/96,3
LEPIDOPTERA,PLUTELLIDAE,10/21/96,10/31/96,1
LEPIDOPTERA,PLUTELLIDAE,11/1/96,11/21/96,1
LEPIDOPTERA,PLUTELLIDAE,6/1/96,6/9/96,1
LEPIDOPTERA,PLUTELLIDAE,6/13/96,6/20/96,3
LEPIDOPTERA,PLUTELLIDAE,6/21/96,6/25/96,1
LEPIDOPTERA,PLUTELLIDAE,6/26/96,6/30/96,1
LEPIDOPTERA,PLUTELLIDAE,7/18/96,7/23/96,3
LEPIDOPTERA,PLUTELLIDAE,7/26/96,7/29/96,2
LEPIDOPTERA,PLUTELLIDAE,7/30/96,8/1/96,1
LEPIDOPTERA,PLUTELLIDAE,7/5/96,7/11/96,2
LEPIDOPTERA,PLUTELLIDAE,8/14/96,8/15/96,1
LEPIDOPTERA,PLUTELLIDAE,8/16/96,8/18/96,3
LEPIDOPTERA,PLUTELLIDAE,8/2/96,8/8/96,1
LEPIDOPTERA,PLUTELLIDAE,9/3/96,9/9/96,2
LEPIDOPTERA,PYRALIDAE,6/1/96,6/9/96,1
LEPIDOPTERA,PYRALIDAE,6/13/96,6/20/96,1
LEPIDOPTERA,PYRALIDAE,6/21/96,6/25/96,12
LEPIDOPTERA,PYRALIDAE,6/26/96,6/30/96,31
LEPIDOPTERA,PYRALIDAE,7/1/96,7/4/96,8
LEPIDOPTERA,PYRALIDAE,7/12/96,7/17/96,48
LEPIDOPTERA,PYRALIDAE,7/18/96,7/23/96,111
LEPIDOPTERA,PYRALIDAE,7/24/96,7/25/96,102
LEPIDOPTERA,PYRALIDAE,7/26/96,7/29/96,156
LEPIDOPTERA,PYRALIDAE,7/30/96,8/1/96,223
LEPIDOPTERA,PYRALIDAE,7/5/96,7/11/96,70
LEPIDOPTERA,PYRALIDAE,8/12/96,8/13/96,12
LEPIDOPTERA,PYRALIDAE,8/14/96,8/15/96,181
LEPIDOPTERA,PYRALIDAE,8/16/96,8/18/96,273
LEPIDOPTERA,PYRALIDAE,8/19/96,8/20/96,14
LEPIDOPTERA,PYRALIDAE,8/2/96,8/8/96,171
LEPIDOPTERA,PYRALIDAE,8/21/96,8/22/96,11
LEPIDOPTERA,PYRALIDAE,8/23/96,8/25/96,25
LEPIDOPTERA,PYRALIDAE,8/26/96,8/31/96,17
LEPIDOPTERA,PYRALIDAE,8/9/96,8/11/96,8
LEPIDOPTERA,PYRALIDAE,9/1/96,9/2/96,4
LEPIDOPTERA,PYRALIDAE,9/3/96,9/9/96,5
LEPIDOPTERA,SPHINGIDAE,6/1/96,6/9/96,1
LEPIDOPTERA,SPHINGIDAE,6/13/96,6/20/96,1
LEPIDOPTERA,SPHINGIDAE,6/21/96,6/25/96,1
LEPIDOPTERA,SPHINGIDAE,7/26/96,7/29/96,1
LEPIDOPTERA,SPHINGIDAE,7/5/96,7/11/96,1
LEPIDOPTERA,SPHINGIDAE,8/2/96,8/8/96,1
LEPIDOPTERA,TINEIDAE,6/13/96,6/20/96,5
LEPIDOPTERA,TINEIDAE,6/21/96,6/25/96,2
LEPIDOPTERA,TINEIDAE,6/26/96,6/30/96,4
LEPIDOPTERA,TINEIDAE,7/18/96,7/23/96,4
LEPIDOPTERA,TINEIDAE,7/24/96,7/25/96,1
LEPIDOPTERA,TINEIDAE,7/5/96,7/11/96,3
LEPIDOPTERA,TISCHERIIDAE,8/14/96,8/15/96,1
LEPIDOPTERA,TORTRICIDAE,10/1/96,10/20/96,8
LEPIDOPTERA,TORTRICIDAE,10/21/96,10/31/96,1
LEPIDOPTERA,TORTRICIDAE,11/1/96,11/21/96,4
LEPIDOPTERA,TORTRICIDAE,6/13/96,6/20/96,7
LEPIDOPTERA,TORTRICIDAE,6/21/96,6/25/96,23
LEPIDOPTERA,TORTRICIDAE,6/26/96,6/30/96,33
LEPIDOPTERA,TORTRICIDAE,7/1/96,7/4/96,9
LEPIDOPTERA,TORTRICIDAE,7/12/96,7/17/96,139
LEPIDOPTERA,TORTRICIDAE,7/18/96,7/23/96,401
LEPIDOPTERA,TORTRICIDAE,7/24/96,7/25/96,109
LEPIDOPTERA,TORTRICIDAE,7/26/96,7/29/96,126
LEPIDOPTERA,TORTRICIDAE,7/30/96,8/1/96,183
LEPIDOPTERA,TORTRICIDAE,7/5/96,7/11/96,155
LEPIDOPTERA,TORTRICIDAE,8/12/96,8/13/96,19
LEPIDOPTERA,TORTRICIDAE,8/14/96,8/15/96,155
LEPIDOPTERA,TORTRICIDAE,8/16/96,8/18/96,310
LEPIDOPTERA,TORTRICIDAE,8/19/96,8/20/96,17
LEPIDOPTERA,TORTRICIDAE,8/2/96,8/8/96,153
LEPIDOPTERA,TORTRICIDAE,8/21/96,8/22/96,15
LEPIDOPTERA,TORTRICIDAE,8/23/96,8/25/96,13
LEPIDOPTERA,TORTRICIDAE,8/26/96,8/31/96,18
LEPIDOPTERA,TORTRICIDAE,8/9/96,8/11/96,11
LEPIDOPTERA,TORTRICIDAE,9/1/96,9/2/96,17
LEPIDOPTERA,TORTRICIDAE,9/10/96,9/18/96,9
LEPIDOPTERA,TORTRICIDAE,9/19/96,9/30/96,3
LEPIDOPTERA,TORTRICIDAE,9/3/96,9/9/96,38
LEPIDOPTERA,YPONOMEUTIDAE,6/13/96,6/20/96,1
LEPIDOPTERA,YPONOMEUTIDAE,6/26/96,6/30/96,3
LEPIDOPTERA,YPONOMEUTIDAE,7/1/96,7/4/96,1
LEPIDOPTERA,YPONOMEUTIDAE,7/12/96,7/17/96,7
LEPIDOPTERA,YPONOMEUTIDAE,7/18/96,7/23/96,32
LEPIDOPTERA,YPONOMEUTIDAE,7/24/96,7/25/96,105
LEPIDOPTERA,YPONOMEUTIDAE,7/26/96,7/29/96,114
LEPIDOPTERA,YPONOMEUTIDAE,7/30/96,8/1/96,28
LEPIDOPTERA,YPONOMEUTIDAE,7/5/96,7/11/96,6
LEPIDOPTERA,YPONOMEUTIDAE,8/12/96,8/13/96,11
LEPIDOPTERA,YPONOMEUTIDAE,8/14/96,8/15/96,179
LEPIDOPTERA,YPONOMEUTIDAE,8/16/96,8/18/96,125
LEPIDOPTERA,YPONOMEUTIDAE,8/19/96,8/20/96,3
LEPIDOPTERA,YPONOMEUTIDAE,8/2/96,8/8/96,52
LEPIDOPTERA,YPONOMEUTIDAE,8/21/96,8/22/96,18
LEPIDOPTERA,YPONOMEUTIDAE,8/23/96,8/25/96,11
LEPIDOPTERA,YPONOMEUTIDAE,8/26/96,8/31/96,6
LEPIDOPTERA,YPONOMEUTIDAE,8/9/96,8/11/96,1
LEPIDOPTERA,YPONOMEUTIDAE,9/1/96,9/2/96,10
LEPIDOPTERA,YPONOMEUTIDAE,9/10/96,9/18/96,2
LEPIDOPTERA,YPONOMEUTIDAE,9/3/96,9/9/96,15
