order,family,date1,date2,individuals
COLEOPTERA,ANOBIIDAE,6/24/97,6/30/97,1
COLEOPTERA,ANOBIIDAE,7/11/97,7/13/97,1
COLEOPTERA,ANOBIIDAE,7/21/97,7/21/97,2
COLEOPTERA,ANOBIIDAE,7/22/97,7/23/97,1
COLEOPTERA,ANOBIIDAE,7/4/97,7/6/97,3
COLEOPTERA,ANOBIIDAE,7/7/97,7/8/97,1
COLEOPTERA,ANOBIIDAE,7/9/97,7/10/97,2
COLEOPTERA,ANOBIIDAE,8/4/97,8/7/97,2
COLEOPTERA,ANTHICIDAE,8/14/97,8/17/97,1
COLEOPTERA,CANTHARIDAE,5/30/97,6/3/97,3
COLEOPTERA,CANTHARIDAE,6/24/97,6/30/97,1
COLEOPTERA,CANTHARIDAE,7/1/97,7/3/97,1
COLEOPTERA,CANTHARIDAE,7/11/97,7/13/97,2
COLEOPTERA,CANTHARIDAE,7/14/97,7/15/97,1
COLEOPTERA,CANTHARIDAE,7/16/97,7/20/97,2
COLEOPTERA,CANTHARIDAE,7/21/97,7/21/97,5
COLEOPTERA,CANTHARIDAE,7/22/97,7/23/97,2
COLEOPTERA,CANTHARIDAE,7/24/97,7/24/97,1
COLEOPTERA,CANTHARIDAE,7/25/97,7/27/97,4
COLEOPTERA,CANTHARIDAE,8/4/97,8/7/97,2
COLEOPTERA,CARABIDAE,10/17/97,11/10/97,1
COLEOPTERA,CARABIDAE,5/30/97,6/3/97,2
COLEOPTERA,CARABIDAE,6/24/97,6/30/97,1
COLEOPTERA,CARABIDAE,7/1/97,7/3/97,8
COLEOPTERA,CARABIDAE,7/11/97,7/13/97,13
COLEOPTERA,CARABIDAE,7/14/97,7/15/97,1
COLEOPTERA,CARABIDAE,7/16/97,7/20/97,2
COLEOPTERA,CARABIDAE,7/21/97,7/21/97,84
COLEOPTERA,CARABIDAE,7/22/97,7/23/97,52
COLEOPTERA,CARABIDAE,7/24/97,7/24/97,27
COLEOPTERA,CARABIDAE,7/25/97,7/27/97,12
COLEOPTERA,CARABIDAE,7/28/97,7/31/97,8
COLEOPTERA,CARABIDAE,7/4/97,7/6/97,4
COLEOPTERA,CARABIDAE,7/7/97,7/8/97,1
COLEOPTERA,CARABIDAE,7/9/97,7/10/97,9
COLEOPTERA,CARABIDAE,8/1/97,8/3/97,113
COLEOPTERA,CARABIDAE,8/14/97,8/17/97,102
COLEOPTERA,CARABIDAE,8/18/97,8/21/97,16
COLEOPTERA,CARABIDAE,8/22/97,8/24/97,10
COLEOPTERA,CARABIDAE,8/25/97,8/31/97,108
COLEOPTERA,CARABIDAE,8/4/97,8/7/97,246
COLEOPTERA,CARABIDAE,8/8/97,8/13/97,127
COLEOPTERA,CARABIDAE,9/1/97,9/7/97,58
COLEOPTERA,CARABIDAE,9/21/97,9/24/97,1
COLEOPTERA,CHRYSOMELIDAE,8/14/97,8/17/97,5
COLEOPTERA,CHRYSOMELIDAE,8/18/97,8/21/97,2
COLEOPTERA,CHRYSOMELIDAE,8/22/97,8/24/97,1
COLEOPTERA,CHRYSOMELIDAE,8/4/97,8/7/97,1
COLEOPTERA,CHRYSOMELIDAE,8/8/97,8/13/97,1
COLEOPTERA,COCCINELLIDAE,6/24/97,6/30/97,2
COLEOPTERA,COCCINELLIDAE,7/1/97,7/3/97,2
COLEOPTERA,COCCINELLIDAE,7/14/97,7/15/97,1
COLEOPTERA,COCCINELLIDAE,7/16/97,7/20/97,3
COLEOPTERA,COCCINELLIDAE,7/21/97,7/21/97,2
COLEOPTERA,COCCINELLIDAE,7/22/97,7/23/97,3
COLEOPTERA,COCCINELLIDAE,7/25/97,7/27/97,1
COLEOPTERA,COCCINELLIDAE,7/7/97,7/8/97,2
COLEOPTERA,COCCINELLIDAE,7/9/97,7/10/97,1
COLEOPTERA,COCCINELLIDAE,8/1/97,8/3/97,1
COLEOPTERA,COCCINELLIDAE,8/14/97,8/17/97,10
COLEOPTERA,COCCINELLIDAE,8/18/97,8/21/97,2
COLEOPTERA,COCCINELLIDAE,8/25/97,8/31/97,4
COLEOPTERA,COCCINELLIDAE,8/4/97,8/7/97,2
COLEOPTERA,COCCINELLIDAE,8/8/97,8/13/97,11
COLEOPTERA,COLYDIIDAE,7/11/97,7/13/97,1
COLEOPTERA,COLYDIIDAE,7/25/97,7/27/97,1
COLEOPTERA,CORTICARIIDAE,7/11/97,7/13/97,2
COLEOPTERA,CORTICARIIDAE,7/25/97,7/27/97,2
COLEOPTERA,CORTICARIIDAE,8/8/97,8/13/97,1
COLEOPTERA,CRYPTOPHAGIDAE,6/24/97,6/30/97,1
COLEOPTERA,CRYPTOPHAGIDAE,7/11/97,7/13/97,2
COLEOPTERA,CRYPTOPHAGIDAE,7/14/97,7/15/97,1
COLEOPTERA,CRYPTOPHAGIDAE,7/21/97,7/21/97,33
COLEOPTERA,CRYPTOPHAGIDAE,7/22/97,7/23/97,1
COLEOPTERA,CRYPTOPHAGIDAE,7/25/97,7/27/97,2
COLEOPTERA,CRYPTOPHAGIDAE,7/4/97,7/6/97,1
COLEOPTERA,CRYPTOPHAGIDAE,8/1/97,8/3/97,2
COLEOPTERA,CRYPTOPHAGIDAE,8/14/97,8/17/97,13
COLEOPTERA,CRYPTOPHAGIDAE,8/18/97,8/21/97,7
COLEOPTERA,CRYPTOPHAGIDAE,8/25/97,8/31/97,2
COLEOPTERA,CRYPTOPHAGIDAE,8/4/97,8/7/97,10
COLEOPTERA,CRYPTOPHAGIDAE,8/8/97,8/13/97,6
COLEOPTERA,CRYPTOPHAGIDAE,9/1/97,9/7/97,2
COLEOPTERA,CURCULIONIDAE,7/11/97,7/13/97,6
COLEOPTERA,CURCULIONIDAE,7/16/97,7/20/97,3
COLEOPTERA,CURCULIONIDAE,7/21/97,7/21/97,3
COLEOPTERA,CURCULIONIDAE,7/22/97,7/23/97,1
COLEOPTERA,CURCULIONIDAE,7/24/97,7/24/97,1
COLEOPTERA,CURCULIONIDAE,7/25/97,7/27/97,2
COLEOPTERA,CURCULIONIDAE,7/7/97,7/8/97,1
COLEOPTERA,CURCULIONIDAE,7/9/97,7/10/97,1
COLEOPTERA,CURCULIONIDAE,8/1/97,8/3/97,2
COLEOPTERA,CURCULIONIDAE,8/14/97,8/17/97,10
COLEOPTERA,CURCULIONIDAE,8/18/97,8/21/97,3
COLEOPTERA,CURCULIONIDAE,8/22/97,8/24/97,5
COLEOPTERA,CURCULIONIDAE,8/4/97,8/7/97,6
COLEOPTERA,CURCULIONIDAE,8/8/97,8/13/97,17
COLEOPTERA,CURCULIONIDAE,9/1/97,9/7/97,1
COLEOPTERA,CURCULIONIDAE,9/12/97,9/20/97,1
COLEOPTERA,DERMESTIDAE,5/30/97,6/3/97,1
COLEOPTERA,DERMESTIDAE,5/7/97,5/29/97,1
COLEOPTERA,DERMESTIDAE,6/24/97,6/30/97,2
COLEOPTERA,DERMESTIDAE,6/9/97,6/12/97,1
COLEOPTERA,DERMESTIDAE,7/1/97,7/3/97,1
COLEOPTERA,DERMESTIDAE,7/11/97,7/13/97,4
COLEOPTERA,DERMESTIDAE,7/16/97,7/20/97,1
COLEOPTERA,DERMESTIDAE,7/22/97,7/23/97,1
COLEOPTERA,DERMESTIDAE,7/28/97,7/31/97,1
COLEOPTERA,DERMESTIDAE,7/9/97,7/10/97,3
COLEOPTERA,DERMESTIDAE,8/1/97,8/3/97,5
COLEOPTERA,DERMESTIDAE,8/14/97,8/17/97,1
COLEOPTERA,DERMESTIDAE,8/18/97,8/21/97,1
COLEOPTERA,DERMESTIDAE,8/4/97,8/7/97,5
COLEOPTERA,DERMESTIDAE,8/8/97,8/13/97,6
COLEOPTERA,DERMESTIDAE,9/1/97,9/7/97,1
COLEOPTERA,DERMESTIDAE,9/25/97,9/30/97,2
COLEOPTERA,DYTISCIDAE,6/24/97,6/30/97,1
COLEOPTERA,DYTISCIDAE,7/1/97,7/3/97,1
COLEOPTERA,DYTISCIDAE,7/11/97,7/13/97,3
COLEOPTERA,DYTISCIDAE,7/14/97,7/15/97,1
COLEOPTERA,DYTISCIDAE,7/22/97,7/23/97,1
COLEOPTERA,DYTISCIDAE,8/14/97,8/17/97,4
COLEOPTERA,DYTISCIDAE,8/18/97,8/21/97,2
COLEOPTERA,DYTISCIDAE,8/22/97,8/24/97,5
COLEOPTERA,DYTISCIDAE,8/25/97,8/31/97,1
COLEOPTERA,DYTISCIDAE,8/4/97,8/7/97,3
COLEOPTERA,DYTISCIDAE,8/8/97,8/13/97,3
COLEOPTERA,DYTISCIDAE,9/1/97,9/7/97,1
COLEOPTERA,ELATERIDAE,6/13/97,6/22/97,2
COLEOPTERA,ELATERIDAE,7/22/97,7/23/97,1
COLEOPTERA,ELATERIDAE,7/4/97,7/6/97,3
COLEOPTERA,ELATERIDAE,8/1/97,8/3/97,1
COLEOPTERA,ELATERIDAE,8/8/97,8/13/97,1
COLEOPTERA,GYRINIDAE,8/4/97,8/7/97,1
COLEOPTERA,HELOPHORIDAE,6/24/97,6/30/97,1
COLEOPTERA,HELOPHORIDAE,7/21/97,7/21/97,2
COLEOPTERA,HELOPHORIDAE,7/22/97,7/23/97,1
COLEOPTERA,HELOPHORIDAE,7/24/97,7/24/97,1
COLEOPTERA,HELOPHORIDAE,8/4/97,8/7/97,3
COLEOPTERA,HETEROCERIDAE,5/30/97,6/3/97,2
COLEOPTERA,HETEROCERIDAE,6/24/97,6/30/97,1
COLEOPTERA,HETEROCERIDAE,6/9/97,6/12/97,1
COLEOPTERA,HETEROCERIDAE,7/11/97,7/13/97,8
COLEOPTERA,HETEROCERIDAE,7/16/97,7/20/97,1
COLEOPTERA,HETEROCERIDAE,7/21/97,7/21/97,13
COLEOPTERA,HETEROCERIDAE,7/22/97,7/23/97,1
COLEOPTERA,HETEROCERIDAE,7/24/97,7/24/97,1
COLEOPTERA,HETEROCERIDAE,7/28/97,7/31/97,1
COLEOPTERA,HETEROCERIDAE,7/4/97,7/6/97,1
COLEOPTERA,HETEROCERIDAE,8/1/97,8/3/97,2
COLEOPTERA,HETEROCERIDAE,8/14/97,8/17/97,2
COLEOPTERA,HETEROCERIDAE,8/18/97,8/21/97,4
COLEOPTERA,HETEROCERIDAE,8/25/97,8/31/97,2
COLEOPTERA,HETEROCERIDAE,8/4/97,8/7/97,4
COLEOPTERA,HETEROCERIDAE,8/8/97,8/13/97,4
COLEOPTERA,HYDRAENIDAE,8/14/97,8/17/97,1
COLEOPTERA,HYDRAENIDAE,8/4/97,8/7/97,1
COLEOPTERA,HYDROPHILIDAE,10/17/97,11/10/97,1
COLEOPTERA,HYDROPHILIDAE,5/30/97,6/3/97,4
COLEOPTERA,HYDROPHILIDAE,6/13/97,6/22/97,3
COLEOPTERA,HYDROPHILIDAE,6/24/97,6/30/97,4
COLEOPTERA,HYDROPHILIDAE,7/1/97,7/3/97,3
COLEOPTERA,HYDROPHILIDAE,7/11/97,7/13/97,13
COLEOPTERA,HYDROPHILIDAE,7/14/97,7/15/97,2
COLEOPTERA,HYDROPHILIDAE,7/16/97,7/20/97,2
COLEOPTERA,HYDROPHILIDAE,7/21/97,7/21/97,14
COLEOPTERA,HYDROPHILIDAE,7/22/97,7/23/97,8
COLEOPTERA,HYDROPHILIDAE,7/24/97,7/24/97,14
COLEOPTERA,HYDROPHILIDAE,7/25/97,7/27/97,3
COLEOPTERA,HYDROPHILIDAE,7/28/97,7/31/97,5
COLEOPTERA,HYDROPHILIDAE,7/4/97,7/6/97,1
COLEOPTERA,HYDROPHILIDAE,7/9/97,7/10/97,1
COLEOPTERA,HYDROPHILIDAE,8/1/97,8/3/97,24
COLEOPTERA,HYDROPHILIDAE,8/14/97,8/17/97,30
COLEOPTERA,HYDROPHILIDAE,8/18/97,8/21/97,48
COLEOPTERA,HYDROPHILIDAE,8/22/97,8/24/97,39
COLEOPTERA,HYDROPHILIDAE,8/25/97,8/31/97,13
COLEOPTERA,HYDROPHILIDAE,8/4/97,8/7/97,32
COLEOPTERA,HYDROPHILIDAE,8/8/97,8/13/97,27
COLEOPTERA,HYDROPHILIDAE,9/1/97,9/7/97,11
COLEOPTERA,HYDROPHILIDAE,9/21/97,9/24/97,1
COLEOPTERA,LEIODIDAE,7/22/97,7/23/97,1
COLEOPTERA,LEIODIDAE,7/28/97,7/31/97,1
COLEOPTERA,LEIODIDAE,9/1/97,9/7/97,1
COLEOPTERA,MELANDRYIDAE,7/9/97,7/10/97,1
COLEOPTERA,MELYRIDAE,6/13/97,6/22/97,1
COLEOPTERA,MELYRIDAE,7/7/97,7/8/97,1
COLEOPTERA,MONOTOMIDAE,7/21/97,7/21/97,3
COLEOPTERA,MONOTOMIDAE,7/22/97,7/23/97,1
COLEOPTERA,MONOTOMIDAE,8/14/97,8/17/97,3
COLEOPTERA,MONOTOMIDAE,8/18/97,8/21/97,3
COLEOPTERA,MONOTOMIDAE,8/22/97,8/24/97,1
COLEOPTERA,MONOTOMIDAE,8/25/97,8/31/97,1
COLEOPTERA,MONOTOMIDAE,8/4/97,8/7/97,3
COLEOPTERA,MONOTOMIDAE,8/8/97,8/13/97,5
COLEOPTERA,MONOTOMIDAE,9/8/97,9/11/97,1
COLEOPTERA,NITIDULIDAE,6/24/97,6/30/97,1
COLEOPTERA,NITIDULIDAE,6/9/97,6/12/97,2
COLEOPTERA,NITIDULIDAE,7/21/97,7/21/97,7
COLEOPTERA,NITIDULIDAE,7/22/97,7/23/97,3
COLEOPTERA,NITIDULIDAE,7/28/97,7/31/97,1
COLEOPTERA,NITIDULIDAE,8/8/97,8/13/97,1
COLEOPTERA,PHALACRIDAE,8/25/97,8/31/97,1
COLEOPTERA,PHALACRIDAE,9/1/97,9/7/97,2
COLEOPTERA,RIPIPHORIDAE,8/4/97,8/7/97,1
COLEOPTERA,SCARABAEIDAE,6/13/97,6/22/97,3
COLEOPTERA,SCARABAEIDAE,6/9/97,6/12/97,1
COLEOPTERA,SCARABAEIDAE,7/1/97,7/3/97,2
COLEOPTERA,SCARABAEIDAE,7/11/97,7/13/97,1
COLEOPTERA,SCARABAEIDAE,7/16/97,7/20/97,3
COLEOPTERA,SCARABAEIDAE,7/21/97,7/21/97,1
COLEOPTERA,SCARABAEIDAE,7/22/97,7/23/97,2
COLEOPTERA,SCARABAEIDAE,7/4/97,7/6/97,1
COLEOPTERA,SCARABAEIDAE,7/7/97,7/8/97,3
COLEOPTERA,SCARABAEIDAE,7/9/97,7/10/97,4
COLEOPTERA,SCARABAEIDAE,8/25/97,8/31/97,1
COLEOPTERA,SCIRTIDAE,5/30/97,6/3/97,1
COLEOPTERA,SCIRTIDAE,5/7/97,5/29/97,1
COLEOPTERA,SCIRTIDAE,7/11/97,7/13/97,4
COLEOPTERA,SCIRTIDAE,7/21/97,7/21/97,1
COLEOPTERA,SCIRTIDAE,7/24/97,7/24/97,1
COLEOPTERA,SCIRTIDAE,7/25/97,7/27/97,2
COLEOPTERA,SCIRTIDAE,7/9/97,7/10/97,2
COLEOPTERA,SCIRTIDAE,8/1/97,8/3/97,3
COLEOPTERA,SCIRTIDAE,8/14/97,8/17/97,1
COLEOPTERA,SCIRTIDAE,8/25/97,8/31/97,2
COLEOPTERA,SCIRTIDAE,8/4/97,8/7/97,5
COLEOPTERA,SCIRTIDAE,8/8/97,8/13/97,2
COLEOPTERA,SCRAPTIIDAE,5/30/97,6/3/97,1
COLEOPTERA,SCRAPTIIDAE,6/24/97,6/30/97,2
COLEOPTERA,SCRAPTIIDAE,6/9/97,6/12/97,1
COLEOPTERA,SCRAPTIIDAE,7/1/97,7/3/97,1
COLEOPTERA,SCRAPTIIDAE,7/16/97,7/20/97,1
COLEOPTERA,SCRAPTIIDAE,8/1/97,8/3/97,1
COLEOPTERA,SCRAPTIIDAE,8/4/97,8/7/97,1
COLEOPTERA,SILPHIDAE,7/22/97,7/23/97,1
COLEOPTERA,SILPHIDAE,7/25/97,7/27/97,1
COLEOPTERA,SILPHIDAE,7/4/97,7/6/97,1
COLEOPTERA,SILPHIDAE,7/9/97,7/10/97,2
COLEOPTERA,SILPHIDAE,8/1/97,8/3/97,1
COLEOPTERA,SILPHIDAE,8/14/97,8/17/97,1
COLEOPTERA,SILPHIDAE,8/8/97,8/13/97,1
COLEOPTERA,STAPHYLINIDAE,10/1/97,10/7/97,1
COLEOPTERA,STAPHYLINIDAE,5/30/97,6/3/97,1
COLEOPTERA,STAPHYLINIDAE,6/13/97,6/22/97,1
COLEOPTERA,STAPHYLINIDAE,6/23/97,6/23/97,1
COLEOPTERA,STAPHYLINIDAE,6/9/97,6/12/97,1
COLEOPTERA,STAPHYLINIDAE,7/11/97,7/13/97,6
COLEOPTERA,STAPHYLINIDAE,7/14/97,7/15/97,1
COLEOPTERA,STAPHYLINIDAE,7/16/97,7/20/97,2
COLEOPTERA,STAPHYLINIDAE,7/21/97,7/21/97,50
COLEOPTERA,STAPHYLINIDAE,7/22/97,7/23/97,13
COLEOPTERA,STAPHYLINIDAE,7/24/97,7/24/97,2
COLEOPTERA,STAPHYLINIDAE,7/25/97,7/27/97,2
COLEOPTERA,STAPHYLINIDAE,7/28/97,7/31/97,4
COLEOPTERA,STAPHYLINIDAE,7/7/97,7/8/97,1
COLEOPTERA,STAPHYLINIDAE,7/9/97,7/10/97,2
COLEOPTERA,STAPHYLINIDAE,8/1/97,8/3/97,14
COLEOPTERA,STAPHYLINIDAE,8/14/97,8/17/97,38
COLEOPTERA,STAPHYLINIDAE,8/18/97,8/21/97,32
COLEOPTERA,STAPHYLINIDAE,8/22/97,8/24/97,14
COLEOPTERA,STAPHYLINIDAE,8/25/97,8/31/97,14
COLEOPTERA,STAPHYLINIDAE,8/4/97,8/7/97,41
COLEOPTERA,STAPHYLINIDAE,8/8/97,8/13/97,77
COLEOPTERA,STAPHYLINIDAE,9/1/97,9/7/97,9
COLEOPTERA,TENEBRIONIDAE,7/11/97,7/13/97,10
COLEOPTERA,TENEBRIONIDAE,7/14/97,7/15/97,5
COLEOPTERA,TENEBRIONIDAE,7/16/97,7/20/97,5
COLEOPTERA,TENEBRIONIDAE,7/21/97,7/21/97,23
COLEOPTERA,TENEBRIONIDAE,7/22/97,7/23/97,16
COLEOPTERA,TENEBRIONIDAE,7/24/97,7/24/97,11
COLEOPTERA,TENEBRIONIDAE,7/25/97,7/27/97,11
COLEOPTERA,TENEBRIONIDAE,7/28/97,7/31/97,1
COLEOPTERA,TENEBRIONIDAE,7/7/97,7/8/97,3
COLEOPTERA,TENEBRIONIDAE,7/9/97,7/10/97,4
COLEOPTERA,TENEBRIONIDAE,8/1/97,8/3/97,2
COLEOPTERA,TENEBRIONIDAE,8/4/97,8/7/97,5
COLEOPTERA,TENEBRIONIDAE,8/8/97,8/13/97,1
COLEOPTERA,THROSCIDAE,10/8/97,10/16/97,1
COLEOPTERA,THROSCIDAE,5/30/97,6/3/97,1
COLEOPTERA,THROSCIDAE,7/21/97,7/21/97,1
LEPIDOPTERA,ADELIDAE,5/30/97,6/3/97,4
LEPIDOPTERA,ADELIDAE,5/7/97,5/29/97,7
LEPIDOPTERA,AGONOXENIDAE,6/24/97,6/30/97,2
LEPIDOPTERA,AGONOXENIDAE,6/9/97,6/12/97,1
LEPIDOPTERA,AGONOXENIDAE,7/1/97,7/3/97,1
LEPIDOPTERA,AGONOXENIDAE,7/11/97,7/13/97,1
LEPIDOPTERA,AGONOXENIDAE,7/7/97,7/8/97,5
LEPIDOPTERA,AGONOXENIDAE,7/9/97,7/10/97,1
LEPIDOPTERA,AGONOXENIDAE,8/1/97,8/3/97,1
LEPIDOPTERA,AGONOXENIDAE,8/8/97,8/13/97,1
LEPIDOPTERA,ALUCITIDAE,5/7/97,5/29/97,1
LEPIDOPTERA,ALUCITIDAE,6/13/97,6/22/97,1
LEPIDOPTERA,ARCTIIDAE,6/24/97,6/30/97,1
LEPIDOPTERA,ARCTIIDAE,7/16/97,7/20/97,2
LEPIDOPTERA,ARCTIIDAE,7/21/97,7/21/97,2
LEPIDOPTERA,ARCTIIDAE,7/24/97,7/24/97,1
LEPIDOPTERA,ARCTIIDAE,7/4/97,7/6/97,1
LEPIDOPTERA,ARCTIIDAE,7/7/97,7/8/97,1
LEPIDOPTERA,ARCTIIDAE,8/1/97,8/3/97,2
LEPIDOPTERA,BATRACHEDRIDAE,7/16/97,7/20/97,1
LEPIDOPTERA,BATRACHEDRIDAE,7/21/97,7/21/97,1
LEPIDOPTERA,BATRACHEDRIDAE,7/22/97,7/23/97,2
LEPIDOPTERA,BATRACHEDRIDAE,7/25/97,7/27/97,1
LEPIDOPTERA,BATRACHEDRIDAE,7/4/97,7/6/97,1
LEPIDOPTERA,BATRACHEDRIDAE,7/7/97,7/8/97,2
LEPIDOPTERA,BATRACHEDRIDAE,7/9/97,7/10/97,3
LEPIDOPTERA,BATRACHEDRIDAE,8/14/97,8/17/97,11
LEPIDOPTERA,BATRACHEDRIDAE,8/18/97,8/21/97,2
LEPIDOPTERA,BATRACHEDRIDAE,8/25/97,8/31/97,1
LEPIDOPTERA,BATRACHEDRIDAE,8/8/97,8/13/97,4
LEPIDOPTERA,BUCCULATRICIDAE,5/30/97,6/3/97,1
LEPIDOPTERA,BUCCULATRICIDAE,6/24/97,6/30/97,1
LEPIDOPTERA,BUCCULATRICIDAE,6/9/97,6/12/97,1
LEPIDOPTERA,BUCCULATRICIDAE,7/28/97,7/31/97,2
LEPIDOPTERA,BUCCULATRICIDAE,8/1/97,8/3/97,2
LEPIDOPTERA,BUCCULATRICIDAE,8/14/97,8/17/97,9
LEPIDOPTERA,BUCCULATRICIDAE,8/18/97,8/21/97,5
LEPIDOPTERA,BUCCULATRICIDAE,8/4/97,8/7/97,1
LEPIDOPTERA,BUCCULATRICIDAE,8/8/97,8/13/97,4
LEPIDOPTERA,CHOREUTIDAE,8/14/97,8/17/97,1
LEPIDOPTERA,COLEOPHORIDAE,6/13/97,6/22/97,5
LEPIDOPTERA,COLEOPHORIDAE,6/23/97,6/23/97,1
LEPIDOPTERA,COLEOPHORIDAE,6/24/97,6/30/97,4
LEPIDOPTERA,COLEOPHORIDAE,6/9/97,6/12/97,3
LEPIDOPTERA,COLEOPHORIDAE,7/1/97,7/3/97,1
LEPIDOPTERA,COLEOPHORIDAE,7/11/97,7/13/97,16
LEPIDOPTERA,COLEOPHORIDAE,7/16/97,7/20/97,8
LEPIDOPTERA,COLEOPHORIDAE,7/21/97,7/21/97,10
LEPIDOPTERA,COLEOPHORIDAE,7/22/97,7/23/97,13
LEPIDOPTERA,COLEOPHORIDAE,7/25/97,7/27/97,12
LEPIDOPTERA,COLEOPHORIDAE,7/28/97,7/31/97,16
LEPIDOPTERA,COLEOPHORIDAE,7/4/97,7/6/97,9
LEPIDOPTERA,COLEOPHORIDAE,7/7/97,7/8/97,7
LEPIDOPTERA,COLEOPHORIDAE,7/9/97,7/10/97,20
LEPIDOPTERA,COLEOPHORIDAE,8/1/97,8/3/97,12
LEPIDOPTERA,COLEOPHORIDAE,8/14/97,8/17/97,2
LEPIDOPTERA,COLEOPHORIDAE,8/25/97,8/31/97,1
LEPIDOPTERA,COSMOPTERIGIDAE,7/22/97,7/23/97,1
LEPIDOPTERA,COSSIDAE,7/1/97,7/3/97,1
LEPIDOPTERA,COSSIDAE,7/9/97,7/10/97,1
LEPIDOPTERA,DEPRESSARIIDAE,7/11/97,7/13/97,1
LEPIDOPTERA,DEPRESSARIIDAE,7/22/97,7/23/97,1
LEPIDOPTERA,DEPRESSARIIDAE,7/9/97,7/10/97,1
LEPIDOPTERA,DEPRESSARIIDAE,8/8/97,8/13/97,1
LEPIDOPTERA,DREPANIDAE,5/30/97,6/3/97,2
LEPIDOPTERA,DREPANIDAE,6/13/97,6/22/97,1
LEPIDOPTERA,DREPANIDAE,6/23/97,6/23/97,2
LEPIDOPTERA,DREPANIDAE,7/1/97,7/3/97,1
LEPIDOPTERA,DREPANIDAE,7/22/97,7/23/97,3
LEPIDOPTERA,DREPANIDAE,7/25/97,7/27/97,1
LEPIDOPTERA,DREPANIDAE,7/4/97,7/6/97,3
LEPIDOPTERA,DREPANIDAE,7/9/97,7/10/97,1
LEPIDOPTERA,DREPANIDAE,8/1/97,8/3/97,1
LEPIDOPTERA,DREPANIDAE,8/14/97,8/17/97,1
LEPIDOPTERA,DREPANIDAE,8/25/97,8/31/97,1
LEPIDOPTERA,DREPANIDAE,8/4/97,8/7/97,1
LEPIDOPTERA,DREPANIDAE,8/8/97,8/13/97,1
LEPIDOPTERA,ELACHISTIDAE,7/21/97,7/21/97,1
LEPIDOPTERA,ELACHISTIDAE,7/22/97,7/23/97,1
LEPIDOPTERA,ELACHISTIDAE,7/28/97,7/31/97,1
LEPIDOPTERA,ELACHISTIDAE,8/1/97,8/3/97,2
LEPIDOPTERA,ELACHISTIDAE,8/22/97,8/24/97,1
LEPIDOPTERA,ELACHISTIDAE,8/4/97,8/7/97,1
LEPIDOPTERA,ELACHISTIDAE,8/8/97,8/13/97,6
LEPIDOPTERA,ETHMIIDAE,6/13/97,6/22/97,1
LEPIDOPTERA,GELECHIIDAE,5/7/97,5/29/97,1
LEPIDOPTERA,GELECHIIDAE,6/13/97,6/22/97,3
LEPIDOPTERA,GELECHIIDAE,6/23/97,6/23/97,1
LEPIDOPTERA,GELECHIIDAE,6/24/97,6/30/97,17
LEPIDOPTERA,GELECHIIDAE,6/9/97,6/12/97,1
LEPIDOPTERA,GELECHIIDAE,7/1/97,7/3/97,13
LEPIDOPTERA,GELECHIIDAE,7/11/97,7/13/97,17
LEPIDOPTERA,GELECHIIDAE,7/16/97,7/20/97,11
LEPIDOPTERA,GELECHIIDAE,7/21/97,7/21/97,16
LEPIDOPTERA,GELECHIIDAE,7/22/97,7/23/97,13
LEPIDOPTERA,GELECHIIDAE,7/24/97,7/24/97,6
LEPIDOPTERA,GELECHIIDAE,7/25/97,7/27/97,12
LEPIDOPTERA,GELECHIIDAE,7/28/97,7/31/97,8
LEPIDOPTERA,GELECHIIDAE,7/4/97,7/6/97,13
LEPIDOPTERA,GELECHIIDAE,7/7/97,7/8/97,7
LEPIDOPTERA,GELECHIIDAE,7/9/97,7/10/97,15
LEPIDOPTERA,GELECHIIDAE,8/1/97,8/3/97,27
LEPIDOPTERA,GELECHIIDAE,8/14/97,8/17/97,20
LEPIDOPTERA,GELECHIIDAE,8/18/97,8/21/97,11
LEPIDOPTERA,GELECHIIDAE,8/22/97,8/24/97,4
LEPIDOPTERA,GELECHIIDAE,8/25/97,8/31/97,2
LEPIDOPTERA,GELECHIIDAE,8/4/97,8/7/97,20
LEPIDOPTERA,GELECHIIDAE,8/8/97,8/13/97,19
LEPIDOPTERA,GELECHIIDAE,9/1/97,9/7/97,2
LEPIDOPTERA,GELECHIIDAE,9/8/97,9/11/97,1
LEPIDOPTERA,GEOMETRIDAE,10/17/97,11/10/97,3
LEPIDOPTERA,GEOMETRIDAE,10/8/97,10/16/97,1
LEPIDOPTERA,GEOMETRIDAE,5/30/97,6/3/97,25
LEPIDOPTERA,GEOMETRIDAE,5/7/97,5/29/97,4
LEPIDOPTERA,GEOMETRIDAE,6/13/97,6/22/97,47
LEPIDOPTERA,GEOMETRIDAE,6/23/97,6/23/97,7
LEPIDOPTERA,GEOMETRIDAE,6/24/97,6/30/97,27
LEPIDOPTERA,GEOMETRIDAE,6/4/97,6/8/97,4
LEPIDOPTERA,GEOMETRIDAE,6/9/97,6/12/97,32
LEPIDOPTERA,GEOMETRIDAE,7/1/97,7/3/97,32
LEPIDOPTERA,GEOMETRIDAE,7/11/97,7/13/97,54
LEPIDOPTERA,GEOMETRIDAE,7/14/97,7/15/97,5
LEPIDOPTERA,GEOMETRIDAE,7/16/97,7/20/97,14
LEPIDOPTERA,GEOMETRIDAE,7/21/97,7/21/97,18
LEPIDOPTERA,GEOMETRIDAE,7/22/97,7/23/97,38
LEPIDOPTERA,GEOMETRIDAE,7/24/97,7/24/97,23
LEPIDOPTERA,GEOMETRIDAE,7/25/97,7/27/97,37
LEPIDOPTERA,GEOMETRIDAE,7/28/97,7/31/97,19
LEPIDOPTERA,GEOMETRIDAE,7/4/97,7/6/97,39
LEPIDOPTERA,GEOMETRIDAE,7/7/97,7/8/97,25
LEPIDOPTERA,GEOMETRIDAE,7/9/97,7/10/97,42
LEPIDOPTERA,GEOMETRIDAE,8/1/97,8/3/97,31
LEPIDOPTERA,GEOMETRIDAE,8/14/97,8/17/97,24
LEPIDOPTERA,GEOMETRIDAE,8/18/97,8/21/97,11
LEPIDOPTERA,GEOMETRIDAE,8/22/97,8/24/97,4
LEPIDOPTERA,GEOMETRIDAE,8/25/97,8/31/97,6
LEPIDOPTERA,GEOMETRIDAE,8/4/97,8/7/97,21
LEPIDOPTERA,GEOMETRIDAE,8/8/97,8/13/97,15
LEPIDOPTERA,GEOMETRIDAE,9/1/97,9/7/97,10
LEPIDOPTERA,GEOMETRIDAE,9/25/97,9/30/97,1
LEPIDOPTERA,GRACILLARIIDAE,10/8/97,10/16/97,1
LEPIDOPTERA,GRACILLARIIDAE,5/30/97,6/3/97,5
LEPIDOPTERA,GRACILLARIIDAE,5/7/97,5/29/97,3
LEPIDOPTERA,GRACILLARIIDAE,6/9/97,6/12/97,2
LEPIDOPTERA,GRACILLARIIDAE,7/1/97,7/3/97,2
LEPIDOPTERA,GRACILLARIIDAE,7/11/97,7/13/97,2
LEPIDOPTERA,GRACILLARIIDAE,7/16/97,7/20/97,3
LEPIDOPTERA,GRACILLARIIDAE,7/21/97,7/21/97,3
LEPIDOPTERA,GRACILLARIIDAE,7/22/97,7/23/97,9
LEPIDOPTERA,GRACILLARIIDAE,7/24/97,7/24/97,3
LEPIDOPTERA,GRACILLARIIDAE,7/25/97,7/27/97,5
LEPIDOPTERA,GRACILLARIIDAE,7/28/97,7/31/97,15
LEPIDOPTERA,GRACILLARIIDAE,7/4/97,7/6/97,6
LEPIDOPTERA,GRACILLARIIDAE,7/7/97,7/8/97,1
LEPIDOPTERA,GRACILLARIIDAE,7/9/97,7/10/97,7
LEPIDOPTERA,GRACILLARIIDAE,8/1/97,8/3/97,17
LEPIDOPTERA,GRACILLARIIDAE,8/14/97,8/17/97,6
LEPIDOPTERA,GRACILLARIIDAE,8/18/97,8/21/97,3
LEPIDOPTERA,GRACILLARIIDAE,8/22/97,8/24/97,2
LEPIDOPTERA,GRACILLARIIDAE,8/25/97,8/31/97,5
LEPIDOPTERA,GRACILLARIIDAE,8/4/97,8/7/97,11
LEPIDOPTERA,GRACILLARIIDAE,8/8/97,8/13/97,19
LEPIDOPTERA,GRACILLARIIDAE,9/1/97,9/7/97,8
LEPIDOPTERA,GRACILLARIIDAE,9/21/97,9/24/97,3
LEPIDOPTERA,GRACILLARIIDAE,9/25/97,9/30/97,1
LEPIDOPTERA,HEPIALIDAE,6/13/97,6/22/97,4
LEPIDOPTERA,HEPIALIDAE,6/9/97,6/12/97,5
LEPIDOPTERA,INCURVARIIDAE,5/30/97,6/3/97,2
LEPIDOPTERA,LASIOCAMPIDAE,7/24/97,7/24/97,1
LEPIDOPTERA,LIMACODIDAE,7/21/97,7/21/97,1
LEPIDOPTERA,LYMANTRIIDAE,7/22/97,7/23/97,3
LEPIDOPTERA,LYMANTRIIDAE,7/24/97,7/24/97,2
LEPIDOPTERA,LYMANTRIIDAE,7/28/97,7/31/97,1
LEPIDOPTERA,LYMANTRIIDAE,8/18/97,8/21/97,1
LEPIDOPTERA,LYONETIDAE,5/30/97,6/3/97,1
LEPIDOPTERA,LYONETIDAE,6/24/97,6/30/97,2
LEPIDOPTERA,LYONETIDAE,7/1/97,7/3/97,1
LEPIDOPTERA,LYONETIDAE,7/11/97,7/13/97,1
LEPIDOPTERA,LYONETIDAE,7/21/97,7/21/97,1
LEPIDOPTERA,LYONETIDAE,7/22/97,7/23/97,1
LEPIDOPTERA,LYONETIDAE,7/28/97,7/31/97,1
LEPIDOPTERA,LYONETIDAE,7/4/97,7/6/97,7
LEPIDOPTERA,LYONETIDAE,7/7/97,7/8/97,2
LEPIDOPTERA,LYONETIDAE,7/9/97,7/10/97,5
LEPIDOPTERA,LYONETIDAE,8/1/97,8/3/97,1
LEPIDOPTERA,LYONETIDAE,8/14/97,8/17/97,4
LEPIDOPTERA,LYONETIDAE,8/18/97,8/21/97,1
LEPIDOPTERA,LYONETIDAE,8/25/97,8/31/97,2
LEPIDOPTERA,LYONETIDAE,8/4/97,8/7/97,2
LEPIDOPTERA,LYONETIDAE,8/8/97,8/13/97,3
LEPIDOPTERA,LYONETIDAE,9/1/97,9/7/97,1
LEPIDOPTERA,LYONETIDAE,9/21/97,9/24/97,1
LEPIDOPTERA,MOMPHIDAE,5/30/97,6/3/97,12
LEPIDOPTERA,MOMPHIDAE,5/7/97,5/29/97,2
LEPIDOPTERA,MOMPHIDAE,6/13/97,6/22/97,5
LEPIDOPTERA,MOMPHIDAE,6/23/97,6/23/97,1
LEPIDOPTERA,MOMPHIDAE,6/9/97,6/12/97,2
LEPIDOPTERA,MOMPHIDAE,7/28/97,7/31/97,1
LEPIDOPTERA,MOMPHIDAE,7/4/97,7/6/97,3
LEPIDOPTERA,MOMPHIDAE,7/7/97,7/8/97,2
LEPIDOPTERA,MOMPHIDAE,8/14/97,8/17/97,3
LEPIDOPTERA,MOMPHIDAE,8/8/97,8/13/97,3
LEPIDOPTERA,NEPTICULIDAE,5/30/97,6/3/97,1
LEPIDOPTERA,NEPTICULIDAE,6/13/97,6/22/97,1
LEPIDOPTERA,NEPTICULIDAE,6/9/97,6/12/97,1
LEPIDOPTERA,NEPTICULIDAE,7/16/97,7/20/97,1
LEPIDOPTERA,NEPTICULIDAE,7/21/97,7/21/97,1
LEPIDOPTERA,NEPTICULIDAE,7/22/97,7/23/97,1
LEPIDOPTERA,NEPTICULIDAE,7/24/97,7/24/97,1
LEPIDOPTERA,NEPTICULIDAE,7/25/97,7/27/97,2
LEPIDOPTERA,NEPTICULIDAE,7/28/97,7/31/97,1
LEPIDOPTERA,NEPTICULIDAE,8/1/97,8/3/97,4
LEPIDOPTERA,NEPTICULIDAE,8/14/97,8/17/97,2
LEPIDOPTERA,NEPTICULIDAE,8/18/97,8/21/97,4
LEPIDOPTERA,NEPTICULIDAE,8/25/97,8/31/97,1
LEPIDOPTERA,NEPTICULIDAE,8/4/97,8/7/97,1
LEPIDOPTERA,NEPTICULIDAE,8/8/97,8/13/97,2
LEPIDOPTERA,NEPTICULIDAE,9/1/97,9/7/97,1
LEPIDOPTERA,NOCTUIDAE,10/1/97,10/7/97,13
LEPIDOPTERA,NOCTUIDAE,10/17/97,11/10/97,3
LEPIDOPTERA,NOCTUIDAE,10/8/97,10/16/97,8
LEPIDOPTERA,NOCTUIDAE,5/30/97,6/3/97,55
LEPIDOPTERA,NOCTUIDAE,5/7/97,5/29/97,33
LEPIDOPTERA,NOCTUIDAE,6/13/97,6/22/97,426
LEPIDOPTERA,NOCTUIDAE,6/23/97,6/23/97,73
LEPIDOPTERA,NOCTUIDAE,6/24/97,6/30/97,296
LEPIDOPTERA,NOCTUIDAE,6/4/97,6/8/97,39
LEPIDOPTERA,NOCTUIDAE,6/9/97,6/12/97,136
LEPIDOPTERA,NOCTUIDAE,7/1/97,7/3/97,185
LEPIDOPTERA,NOCTUIDAE,7/11/97,7/13/97,206
LEPIDOPTERA,NOCTUIDAE,7/14/97,7/15/97,36
LEPIDOPTERA,NOCTUIDAE,7/16/97,7/20/97,125
LEPIDOPTERA,NOCTUIDAE,7/21/97,7/21/97,84
LEPIDOPTERA,NOCTUIDAE,7/22/97,7/23/97,259
LEPIDOPTERA,NOCTUIDAE,7/24/97,7/24/97,99
LEPIDOPTERA,NOCTUIDAE,7/25/97,7/27/97,321
LEPIDOPTERA,NOCTUIDAE,7/28/97,7/31/97,368
LEPIDOPTERA,NOCTUIDAE,7/4/97,7/6/97,256
LEPIDOPTERA,NOCTUIDAE,7/7/97,7/8/97,115
LEPIDOPTERA,NOCTUIDAE,7/9/97,7/10/97,164
LEPIDOPTERA,NOCTUIDAE,8/1/97,8/3/97,241
LEPIDOPTERA,NOCTUIDAE,8/14/97,8/17/97,240
LEPIDOPTERA,NOCTUIDAE,8/18/97,8/21/97,109
LEPIDOPTERA,NOCTUIDAE,8/22/97,8/24/97,129
LEPIDOPTERA,NOCTUIDAE,8/25/97,8/31/97,338
LEPIDOPTERA,NOCTUIDAE,8/4/97,8/7/97,271
LEPIDOPTERA,NOCTUIDAE,8/8/97,8/13/97,233
LEPIDOPTERA,NOCTUIDAE,9/1/97,9/7/97,281
LEPIDOPTERA,NOCTUIDAE,9/12/97,9/20/97,29
LEPIDOPTERA,NOCTUIDAE,9/21/97,9/24/97,20
LEPIDOPTERA,NOCTUIDAE,9/25/97,9/30/97,33
LEPIDOPTERA,NOCTUIDAE,9/8/97,9/11/97,14
LEPIDOPTERA,NOLIDAE,6/13/97,6/22/97,2
LEPIDOPTERA,NOLIDAE,6/23/97,6/23/97,1
LEPIDOPTERA,NOLIDAE,6/24/97,6/30/97,3
LEPIDOPTERA,NOLIDAE,6/9/97,6/12/97,2
LEPIDOPTERA,NOLIDAE,7/1/97,7/3/97,4
LEPIDOPTERA,NOLIDAE,7/14/97,7/15/97,1
LEPIDOPTERA,NOLIDAE,7/21/97,7/21/97,1
LEPIDOPTERA,NOLIDAE,7/22/97,7/23/97,2
LEPIDOPTERA,NOLIDAE,7/4/97,7/6/97,2
LEPIDOPTERA,NOLIDAE,7/7/97,7/8/97,1
LEPIDOPTERA,NOLIDAE,7/9/97,7/10/97,1
LEPIDOPTERA,NOTODONTIDAE,6/13/97,6/22/97,2
LEPIDOPTERA,NOTODONTIDAE,6/24/97,6/30/97,2
LEPIDOPTERA,NOTODONTIDAE,6/9/97,6/12/97,1
LEPIDOPTERA,NOTODONTIDAE,7/16/97,7/20/97,1
LEPIDOPTERA,NOTODONTIDAE,7/25/97,7/27/97,1
LEPIDOPTERA,NOTODONTIDAE,7/4/97,7/6/97,1
LEPIDOPTERA,NOTODONTIDAE,7/9/97,7/10/97,1
LEPIDOPTERA,NOTODONTIDAE,8/1/97,8/3/97,2
LEPIDOPTERA,NOTODONTIDAE,8/18/97,8/21/97,1
LEPIDOPTERA,NOTODONTIDAE,8/4/97,8/7/97,2
LEPIDOPTERA,NOTODONTIDAE,8/8/97,8/13/97,4
LEPIDOPTERA,OECOPHORIDAE,10/17/97,11/10/97,1
LEPIDOPTERA,OECOPHORIDAE,5/30/97,6/3/97,1
LEPIDOPTERA,OECOPHORIDAE,5/7/97,5/29/97,1
LEPIDOPTERA,OECOPHORIDAE,6/13/97,6/22/97,12
LEPIDOPTERA,OECOPHORIDAE,6/24/97,6/30/97,1
LEPIDOPTERA,OECOPHORIDAE,7/1/97,7/3/97,3
LEPIDOPTERA,OECOPHORIDAE,7/11/97,7/13/97,11
LEPIDOPTERA,OECOPHORIDAE,7/14/97,7/15/97,3
LEPIDOPTERA,OECOPHORIDAE,7/16/97,7/20/97,11
LEPIDOPTERA,OECOPHORIDAE,7/21/97,7/21/97,22
LEPIDOPTERA,OECOPHORIDAE,7/22/97,7/23/97,43
LEPIDOPTERA,OECOPHORIDAE,7/24/97,7/24/97,16
LEPIDOPTERA,OECOPHORIDAE,7/25/97,7/27/97,17
LEPIDOPTERA,OECOPHORIDAE,7/28/97,7/31/97,19
LEPIDOPTERA,OECOPHORIDAE,7/4/97,7/6/97,3
LEPIDOPTERA,OECOPHORIDAE,7/7/97,7/8/97,8
LEPIDOPTERA,OECOPHORIDAE,7/9/97,7/10/97,10
LEPIDOPTERA,OECOPHORIDAE,8/1/97,8/3/97,52
LEPIDOPTERA,OECOPHORIDAE,8/14/97,8/17/97,29
LEPIDOPTERA,OECOPHORIDAE,8/18/97,8/21/97,8
LEPIDOPTERA,OECOPHORIDAE,8/22/97,8/24/97,1
LEPIDOPTERA,OECOPHORIDAE,8/25/97,8/31/97,3
LEPIDOPTERA,OECOPHORIDAE,8/4/97,8/7/97,39
LEPIDOPTERA,OECOPHORIDAE,8/8/97,8/13/97,41
LEPIDOPTERA,OECOPHORIDAE,9/1/97,9/7/97,1
LEPIDOPTERA,OECOPHORIDAE,9/12/97,9/20/97,1
LEPIDOPTERA,OECOPHORIDAE,9/25/97,9/30/97,3
LEPIDOPTERA,OECOPHORIDAE,9/8/97,9/11/97,1
LEPIDOPTERA,PLUTELLIDAE,10/17/97,11/10/97,3
LEPIDOPTERA,PLUTELLIDAE,6/13/97,6/22/97,2
LEPIDOPTERA,PLUTELLIDAE,6/23/97,6/23/97,1
LEPIDOPTERA,PLUTELLIDAE,6/24/97,6/30/97,1
LEPIDOPTERA,PLUTELLIDAE,6/4/97,6/8/97,1
LEPIDOPTERA,PLUTELLIDAE,6/9/97,6/12/97,2
LEPIDOPTERA,PLUTELLIDAE,7/1/97,7/3/97,2
LEPIDOPTERA,PLUTELLIDAE,7/11/97,7/13/97,6
LEPIDOPTERA,PLUTELLIDAE,7/14/97,7/15/97,1
LEPIDOPTERA,PLUTELLIDAE,7/16/97,7/20/97,8
LEPIDOPTERA,PLUTELLIDAE,7/21/97,7/21/97,9
LEPIDOPTERA,PLUTELLIDAE,7/22/97,7/23/97,32
LEPIDOPTERA,PLUTELLIDAE,7/24/97,7/24/97,16
LEPIDOPTERA,PLUTELLIDAE,7/25/97,7/27/97,7
LEPIDOPTERA,PLUTELLIDAE,7/28/97,7/31/97,9
LEPIDOPTERA,PLUTELLIDAE,7/4/97,7/6/97,1
LEPIDOPTERA,PLUTELLIDAE,7/7/97,7/8/97,1
LEPIDOPTERA,PLUTELLIDAE,7/9/97,7/10/97,5
LEPIDOPTERA,PLUTELLIDAE,8/1/97,8/3/97,42
LEPIDOPTERA,PLUTELLIDAE,8/14/97,8/17/97,35
LEPIDOPTERA,PLUTELLIDAE,8/18/97,8/21/97,9
LEPIDOPTERA,PLUTELLIDAE,8/22/97,8/24/97,2
LEPIDOPTERA,PLUTELLIDAE,8/25/97,8/31/97,36
LEPIDOPTERA,PLUTELLIDAE,8/4/97,8/7/97,82
LEPIDOPTERA,PLUTELLIDAE,8/8/97,8/13/97,35
LEPIDOPTERA,PLUTELLIDAE,9/1/97,9/7/97,56
LEPIDOPTERA,PLUTELLIDAE,9/12/97,9/20/97,1
LEPIDOPTERA,PLUTELLIDAE,9/21/97,9/24/97,1
LEPIDOPTERA,PLUTELLIDAE,9/25/97,9/30/97,1
LEPIDOPTERA,PTEROPHORIDAE,7/16/97,7/20/97,1
LEPIDOPTERA,PTEROPHORIDAE,7/9/97,7/10/97,1
LEPIDOPTERA,PTEROPHORIDAE,8/4/97,8/7/97,1
LEPIDOPTERA,PYRALIDAE,6/13/97,6/22/97,8
LEPIDOPTERA,PYRALIDAE,6/23/97,6/23/97,4
LEPIDOPTERA,PYRALIDAE,6/24/97,6/30/97,57
LEPIDOPTERA,PYRALIDAE,7/1/97,7/3/97,93
LEPIDOPTERA,PYRALIDAE,7/11/97,7/13/97,153
LEPIDOPTERA,PYRALIDAE,7/14/97,7/15/97,9
LEPIDOPTERA,PYRALIDAE,7/16/97,7/20/97,131
LEPIDOPTERA,PYRALIDAE,7/21/97,7/21/97,113
LEPIDOPTERA,PYRALIDAE,7/22/97,7/23/97,236
LEPIDOPTERA,PYRALIDAE,7/24/97,7/24/97,113
LEPIDOPTERA,PYRALIDAE,7/25/97,7/27/97,146
LEPIDOPTERA,PYRALIDAE,7/28/97,7/31/97,138
LEPIDOPTERA,PYRALIDAE,7/4/97,7/6/97,43
LEPIDOPTERA,PYRALIDAE,7/7/97,7/8/97,50
LEPIDOPTERA,PYRALIDAE,7/9/97,7/10/97,97
LEPIDOPTERA,PYRALIDAE,8/1/97,8/3/97,243
LEPIDOPTERA,PYRALIDAE,8/14/97,8/17/97,65
LEPIDOPTERA,PYRALIDAE,8/18/97,8/21/97,23
LEPIDOPTERA,PYRALIDAE,8/22/97,8/24/97,9
LEPIDOPTERA,PYRALIDAE,8/25/97,8/31/97,6
LEPIDOPTERA,PYRALIDAE,8/4/97,8/7/97,154
LEPIDOPTERA,PYRALIDAE,8/8/97,8/13/97,78
LEPIDOPTERA,PYRALIDAE,9/1/97,9/7/97,6
LEPIDOPTERA,PYRALIDAE,9/12/97,9/20/97,1
LEPIDOPTERA,PYRALIDAE,9/25/97,9/30/97,1
LEPIDOPTERA,SPHINGIDAE,5/30/97,6/3/97,3
LEPIDOPTERA,SPHINGIDAE,5/7/97,5/29/97,2
LEPIDOPTERA,SPHINGIDAE,6/13/97,6/22/97,2
LEPIDOPTERA,SPHINGIDAE,6/4/97,6/8/97,1
LEPIDOPTERA,SPHINGIDAE,7/1/97,7/3/97,2
LEPIDOPTERA,SPHINGIDAE,7/16/97,7/20/97,1
LEPIDOPTERA,SPHINGIDAE,8/4/97,8/7/97,1
LEPIDOPTERA,TINEIDAE,5/30/97,6/3/97,1
LEPIDOPTERA,TINEIDAE,6/13/97,6/22/97,2
LEPIDOPTERA,TINEIDAE,6/9/97,6/12/97,8
LEPIDOPTERA,TINEIDAE,7/1/97,7/3/97,3
LEPIDOPTERA,TINEIDAE,7/11/97,7/13/97,3
LEPIDOPTERA,TINEIDAE,7/21/97,7/21/97,1
LEPIDOPTERA,TINEIDAE,7/28/97,7/31/97,1
LEPIDOPTERA,TINEIDAE,7/4/97,7/6/97,5
LEPIDOPTERA,TINEIDAE,7/7/97,7/8/97,1
LEPIDOPTERA,TINEIDAE,7/9/97,7/10/97,1
LEPIDOPTERA,TINEIDAE,8/1/97,8/3/97,1
LEPIDOPTERA,TINEIDAE,8/14/97,8/17/97,2
LEPIDOPTERA,TINEIDAE,8/25/97,8/31/97,1
LEPIDOPTERA,TINEIDAE,8/4/97,8/7/97,2
LEPIDOPTERA,TINEIDAE,9/25/97,9/30/97,2
LEPIDOPTERA,TORTRICIDAE,10/1/97,10/7/97,5
LEPIDOPTERA,TORTRICIDAE,10/17/97,11/10/97,4
LEPIDOPTERA,TORTRICIDAE,10/8/97,10/16/97,2
LEPIDOPTERA,TORTRICIDAE,5/30/97,6/3/97,2
LEPIDOPTERA,TORTRICIDAE,6/13/97,6/22/97,30
LEPIDOPTERA,TORTRICIDAE,6/23/97,6/23/97,5
LEPIDOPTERA,TORTRICIDAE,6/24/97,6/30/97,74
LEPIDOPTERA,TORTRICIDAE,6/9/97,6/12/97,8
LEPIDOPTERA,TORTRICIDAE,7/1/97,7/3/97,111
LEPIDOPTERA,TORTRICIDAE,7/11/97,7/13/97,160
LEPIDOPTERA,TORTRICIDAE,7/14/97,7/15/97,50
LEPIDOPTERA,TORTRICIDAE,7/16/97,7/20/97,115
LEPIDOPTERA,TORTRICIDAE,7/21/97,7/21/97,138
LEPIDOPTERA,TORTRICIDAE,7/22/97,7/23/97,357
LEPIDOPTERA,TORTRICIDAE,7/24/97,7/24/97,104
LEPIDOPTERA,TORTRICIDAE,7/25/97,7/27/97,198
LEPIDOPTERA,TORTRICIDAE,7/28/97,7/31/97,172
LEPIDOPTERA,TORTRICIDAE,7/4/97,7/6/97,176
LEPIDOPTERA,TORTRICIDAE,7/7/97,7/8/97,117
LEPIDOPTERA,TORTRICIDAE,7/9/97,7/10/97,178
LEPIDOPTERA,TORTRICIDAE,8/1/97,8/3/97,273
LEPIDOPTERA,TORTRICIDAE,8/14/97,8/17/97,215
LEPIDOPTERA,TORTRICIDAE,8/18/97,8/21/97,36
LEPIDOPTERA,TORTRICIDAE,8/22/97,8/24/97,18
LEPIDOPTERA,TORTRICIDAE,8/25/97,8/31/97,15
LEPIDOPTERA,TORTRICIDAE,8/4/97,8/7/97,587
LEPIDOPTERA,TORTRICIDAE,8/8/97,8/13/97,343
LEPIDOPTERA,TORTRICIDAE,9/1/97,9/7/97,14
LEPIDOPTERA,TORTRICIDAE,9/12/97,9/20/97,8
LEPIDOPTERA,TORTRICIDAE,9/21/97,9/24/97,4
LEPIDOPTERA,TORTRICIDAE,9/25/97,9/30/97,5
LEPIDOPTERA,TORTRICIDAE,9/8/97,9/11/97,1
LEPIDOPTERA,YPONOMEUTIDAE,10/17/97,11/10/97,1
LEPIDOPTERA,YPONOMEUTIDAE,5/30/97,6/3/97,1
LEPIDOPTERA,YPONOMEUTIDAE,6/24/97,6/30/97,2
LEPIDOPTERA,YPONOMEUTIDAE,6/9/97,6/12/97,3
LEPIDOPTERA,YPONOMEUTIDAE,7/1/97,7/3/97,4
LEPIDOPTERA,YPONOMEUTIDAE,7/11/97,7/13/97,30
LEPIDOPTERA,YPONOMEUTIDAE,7/14/97,7/15/97,12
LEPIDOPTERA,YPONOMEUTIDAE,7/16/97,7/20/97,44
LEPIDOPTERA,YPONOMEUTIDAE,7/21/97,7/21/97,279
LEPIDOPTERA,YPONOMEUTIDAE,7/22/97,7/23/97,1267
LEPIDOPTERA,YPONOMEUTIDAE,7/24/97,7/24/97,273
LEPIDOPTERA,YPONOMEUTIDAE,7/25/97,7/27/97,167
LEPIDOPTERA,YPONOMEUTIDAE,7/28/97,7/31/97,158
LEPIDOPTERA,YPONOMEUTIDAE,7/4/97,7/6/97,3
LEPIDOPTERA,YPONOMEUTIDAE,7/7/97,7/8/97,6
LEPIDOPTERA,YPONOMEUTIDAE,7/9/97,7/10/97,9
LEPIDOPTERA,YPONOMEUTIDAE,8/1/97,8/3/97,165
LEPIDOPTERA,YPONOMEUTIDAE,8/14/97,8/17/97,118
LEPIDOPTERA,YPONOMEUTIDAE,8/18/97,8/21/97,17
LEPIDOPTERA,YPONOMEUTIDAE,8/22/97,8/24/97,11
LEPIDOPTERA,YPONOMEUTIDAE,8/25/97,8/31/97,6
LEPIDOPTERA,YPONOMEUTIDAE,8/4/97,8/7/97,89
LEPIDOPTERA,YPONOMEUTIDAE,8/8/97,8/13/97,62
LEPIDOPTERA,YPONOMEUTIDAE,9/1/97,9/7/97,6
LEPIDOPTERA,YPONOMEUTIDAE,9/21/97,9/24/97,1
LEPIDOPTERA,YPONOMEUTIDAE,9/8/97,9/11/97,1
