order,family,date1,date2,individuals
COLEOPTERA,ANOBIIDAE,5/19/98,5/26/98,2
COLEOPTERA,ANOBIIDAE,5/27/98,6/1/98,2
COLEOPTERA,ANOBIIDAE,7/20/98,7/21/98,1
COLEOPTERA,ANOBIIDAE,7/22/98,7/23/98,1
COLEOPTERA,ANOBIIDAE,7/3/98,7/8/98,1
COLEOPTERA,ANOBIIDAE,8/14/98,8/18/98,1
COLEOPTERA,CANTHARIDAE,5/14/98,5/18/98,2
COLEOPTERA,CANTHARIDAE,5/19/98,5/26/98,2
COLEOPTERA,CANTHARIDAE,5/27/98,6/1/98,1
COLEOPTERA,CANTHARIDAE,6/19/98,6/21/98,1
COLEOPTERA,CANTHARIDAE,6/2/98,6/7/98,3
COLEOPTERA,CANTHARIDAE,6/8/98,6/11/98,1
COLEOPTERA,CANTHARIDAE,7/13/98,7/19/98,1
COLEOPTERA,CANTHARIDAE,7/20/98,7/21/98,4
COLEOPTERA,CANTHARIDAE,7/22/98,7/23/98,1
COLEOPTERA,CARABIDAE,5/14/98,5/18/98,1
COLEOPTERA,CARABIDAE,6/26/98,6/29/98,2
COLEOPTERA,CARABIDAE,7/20/98,7/21/98,496
COLEOPTERA,CARABIDAE,7/22/98,7/23/98,220
COLEOPTERA,CARABIDAE,7/24/98,7/26/98,4
COLEOPTERA,CARABIDAE,7/27/98,7/28/98,2
COLEOPTERA,CARABIDAE,7/29/98,8/2/98,62
COLEOPTERA,CARABIDAE,8/12/98,8/13/98,4
COLEOPTERA,CARABIDAE,8/14/98,8/18/98,86
COLEOPTERA,CARABIDAE,8/19/98,8/20/98,2
COLEOPTERA,CARABIDAE,8/24/98,8/27/98,1
COLEOPTERA,CARABIDAE,8/28/98,8/31/98,4
COLEOPTERA,CARABIDAE,8/3/98,8/4/98,2
COLEOPTERA,CARABIDAE,8/5/98,8/6/98,1
COLEOPTERA,CARABIDAE,8/7/98,8/11/98,14
COLEOPTERA,CARABIDAE,9/1/98,9/10/98,1
COLEOPTERA,COCCINELLIDAE,10/9/98,10/31/98,2
COLEOPTERA,COCCINELLIDAE,6/15/98,6/18/98,1
COLEOPTERA,COCCINELLIDAE,6/19/98,6/21/98,3
COLEOPTERA,COCCINELLIDAE,6/2/98,6/7/98,2
COLEOPTERA,COCCINELLIDAE,6/22/98,6/25/98,1
COLEOPTERA,COCCINELLIDAE,6/26/98,6/29/98,4
COLEOPTERA,COCCINELLIDAE,6/30/98,7/2/98,4
COLEOPTERA,COCCINELLIDAE,6/8/98,6/11/98,1
COLEOPTERA,COCCINELLIDAE,7/13/98,7/19/98,1
COLEOPTERA,COCCINELLIDAE,7/20/98,7/21/98,13
COLEOPTERA,COCCINELLIDAE,7/22/98,7/23/98,6
COLEOPTERA,COCCINELLIDAE,7/24/98,7/26/98,1
COLEOPTERA,COCCINELLIDAE,7/27/98,7/28/98,3
COLEOPTERA,COCCINELLIDAE,7/29/98,8/2/98,2
COLEOPTERA,COCCINELLIDAE,7/3/98,7/8/98,3
COLEOPTERA,COCCINELLIDAE,8/12/98,8/13/98,2
COLEOPTERA,COCCINELLIDAE,8/14/98,8/18/98,8
COLEOPTERA,COCCINELLIDAE,8/19/98,8/20/98,1
COLEOPTERA,COCCINELLIDAE,8/7/98,8/11/98,5
COLEOPTERA,COCCINELLIDAE,9/11/98,9/17/98,1
COLEOPTERA,COCCINELLIDAE,9/18/98,9/20/98,1
COLEOPTERA,COCCINELLIDAE,9/21/98,9/24/98,1
COLEOPTERA,COCCINELLIDAE,9/25/98,10/8/98,2
COLEOPTERA,COLYDIIDAE,7/20/98,7/21/98,1
COLEOPTERA,COLYDIIDAE,7/22/98,7/23/98,1
COLEOPTERA,COLYDIIDAE,7/24/98,7/26/98,1
COLEOPTERA,CORTICARIIDAE,8/14/98,8/18/98,1
COLEOPTERA,CRYPTOPHAGIDAE,5/14/98,5/18/98,1
COLEOPTERA,CRYPTOPHAGIDAE,6/19/98,6/21/98,1
COLEOPTERA,CRYPTOPHAGIDAE,6/26/98,6/29/98,1
COLEOPTERA,CRYPTOPHAGIDAE,7/20/98,7/21/98,25
COLEOPTERA,CRYPTOPHAGIDAE,7/24/98,7/26/98,1
COLEOPTERA,CRYPTOPHAGIDAE,8/14/98,8/18/98,1
COLEOPTERA,CUCUJIDAE,7/22/98,7/23/98,1
COLEOPTERA,CURCULIONIDAE,4/24/98,4/29/98,1
COLEOPTERA,CURCULIONIDAE,6/19/98,6/21/98,1
COLEOPTERA,CURCULIONIDAE,6/26/98,6/29/98,1
COLEOPTERA,CURCULIONIDAE,7/20/98,7/21/98,1
COLEOPTERA,CURCULIONIDAE,7/22/98,7/23/98,2
COLEOPTERA,CURCULIONIDAE,7/3/98,7/8/98,1
COLEOPTERA,DERMESTIDAE,5/27/98,6/1/98,1
COLEOPTERA,DERMESTIDAE,5/7/98,5/13/98,1
COLEOPTERA,DERMESTIDAE,6/2/98,6/7/98,1
COLEOPTERA,DERMESTIDAE,6/30/98,7/2/98,1
COLEOPTERA,DERMESTIDAE,6/8/98,6/11/98,1
COLEOPTERA,DERMESTIDAE,7/20/98,7/21/98,1
COLEOPTERA,DERMESTIDAE,7/29/98,8/2/98,1
COLEOPTERA,DERMESTIDAE,7/3/98,7/8/98,2
COLEOPTERA,DERMESTIDAE,8/14/98,8/18/98,3
COLEOPTERA,DERMESTIDAE,9/11/98,9/17/98,1
COLEOPTERA,DYTISCIDAE,7/20/98,7/21/98,4
COLEOPTERA,DYTISCIDAE,7/27/98,7/28/98,1
COLEOPTERA,DYTISCIDAE,7/29/98,8/2/98,1
COLEOPTERA,DYTISCIDAE,8/14/98,8/18/98,1
COLEOPTERA,ELATERIDAE,6/26/98,6/29/98,1
COLEOPTERA,ELATERIDAE,7/20/98,7/21/98,1
COLEOPTERA,ELATERIDAE,7/3/98,7/8/98,1
COLEOPTERA,ELATERIDAE,7/9/98,7/12/98,1
COLEOPTERA,ELATERIDAE,8/7/98,8/11/98,1
COLEOPTERA,HELOPHORIDAE,7/3/98,7/8/98,2
COLEOPTERA,HETEROCERIDAE,4/30/98,5/6/98,1
COLEOPTERA,HETEROCERIDAE,5/14/98,5/18/98,1
COLEOPTERA,HETEROCERIDAE,5/27/98,6/1/98,1
COLEOPTERA,HETEROCERIDAE,6/19/98,6/21/98,2
COLEOPTERA,HETEROCERIDAE,6/8/98,6/11/98,2
COLEOPTERA,HETEROCERIDAE,7/13/98,7/19/98,3
COLEOPTERA,HETEROCERIDAE,7/20/98,7/21/98,7
COLEOPTERA,HETEROCERIDAE,7/22/98,7/23/98,3
COLEOPTERA,HETEROCERIDAE,7/29/98,8/2/98,1
COLEOPTERA,HETEROCERIDAE,8/14/98,8/18/98,1
COLEOPTERA,HYDRAENIDAE,6/8/98,6/11/98,1
COLEOPTERA,HYDROPHILIDAE,4/30/98,5/6/98,7
COLEOPTERA,HYDROPHILIDAE,5/14/98,5/18/98,2
COLEOPTERA,HYDROPHILIDAE,6/19/98,6/21/98,6
COLEOPTERA,HYDROPHILIDAE,6/22/98,6/25/98,1
COLEOPTERA,HYDROPHILIDAE,6/26/98,6/29/98,2
COLEOPTERA,HYDROPHILIDAE,6/8/98,6/11/98,2
COLEOPTERA,HYDROPHILIDAE,7/13/98,7/19/98,2
COLEOPTERA,HYDROPHILIDAE,7/20/98,7/21/98,15
COLEOPTERA,HYDROPHILIDAE,7/22/98,7/23/98,4
COLEOPTERA,HYDROPHILIDAE,7/24/98,7/26/98,1
COLEOPTERA,HYDROPHILIDAE,7/29/98,8/2/98,6
COLEOPTERA,HYDROPHILIDAE,7/3/98,7/8/98,1
COLEOPTERA,HYDROPHILIDAE,8/14/98,8/18/98,6
COLEOPTERA,HYDROPHILIDAE,8/19/98,8/20/98,1
COLEOPTERA,HYDROPHILIDAE,8/21/98,8/23/98,1
COLEOPTERA,HYDROPHILIDAE,8/7/98,8/11/98,1
COLEOPTERA,HYDROPHILIDAE,9/1/98,9/10/98,1
COLEOPTERA,HYDROPHILIDAE,9/11/98,9/17/98,1
COLEOPTERA,HYDROPHILIDAE,9/21/98,9/24/98,1
COLEOPTERA,MELYRIDAE,5/14/98,5/18/98,2
COLEOPTERA,MELYRIDAE,5/19/98,5/26/98,2
COLEOPTERA,MELYRIDAE,5/27/98,6/1/98,2
COLEOPTERA,MELYRIDAE,6/12/98,6/14/98,3
COLEOPTERA,MELYRIDAE,6/15/98,6/18/98,3
COLEOPTERA,MELYRIDAE,6/19/98,6/21/98,4
COLEOPTERA,MELYRIDAE,6/2/98,6/7/98,1
COLEOPTERA,MELYRIDAE,6/22/98,6/25/98,1
COLEOPTERA,MELYRIDAE,6/26/98,6/29/98,3
COLEOPTERA,MELYRIDAE,6/30/98,7/2/98,4
COLEOPTERA,MELYRIDAE,6/8/98,6/11/98,9
COLEOPTERA,MELYRIDAE,7/13/98,7/19/98,2
COLEOPTERA,MELYRIDAE,7/20/98,7/21/98,2
COLEOPTERA,MELYRIDAE,7/22/98,7/23/98,1
COLEOPTERA,MELYRIDAE,7/27/98,7/28/98,1
COLEOPTERA,MELYRIDAE,7/3/98,7/8/98,1
COLEOPTERA,MELYRIDAE,7/9/98,7/12/98,1
COLEOPTERA,NITIDULIDAE,5/14/98,5/18/98,1
COLEOPTERA,NITIDULIDAE,5/7/98,5/13/98,1
COLEOPTERA,NITIDULIDAE,6/2/98,6/7/98,1
COLEOPTERA,NITIDULIDAE,7/20/98,7/21/98,1
COLEOPTERA,SALPINGIDAE,7/20/98,7/21/98,1
COLEOPTERA,SCARABAEIDAE,5/14/98,5/18/98,2
COLEOPTERA,SCARABAEIDAE,6/12/98,6/14/98,3
COLEOPTERA,SCARABAEIDAE,6/19/98,6/21/98,2
COLEOPTERA,SCARABAEIDAE,6/2/98,6/7/98,1
COLEOPTERA,SCARABAEIDAE,6/26/98,6/29/98,2
COLEOPTERA,SCARABAEIDAE,6/30/98,7/2/98,1
COLEOPTERA,SCARABAEIDAE,6/8/98,6/11/98,1
COLEOPTERA,SCARABAEIDAE,7/13/98,7/19/98,2
COLEOPTERA,SCARABAEIDAE,7/20/98,7/21/98,5
COLEOPTERA,SCARABAEIDAE,7/22/98,7/23/98,3
COLEOPTERA,SCARABAEIDAE,7/27/98,7/28/98,1
COLEOPTERA,SCARABAEIDAE,7/29/98,8/2/98,2
COLEOPTERA,SCARABAEIDAE,7/3/98,7/8/98,2
COLEOPTERA,SCARABAEIDAE,7/9/98,7/12/98,1
COLEOPTERA,SCARABAEIDAE,8/3/98,8/4/98,1
COLEOPTERA,SCARABAEIDAE,9/21/98,9/24/98,1
COLEOPTERA,SCIRTIDAE,6/19/98,6/21/98,1
COLEOPTERA,SCIRTIDAE,6/26/98,6/29/98,2
COLEOPTERA,SCIRTIDAE,6/8/98,6/11/98,2
COLEOPTERA,SCIRTIDAE,7/13/98,7/19/98,1
COLEOPTERA,SCIRTIDAE,7/20/98,7/21/98,1
COLEOPTERA,SCIRTIDAE,7/22/98,7/23/98,1
COLEOPTERA,SCIRTIDAE,7/29/98,8/2/98,1
COLEOPTERA,SCIRTIDAE,8/14/98,8/18/98,1
COLEOPTERA,SCIRTIDAE,8/19/98,8/20/98,2
COLEOPTERA,SCIRTIDAE,9/11/98,9/17/98,1
COLEOPTERA,SCRAPTIIDAE,5/19/98,5/26/98,1
COLEOPTERA,SCRAPTIIDAE,6/8/98,6/11/98,1
COLEOPTERA,SCRAPTIIDAE,7/3/98,7/8/98,1
COLEOPTERA,SCRAPTIIDAE,7/9/98,7/12/98,1
COLEOPTERA,SILPHIDAE,5/14/98,5/18/98,3
COLEOPTERA,SILPHIDAE,5/27/98,6/1/98,2
COLEOPTERA,SILPHIDAE,6/26/98,6/29/98,3
COLEOPTERA,SILPHIDAE,7/20/98,7/21/98,3
COLEOPTERA,SILPHIDAE,8/14/98,8/18/98,1
COLEOPTERA,SILPHIDAE,8/7/98,8/11/98,1
COLEOPTERA,STAPHYLINIDAE,6/19/98,6/21/98,3
COLEOPTERA,STAPHYLINIDAE,6/22/98,6/25/98,1
COLEOPTERA,STAPHYLINIDAE,6/26/98,6/29/98,1
COLEOPTERA,STAPHYLINIDAE,6/8/98,6/11/98,1
COLEOPTERA,STAPHYLINIDAE,7/20/98,7/21/98,35
COLEOPTERA,STAPHYLINIDAE,7/22/98,7/23/98,5
COLEOPTERA,STAPHYLINIDAE,8/14/98,8/18/98,2
COLEOPTERA,STAPHYLINIDAE,8/5/98,8/6/98,1
COLEOPTERA,TENEBRIONIDAE,7/13/98,7/19/98,2
COLEOPTERA,TENEBRIONIDAE,7/20/98,7/21/98,13
COLEOPTERA,TENEBRIONIDAE,7/22/98,7/23/98,9
COLEOPTERA,TENEBRIONIDAE,7/24/98,7/26/98,3
COLEOPTERA,TENEBRIONIDAE,7/29/98,8/2/98,2
COLEOPTERA,TENEBRIONIDAE,8/12/98,8/13/98,1
COLEOPTERA,TENEBRIONIDAE,8/14/98,8/18/98,1
COLEOPTERA,TENEBRIONIDAE,8/19/98,8/20/98,1
COLEOPTERA,THROSCIDAE,7/22/98,7/23/98,1
COLEOPTERA,THROSCIDAE,7/9/98,7/12/98,1
COLEOPTERA,THROSCIDAE,8/14/98,8/18/98,1
LEPIDOPTERA,ACROLEPIIDAE,7/13/98,7/19/98,1
LEPIDOPTERA,ADELIDAE,4/30/98,5/6/98,1
LEPIDOPTERA,ADELIDAE,5/14/98,5/18/98,5
LEPIDOPTERA,ADELIDAE,5/19/98,5/26/98,1
LEPIDOPTERA,AGONOXENIDAE,6/19/98,6/21/98,1
LEPIDOPTERA,AGONOXENIDAE,6/22/98,6/25/98,1
LEPIDOPTERA,AGONOXENIDAE,7/13/98,7/19/98,1
LEPIDOPTERA,AGONOXENIDAE,7/22/98,7/23/98,2
LEPIDOPTERA,AGONOXENIDAE,7/29/98,8/2/98,1
LEPIDOPTERA,AGONOXENIDAE,7/3/98,7/8/98,1
LEPIDOPTERA,AGONOXENIDAE,8/14/98,8/18/98,1
LEPIDOPTERA,AGONOXENIDAE,8/21/98,8/23/98,1
LEPIDOPTERA,ALUCITIDAE,8/14/98,8/18/98,1
LEPIDOPTERA,ARCTIIDAE,6/2/98,6/7/98,1
LEPIDOPTERA,ARCTIIDAE,7/20/98,7/21/98,1
LEPIDOPTERA,ARCTIIDAE,7/22/98,7/23/98,2
LEPIDOPTERA,ARCTIIDAE,7/27/98,7/28/98,1
LEPIDOPTERA,AUTOSTICHIDAE,7/24/98,7/26/98,1
LEPIDOPTERA,BATRACHEDRIDAE,7/22/98,7/23/98,3
LEPIDOPTERA,BATRACHEDRIDAE,7/24/98,7/26/98,1
LEPIDOPTERA,BATRACHEDRIDAE,7/9/98,7/12/98,3
LEPIDOPTERA,BATRACHEDRIDAE,8/12/98,8/13/98,1
LEPIDOPTERA,BATRACHEDRIDAE,8/14/98,8/18/98,7
LEPIDOPTERA,BATRACHEDRIDAE,8/19/98,8/20/98,1
LEPIDOPTERA,BATRACHEDRIDAE,8/21/98,8/23/98,1
LEPIDOPTERA,BATRACHEDRIDAE,8/28/98,8/31/98,1
LEPIDOPTERA,BATRACHEDRIDAE,8/7/98,8/11/98,1
LEPIDOPTERA,BATRACHEDRIDAE,9/1/98,9/10/98,1
LEPIDOPTERA,BATRACHEDRIDAE,9/11/98,9/17/98,1
LEPIDOPTERA,BUCCULATRICIDAE,5/19/98,5/26/98,1
LEPIDOPTERA,BUCCULATRICIDAE,6/15/98,6/18/98,2
LEPIDOPTERA,BUCCULATRICIDAE,6/2/98,6/7/98,1
LEPIDOPTERA,BUCCULATRICIDAE,6/8/98,6/11/98,2
LEPIDOPTERA,BUCCULATRICIDAE,8/14/98,8/18/98,3
LEPIDOPTERA,BUCCULATRICIDAE,8/19/98,8/20/98,3
LEPIDOPTERA,BUCCULATRICIDAE,8/24/98,8/27/98,1
LEPIDOPTERA,BUCCULATRICIDAE,8/7/98,8/11/98,3
LEPIDOPTERA,COLEOPHORIDAE,6/12/98,6/14/98,1
LEPIDOPTERA,COLEOPHORIDAE,6/19/98,6/21/98,3
LEPIDOPTERA,COLEOPHORIDAE,6/2/98,6/7/98,2
LEPIDOPTERA,COLEOPHORIDAE,6/22/98,6/25/98,1
LEPIDOPTERA,COLEOPHORIDAE,6/26/98,6/29/98,2
LEPIDOPTERA,COLEOPHORIDAE,6/30/98,7/2/98,2
LEPIDOPTERA,COLEOPHORIDAE,6/8/98,6/11/98,19
LEPIDOPTERA,COLEOPHORIDAE,7/13/98,7/19/98,10
LEPIDOPTERA,COLEOPHORIDAE,7/20/98,7/21/98,21
LEPIDOPTERA,COLEOPHORIDAE,7/22/98,7/23/98,21
LEPIDOPTERA,COLEOPHORIDAE,7/24/98,7/26/98,3
LEPIDOPTERA,COLEOPHORIDAE,7/27/98,7/28/98,5
LEPIDOPTERA,COLEOPHORIDAE,7/29/98,8/2/98,23
LEPIDOPTERA,COLEOPHORIDAE,7/3/98,7/8/98,4
LEPIDOPTERA,COLEOPHORIDAE,7/9/98,7/12/98,5
LEPIDOPTERA,COLEOPHORIDAE,8/12/98,8/13/98,5
LEPIDOPTERA,COLEOPHORIDAE,8/14/98,8/18/98,4
LEPIDOPTERA,COLEOPHORIDAE,8/28/98,8/31/98,1
LEPIDOPTERA,COLEOPHORIDAE,8/3/98,8/4/98,2
LEPIDOPTERA,COLEOPHORIDAE,8/7/98,8/11/98,12
LEPIDOPTERA,COSMOPTERIGIDAE,8/14/98,8/18/98,1
LEPIDOPTERA,COSSIDAE,7/22/98,7/23/98,1
LEPIDOPTERA,COSSIDAE,8/5/98,8/6/98,1
LEPIDOPTERA,DEPRESSARIIDAE,4/24/98,4/29/98,1
LEPIDOPTERA,DEPRESSARIIDAE,4/30/98,5/6/98,1
LEPIDOPTERA,DREPANIDAE,6/2/98,6/7/98,1
LEPIDOPTERA,DREPANIDAE,6/30/98,7/2/98,1
LEPIDOPTERA,DREPANIDAE,6/8/98,6/11/98,2
LEPIDOPTERA,ELACHISTIDAE,5/27/98,6/1/98,1
LEPIDOPTERA,ELACHISTIDAE,6/2/98,6/7/98,1
LEPIDOPTERA,ELACHISTIDAE,6/8/98,6/11/98,1
LEPIDOPTERA,ELACHISTIDAE,7/20/98,7/21/98,1
LEPIDOPTERA,ERIOCRANIIDAE,5/14/98,5/18/98,2
LEPIDOPTERA,ERIOCRANIIDAE,5/7/98,5/13/98,2
LEPIDOPTERA,GELECHIIDAE,6/12/98,6/14/98,2
LEPIDOPTERA,GELECHIIDAE,6/19/98,6/21/98,7
LEPIDOPTERA,GELECHIIDAE,6/2/98,6/7/98,1
LEPIDOPTERA,GELECHIIDAE,6/22/98,6/25/98,1
LEPIDOPTERA,GELECHIIDAE,6/26/98,6/29/98,4
LEPIDOPTERA,GELECHIIDAE,6/30/98,7/2/98,4
LEPIDOPTERA,GELECHIIDAE,7/13/98,7/19/98,2
LEPIDOPTERA,GELECHIIDAE,7/20/98,7/21/98,40
LEPIDOPTERA,GELECHIIDAE,7/22/98,7/23/98,8
LEPIDOPTERA,GELECHIIDAE,7/24/98,7/26/98,2
LEPIDOPTERA,GELECHIIDAE,7/27/98,7/28/98,7
LEPIDOPTERA,GELECHIIDAE,7/29/98,8/2/98,5
LEPIDOPTERA,GELECHIIDAE,7/3/98,7/8/98,6
LEPIDOPTERA,GELECHIIDAE,7/9/98,7/12/98,2
LEPIDOPTERA,GELECHIIDAE,8/12/98,8/13/98,7
LEPIDOPTERA,GELECHIIDAE,8/14/98,8/18/98,18
LEPIDOPTERA,GELECHIIDAE,8/19/98,8/20/98,6
LEPIDOPTERA,GELECHIIDAE,8/24/98,8/27/98,3
LEPIDOPTERA,GELECHIIDAE,8/28/98,8/31/98,6
LEPIDOPTERA,GELECHIIDAE,8/3/98,8/4/98,4
LEPIDOPTERA,GELECHIIDAE,8/7/98,8/11/98,7
LEPIDOPTERA,GELECHIIDAE,9/11/98,9/17/98,1
LEPIDOPTERA,GELECHIIDAE,9/21/98,9/24/98,1
LEPIDOPTERA,GEOMETRIDAE,10/9/98,10/31/98,3
LEPIDOPTERA,GEOMETRIDAE,4/24/98,4/29/98,1
LEPIDOPTERA,GEOMETRIDAE,4/30/98,5/6/98,1
LEPIDOPTERA,GEOMETRIDAE,5/14/98,5/18/98,15
LEPIDOPTERA,GEOMETRIDAE,5/19/98,5/26/98,6
LEPIDOPTERA,GEOMETRIDAE,5/27/98,6/1/98,8
LEPIDOPTERA,GEOMETRIDAE,5/7/98,5/13/98,4
LEPIDOPTERA,GEOMETRIDAE,6/12/98,6/14/98,7
LEPIDOPTERA,GEOMETRIDAE,6/15/98,6/18/98,5
LEPIDOPTERA,GEOMETRIDAE,6/19/98,6/21/98,12
LEPIDOPTERA,GEOMETRIDAE,6/2/98,6/7/98,14
LEPIDOPTERA,GEOMETRIDAE,6/22/98,6/25/98,13
LEPIDOPTERA,GEOMETRIDAE,6/26/98,6/29/98,11
LEPIDOPTERA,GEOMETRIDAE,6/30/98,7/2/98,14
LEPIDOPTERA,GEOMETRIDAE,6/8/98,6/11/98,12
LEPIDOPTERA,GEOMETRIDAE,7/13/98,7/19/98,10
LEPIDOPTERA,GEOMETRIDAE,7/20/98,7/21/98,30
LEPIDOPTERA,GEOMETRIDAE,7/22/98,7/23/98,18
LEPIDOPTERA,GEOMETRIDAE,7/24/98,7/26/98,4
LEPIDOPTERA,GEOMETRIDAE,7/27/98,7/28/98,9
LEPIDOPTERA,GEOMETRIDAE,7/29/98,8/2/98,21
LEPIDOPTERA,GEOMETRIDAE,7/3/98,7/8/98,20
LEPIDOPTERA,GEOMETRIDAE,7/9/98,7/12/98,16
LEPIDOPTERA,GEOMETRIDAE,8/12/98,8/13/98,7
LEPIDOPTERA,GEOMETRIDAE,8/14/98,8/18/98,21
LEPIDOPTERA,GEOMETRIDAE,8/19/98,8/20/98,4
LEPIDOPTERA,GEOMETRIDAE,8/21/98,8/23/98,1
LEPIDOPTERA,GEOMETRIDAE,8/24/98,8/27/98,9
LEPIDOPTERA,GEOMETRIDAE,8/28/98,8/31/98,3
LEPIDOPTERA,GEOMETRIDAE,8/3/98,8/4/98,4
LEPIDOPTERA,GEOMETRIDAE,8/5/98,8/6/98,2
LEPIDOPTERA,GEOMETRIDAE,8/7/98,8/11/98,10
LEPIDOPTERA,GEOMETRIDAE,9/1/98,9/10/98,2
LEPIDOPTERA,GEOMETRIDAE,9/18/98,9/20/98,1
LEPIDOPTERA,GEOMETRIDAE,9/21/98,9/24/98,6
LEPIDOPTERA,GEOMETRIDAE,9/25/98,10/8/98,1
LEPIDOPTERA,GLYPHIPTERIGIDAE,6/2/98,6/7/98,1
LEPIDOPTERA,GRACILLARIIDAE,10/9/98,10/31/98,1
LEPIDOPTERA,GRACILLARIIDAE,4/24/98,4/29/98,2
LEPIDOPTERA,GRACILLARIIDAE,4/30/98,5/6/98,3
LEPIDOPTERA,GRACILLARIIDAE,5/14/98,5/18/98,16
LEPIDOPTERA,GRACILLARIIDAE,5/19/98,5/26/98,17
LEPIDOPTERA,GRACILLARIIDAE,5/27/98,6/1/98,6
LEPIDOPTERA,GRACILLARIIDAE,5/7/98,5/13/98,14
LEPIDOPTERA,GRACILLARIIDAE,6/19/98,6/21/98,7
LEPIDOPTERA,GRACILLARIIDAE,6/2/98,6/7/98,7
LEPIDOPTERA,GRACILLARIIDAE,6/22/98,6/25/98,2
LEPIDOPTERA,GRACILLARIIDAE,6/26/98,6/29/98,1
LEPIDOPTERA,GRACILLARIIDAE,6/30/98,7/2/98,2
LEPIDOPTERA,GRACILLARIIDAE,6/8/98,6/11/98,9
LEPIDOPTERA,GRACILLARIIDAE,7/13/98,7/19/98,33
LEPIDOPTERA,GRACILLARIIDAE,7/20/98,7/21/98,32
LEPIDOPTERA,GRACILLARIIDAE,7/22/98,7/23/98,26
LEPIDOPTERA,GRACILLARIIDAE,7/24/98,7/26/98,39
LEPIDOPTERA,GRACILLARIIDAE,7/27/98,7/28/98,13
LEPIDOPTERA,GRACILLARIIDAE,7/29/98,8/2/98,74
LEPIDOPTERA,GRACILLARIIDAE,7/3/98,7/8/98,15
LEPIDOPTERA,GRACILLARIIDAE,7/9/98,7/12/98,7
LEPIDOPTERA,GRACILLARIIDAE,8/12/98,8/13/98,15
LEPIDOPTERA,GRACILLARIIDAE,8/14/98,8/18/98,53
LEPIDOPTERA,GRACILLARIIDAE,8/19/98,8/20/98,29
LEPIDOPTERA,GRACILLARIIDAE,8/21/98,8/23/98,20
LEPIDOPTERA,GRACILLARIIDAE,8/24/98,8/27/98,26
LEPIDOPTERA,GRACILLARIIDAE,8/28/98,8/31/98,53
LEPIDOPTERA,GRACILLARIIDAE,8/3/98,8/4/98,6
LEPIDOPTERA,GRACILLARIIDAE,8/5/98,8/6/98,16
LEPIDOPTERA,GRACILLARIIDAE,8/7/98,8/11/98,87
LEPIDOPTERA,GRACILLARIIDAE,9/1/98,9/10/98,5
LEPIDOPTERA,GRACILLARIIDAE,9/11/98,9/17/98,17
LEPIDOPTERA,GRACILLARIIDAE,9/18/98,9/20/98,13
LEPIDOPTERA,GRACILLARIIDAE,9/21/98,9/24/98,23
LEPIDOPTERA,HEPIALIDAE,5/19/98,5/26/98,2
LEPIDOPTERA,HEPIALIDAE,5/27/98,6/1/98,3
LEPIDOPTERA,LIMACODIDAE,7/20/98,7/21/98,1
LEPIDOPTERA,LIMACODIDAE,7/22/98,7/23/98,1
LEPIDOPTERA,LYMANTRIIDAE,6/26/98,6/29/98,1
LEPIDOPTERA,LYONETIDAE,10/9/98,10/31/98,1
LEPIDOPTERA,LYONETIDAE,6/19/98,6/21/98,2
LEPIDOPTERA,LYONETIDAE,6/22/98,6/25/98,8
LEPIDOPTERA,LYONETIDAE,6/26/98,6/29/98,3
LEPIDOPTERA,LYONETIDAE,6/30/98,7/2/98,1
LEPIDOPTERA,LYONETIDAE,7/20/98,7/21/98,1
LEPIDOPTERA,LYONETIDAE,7/29/98,8/2/98,1
LEPIDOPTERA,LYONETIDAE,7/9/98,7/12/98,2
LEPIDOPTERA,LYONETIDAE,8/12/98,8/13/98,1
LEPIDOPTERA,LYONETIDAE,8/14/98,8/18/98,18
LEPIDOPTERA,LYONETIDAE,8/19/98,8/20/98,5
LEPIDOPTERA,LYONETIDAE,8/21/98,8/23/98,2
LEPIDOPTERA,LYONETIDAE,8/24/98,8/27/98,8
LEPIDOPTERA,LYONETIDAE,8/28/98,8/31/98,8
LEPIDOPTERA,LYONETIDAE,9/1/98,9/10/98,1
LEPIDOPTERA,LYONETIDAE,9/11/98,9/17/98,1
LEPIDOPTERA,LYONETIDAE,9/18/98,9/20/98,2
LEPIDOPTERA,LYONETIDAE,9/21/98,9/24/98,1
LEPIDOPTERA,MOMPHIDAE,10/9/98,10/31/98,1
LEPIDOPTERA,MOMPHIDAE,5/14/98,5/18/98,4
LEPIDOPTERA,MOMPHIDAE,5/19/98,5/26/98,1
LEPIDOPTERA,MOMPHIDAE,5/7/98,5/13/98,2
LEPIDOPTERA,MOMPHIDAE,6/15/98,6/18/98,1
LEPIDOPTERA,MOMPHIDAE,6/19/98,6/21/98,1
LEPIDOPTERA,MOMPHIDAE,6/2/98,6/7/98,1
LEPIDOPTERA,MOMPHIDAE,6/8/98,6/11/98,4
LEPIDOPTERA,MOMPHIDAE,7/20/98,7/21/98,1
LEPIDOPTERA,MOMPHIDAE,8/14/98,8/18/98,6
LEPIDOPTERA,MOMPHIDAE,8/19/98,8/20/98,1
LEPIDOPTERA,MOMPHIDAE,8/28/98,8/31/98,2
LEPIDOPTERA,NEPTICULIDAE,5/14/98,5/18/98,6
LEPIDOPTERA,NEPTICULIDAE,5/19/98,5/26/98,2
LEPIDOPTERA,NEPTICULIDAE,6/15/98,6/18/98,1
LEPIDOPTERA,NEPTICULIDAE,6/19/98,6/21/98,2
LEPIDOPTERA,NEPTICULIDAE,6/22/98,6/25/98,1
LEPIDOPTERA,NEPTICULIDAE,6/26/98,6/29/98,1
LEPIDOPTERA,NEPTICULIDAE,6/30/98,7/2/98,2
LEPIDOPTERA,NEPTICULIDAE,6/8/98,6/11/98,1
LEPIDOPTERA,NEPTICULIDAE,8/12/98,8/13/98,1
LEPIDOPTERA,NEPTICULIDAE,8/14/98,8/18/98,4
LEPIDOPTERA,NEPTICULIDAE,8/24/98,8/27/98,1
LEPIDOPTERA,NEPTICULIDAE,8/28/98,8/31/98,8
LEPIDOPTERA,NEPTICULIDAE,8/5/98,8/6/98,2
LEPIDOPTERA,NEPTICULIDAE,8/7/98,8/11/98,2
LEPIDOPTERA,NEPTICULIDAE,9/1/98,9/10/98,2
LEPIDOPTERA,NEPTICULIDAE,9/21/98,9/24/98,1
LEPIDOPTERA,NOCTUIDAE,10/9/98,10/31/98,24
LEPIDOPTERA,NOCTUIDAE,4/24/98,4/29/98,15
LEPIDOPTERA,NOCTUIDAE,4/30/98,5/6/98,10
LEPIDOPTERA,NOCTUIDAE,5/14/98,5/18/98,27
LEPIDOPTERA,NOCTUIDAE,5/19/98,5/26/98,24
LEPIDOPTERA,NOCTUIDAE,5/27/98,6/1/98,48
LEPIDOPTERA,NOCTUIDAE,5/7/98,5/13/98,10
LEPIDOPTERA,NOCTUIDAE,6/12/98,6/14/98,73
LEPIDOPTERA,NOCTUIDAE,6/15/98,6/18/98,117
LEPIDOPTERA,NOCTUIDAE,6/19/98,6/21/98,122
LEPIDOPTERA,NOCTUIDAE,6/2/98,6/7/98,115
LEPIDOPTERA,NOCTUIDAE,6/22/98,6/25/98,55
LEPIDOPTERA,NOCTUIDAE,6/26/98,6/29/98,145
LEPIDOPTERA,NOCTUIDAE,6/30/98,7/2/98,130
LEPIDOPTERA,NOCTUIDAE,6/8/98,6/11/98,136
LEPIDOPTERA,NOCTUIDAE,7/13/98,7/19/98,158
LEPIDOPTERA,NOCTUIDAE,7/20/98,7/21/98,108
LEPIDOPTERA,NOCTUIDAE,7/22/98,7/23/98,175
LEPIDOPTERA,NOCTUIDAE,7/24/98,7/26/98,90
LEPIDOPTERA,NOCTUIDAE,7/27/98,7/28/98,96
LEPIDOPTERA,NOCTUIDAE,7/29/98,8/2/98,209
LEPIDOPTERA,NOCTUIDAE,7/3/98,7/8/98,269
LEPIDOPTERA,NOCTUIDAE,7/9/98,7/12/98,130
LEPIDOPTERA,NOCTUIDAE,8/12/98,8/13/98,82
LEPIDOPTERA,NOCTUIDAE,8/14/98,8/18/98,252
LEPIDOPTERA,NOCTUIDAE,8/19/98,8/20/98,88
LEPIDOPTERA,NOCTUIDAE,8/21/98,8/23/98,63
LEPIDOPTERA,NOCTUIDAE,8/24/98,8/27/98,83
LEPIDOPTERA,NOCTUIDAE,8/28/98,8/31/98,104
LEPIDOPTERA,NOCTUIDAE,8/3/98,8/4/98,34
LEPIDOPTERA,NOCTUIDAE,8/5/98,8/6/98,74
LEPIDOPTERA,NOCTUIDAE,8/7/98,8/11/98,97
LEPIDOPTERA,NOCTUIDAE,9/1/98,9/10/98,48
LEPIDOPTERA,NOCTUIDAE,9/11/98,9/17/98,64
LEPIDOPTERA,NOCTUIDAE,9/18/98,9/20/98,41
LEPIDOPTERA,NOCTUIDAE,9/21/98,9/24/98,55
LEPIDOPTERA,NOCTUIDAE,9/25/98,10/8/98,13
LEPIDOPTERA,NOLIDAE,5/14/98,5/18/98,1
LEPIDOPTERA,NOLIDAE,5/7/98,5/13/98,1
LEPIDOPTERA,NOLIDAE,6/19/98,6/21/98,2
LEPIDOPTERA,NOLIDAE,6/2/98,6/7/98,2
LEPIDOPTERA,NOLIDAE,6/26/98,6/29/98,5
LEPIDOPTERA,NOLIDAE,6/30/98,7/2/98,1
LEPIDOPTERA,NOLIDAE,6/8/98,6/11/98,3
LEPIDOPTERA,NOLIDAE,7/20/98,7/21/98,5
LEPIDOPTERA,NOLIDAE,7/24/98,7/26/98,1
LEPIDOPTERA,NOLIDAE,7/3/98,7/8/98,1
LEPIDOPTERA,NOLIDAE,8/7/98,8/11/98,1
LEPIDOPTERA,NOLIDAE,9/11/98,9/17/98,1
LEPIDOPTERA,NOTODONTIDAE,4/30/98,5/6/98,2
LEPIDOPTERA,NOTODONTIDAE,5/14/98,5/18/98,1
LEPIDOPTERA,NOTODONTIDAE,5/19/98,5/26/98,6
LEPIDOPTERA,NOTODONTIDAE,5/27/98,6/1/98,1
LEPIDOPTERA,NOTODONTIDAE,5/7/98,5/13/98,1
LEPIDOPTERA,NOTODONTIDAE,6/15/98,6/18/98,3
LEPIDOPTERA,NOTODONTIDAE,6/19/98,6/21/98,1
LEPIDOPTERA,NOTODONTIDAE,6/26/98,6/29/98,1
LEPIDOPTERA,NOTODONTIDAE,6/8/98,6/11/98,6
LEPIDOPTERA,NOTODONTIDAE,8/14/98,8/18/98,4
LEPIDOPTERA,NOTODONTIDAE,8/5/98,8/6/98,1
LEPIDOPTERA,NOTODONTIDAE,8/7/98,8/11/98,4
LEPIDOPTERA,OECOPHORIDAE,10/9/98,10/31/98,1
LEPIDOPTERA,OECOPHORIDAE,5/19/98,5/26/98,1
LEPIDOPTERA,OECOPHORIDAE,5/27/98,6/1/98,1
LEPIDOPTERA,OECOPHORIDAE,6/12/98,6/14/98,1
LEPIDOPTERA,OECOPHORIDAE,6/15/98,6/18/98,1
LEPIDOPTERA,OECOPHORIDAE,6/2/98,6/7/98,1
LEPIDOPTERA,OECOPHORIDAE,6/22/98,6/25/98,1
LEPIDOPTERA,OECOPHORIDAE,6/26/98,6/29/98,1
LEPIDOPTERA,OECOPHORIDAE,6/30/98,7/2/98,1
LEPIDOPTERA,OECOPHORIDAE,6/8/98,6/11/98,2
LEPIDOPTERA,OECOPHORIDAE,7/13/98,7/19/98,4
LEPIDOPTERA,OECOPHORIDAE,7/20/98,7/21/98,17
LEPIDOPTERA,OECOPHORIDAE,7/22/98,7/23/98,17
LEPIDOPTERA,OECOPHORIDAE,7/24/98,7/26/98,3
LEPIDOPTERA,OECOPHORIDAE,7/27/98,7/28/98,3
LEPIDOPTERA,OECOPHORIDAE,7/29/98,8/2/98,16
LEPIDOPTERA,OECOPHORIDAE,7/3/98,7/8/98,2
LEPIDOPTERA,OECOPHORIDAE,7/9/98,7/12/98,5
LEPIDOPTERA,OECOPHORIDAE,8/12/98,8/13/98,6
LEPIDOPTERA,OECOPHORIDAE,8/14/98,8/18/98,32
LEPIDOPTERA,OECOPHORIDAE,8/19/98,8/20/98,10
LEPIDOPTERA,OECOPHORIDAE,8/24/98,8/27/98,6
LEPIDOPTERA,OECOPHORIDAE,8/28/98,8/31/98,14
LEPIDOPTERA,OECOPHORIDAE,8/3/98,8/4/98,2
LEPIDOPTERA,OECOPHORIDAE,8/5/98,8/6/98,3
LEPIDOPTERA,OECOPHORIDAE,8/7/98,8/11/98,19
LEPIDOPTERA,OECOPHORIDAE,9/11/98,9/17/98,3
LEPIDOPTERA,OECOPHORIDAE,9/18/98,9/20/98,7
LEPIDOPTERA,OECOPHORIDAE,9/21/98,9/24/98,3
LEPIDOPTERA,PLUTELLIDAE,10/9/98,10/31/98,1
LEPIDOPTERA,PLUTELLIDAE,4/30/98,5/6/98,2
LEPIDOPTERA,PLUTELLIDAE,5/27/98,6/1/98,2
LEPIDOPTERA,PLUTELLIDAE,5/7/98,5/13/98,2
LEPIDOPTERA,PLUTELLIDAE,6/19/98,6/21/98,1
LEPIDOPTERA,PLUTELLIDAE,6/2/98,6/7/98,2
LEPIDOPTERA,PLUTELLIDAE,6/22/98,6/25/98,2
LEPIDOPTERA,PLUTELLIDAE,6/26/98,6/29/98,3
LEPIDOPTERA,PLUTELLIDAE,6/30/98,7/2/98,1
LEPIDOPTERA,PLUTELLIDAE,6/8/98,6/11/98,1
LEPIDOPTERA,PLUTELLIDAE,7/13/98,7/19/98,2
LEPIDOPTERA,PLUTELLIDAE,7/20/98,7/21/98,9
LEPIDOPTERA,PLUTELLIDAE,7/22/98,7/23/98,4
LEPIDOPTERA,PLUTELLIDAE,7/24/98,7/26/98,1
LEPIDOPTERA,PLUTELLIDAE,7/27/98,7/28/98,4
LEPIDOPTERA,PLUTELLIDAE,7/29/98,8/2/98,4
LEPIDOPTERA,PLUTELLIDAE,7/3/98,7/8/98,7
LEPIDOPTERA,PLUTELLIDAE,7/9/98,7/12/98,5
LEPIDOPTERA,PLUTELLIDAE,8/14/98,8/18/98,1
LEPIDOPTERA,PLUTELLIDAE,9/18/98,9/20/98,1
LEPIDOPTERA,PLUTELLIDAE,9/25/98,10/8/98,1
LEPIDOPTERA,PTEROPHORIDAE,4/24/98,4/29/98,2
LEPIDOPTERA,PYRALIDAE,4/30/98,5/6/98,1
LEPIDOPTERA,PYRALIDAE,5/27/98,6/1/98,1
LEPIDOPTERA,PYRALIDAE,6/12/98,6/14/98,2
LEPIDOPTERA,PYRALIDAE,6/15/98,6/18/98,2
LEPIDOPTERA,PYRALIDAE,6/19/98,6/21/98,10
LEPIDOPTERA,PYRALIDAE,6/2/98,6/7/98,6
LEPIDOPTERA,PYRALIDAE,6/22/98,6/25/98,10
LEPIDOPTERA,PYRALIDAE,6/26/98,6/29/98,3
LEPIDOPTERA,PYRALIDAE,6/30/98,7/2/98,17
LEPIDOPTERA,PYRALIDAE,6/8/98,6/11/98,4
LEPIDOPTERA,PYRALIDAE,7/13/98,7/19/98,51
LEPIDOPTERA,PYRALIDAE,7/20/98,7/21/98,91
LEPIDOPTERA,PYRALIDAE,7/22/98,7/23/98,72
LEPIDOPTERA,PYRALIDAE,7/24/98,7/26/98,21
LEPIDOPTERA,PYRALIDAE,7/27/98,7/28/98,16
LEPIDOPTERA,PYRALIDAE,7/29/98,8/2/98,71
LEPIDOPTERA,PYRALIDAE,7/3/98,7/8/98,24
LEPIDOPTERA,PYRALIDAE,7/9/98,7/12/98,11
LEPIDOPTERA,PYRALIDAE,8/12/98,8/13/98,9
LEPIDOPTERA,PYRALIDAE,8/14/98,8/18/98,88
LEPIDOPTERA,PYRALIDAE,8/19/98,8/20/98,13
LEPIDOPTERA,PYRALIDAE,8/21/98,8/23/98,7
LEPIDOPTERA,PYRALIDAE,8/24/98,8/27/98,10
LEPIDOPTERA,PYRALIDAE,8/28/98,8/31/98,22
LEPIDOPTERA,PYRALIDAE,8/3/98,8/4/98,9
LEPIDOPTERA,PYRALIDAE,8/5/98,8/6/98,7
LEPIDOPTERA,PYRALIDAE,8/7/98,8/11/98,77
LEPIDOPTERA,PYRALIDAE,9/1/98,9/10/98,1
LEPIDOPTERA,PYRALIDAE,9/11/98,9/17/98,1
LEPIDOPTERA,PYRALIDAE,9/18/98,9/20/98,2
LEPIDOPTERA,PYRALIDAE,9/21/98,9/24/98,2
LEPIDOPTERA,PYRALIDAE,9/25/98,10/8/98,1
LEPIDOPTERA,SPHINGIDAE,5/14/98,5/18/98,3
LEPIDOPTERA,SPHINGIDAE,5/19/98,5/26/98,2
LEPIDOPTERA,SPHINGIDAE,5/27/98,6/1/98,2
LEPIDOPTERA,SPHINGIDAE,5/7/98,5/13/98,1
LEPIDOPTERA,SPHINGIDAE,6/19/98,6/21/98,1
LEPIDOPTERA,SPHINGIDAE,6/2/98,6/7/98,1
LEPIDOPTERA,SPHINGIDAE,6/26/98,6/29/98,2
LEPIDOPTERA,SPHINGIDAE,6/8/98,6/11/98,1
LEPIDOPTERA,SPHINGIDAE,7/22/98,7/23/98,2
LEPIDOPTERA,SPHINGIDAE,7/27/98,7/28/98,2
LEPIDOPTERA,SPHINGIDAE,7/29/98,8/2/98,2
LEPIDOPTERA,SPHINGIDAE,8/3/98,8/4/98,1
LEPIDOPTERA,SPHINGIDAE,8/7/98,8/11/98,1
LEPIDOPTERA,TINEIDAE,5/19/98,5/26/98,1
LEPIDOPTERA,TINEIDAE,5/27/98,6/1/98,2
LEPIDOPTERA,TINEIDAE,6/19/98,6/21/98,4
LEPIDOPTERA,TINEIDAE,6/26/98,6/29/98,1
LEPIDOPTERA,TINEIDAE,6/8/98,6/11/98,4
LEPIDOPTERA,TINEIDAE,7/20/98,7/21/98,1
LEPIDOPTERA,TINEIDAE,8/28/98,8/31/98,1
LEPIDOPTERA,TINEIDAE,8/3/98,8/4/98,1
LEPIDOPTERA,TISCHERIIDAE,6/26/98,6/29/98,1
LEPIDOPTERA,TORTRICIDAE,5/14/98,5/18/98,2
LEPIDOPTERA,TORTRICIDAE,5/27/98,6/1/98,6
LEPIDOPTERA,TORTRICIDAE,5/7/98,5/13/98,1
LEPIDOPTERA,TORTRICIDAE,6/12/98,6/14/98,11
LEPIDOPTERA,TORTRICIDAE,6/15/98,6/18/98,10
LEPIDOPTERA,TORTRICIDAE,6/19/98,6/21/98,54
LEPIDOPTERA,TORTRICIDAE,6/2/98,6/7/98,17
LEPIDOPTERA,TORTRICIDAE,6/22/98,6/25/98,49
LEPIDOPTERA,TORTRICIDAE,6/26/98,6/29/98,64
LEPIDOPTERA,TORTRICIDAE,6/30/98,7/2/98,74
LEPIDOPTERA,TORTRICIDAE,6/8/98,6/11/98,37
LEPIDOPTERA,TORTRICIDAE,7/13/98,7/19/98,101
LEPIDOPTERA,TORTRICIDAE,7/20/98,7/21/98,187
LEPIDOPTERA,TORTRICIDAE,7/22/98,7/23/98,107
LEPIDOPTERA,TORTRICIDAE,7/24/98,7/26/98,42
LEPIDOPTERA,TORTRICIDAE,7/27/98,7/28/98,58
LEPIDOPTERA,TORTRICIDAE,7/29/98,8/2/98,117
LEPIDOPTERA,TORTRICIDAE,7/3/98,7/8/98,101
LEPIDOPTERA,TORTRICIDAE,7/9/98,7/12/98,70
LEPIDOPTERA,TORTRICIDAE,8/12/98,8/13/98,17
LEPIDOPTERA,TORTRICIDAE,8/14/98,8/18/98,126
LEPIDOPTERA,TORTRICIDAE,8/19/98,8/20/98,16
LEPIDOPTERA,TORTRICIDAE,8/21/98,8/23/98,5
LEPIDOPTERA,TORTRICIDAE,8/24/98,8/27/98,12
LEPIDOPTERA,TORTRICIDAE,8/28/98,8/31/98,79
LEPIDOPTERA,TORTRICIDAE,8/3/98,8/4/98,18
LEPIDOPTERA,TORTRICIDAE,8/5/98,8/6/98,17
LEPIDOPTERA,TORTRICIDAE,8/7/98,8/11/98,57
LEPIDOPTERA,TORTRICIDAE,9/1/98,9/10/98,4
LEPIDOPTERA,TORTRICIDAE,9/11/98,9/17/98,3
LEPIDOPTERA,TORTRICIDAE,9/18/98,9/20/98,3
LEPIDOPTERA,TORTRICIDAE,9/21/98,9/24/98,3
LEPIDOPTERA,TORTRICIDAE,9/25/98,10/8/98,1
LEPIDOPTERA,YPONOMEUTIDAE,5/14/98,5/18/98,2
LEPIDOPTERA,YPONOMEUTIDAE,6/19/98,6/21/98,2
LEPIDOPTERA,YPONOMEUTIDAE,6/2/98,6/7/98,1
LEPIDOPTERA,YPONOMEUTIDAE,6/22/98,6/25/98,1
LEPIDOPTERA,YPONOMEUTIDAE,6/26/98,6/29/98,4
LEPIDOPTERA,YPONOMEUTIDAE,6/30/98,7/2/98,4
LEPIDOPTERA,YPONOMEUTIDAE,6/8/98,6/11/98,1
LEPIDOPTERA,YPONOMEUTIDAE,7/13/98,7/19/98,5
LEPIDOPTERA,YPONOMEUTIDAE,7/20/98,7/21/98,35
LEPIDOPTERA,YPONOMEUTIDAE,7/22/98,7/23/98,8
LEPIDOPTERA,YPONOMEUTIDAE,7/24/98,7/26/98,2
LEPIDOPTERA,YPONOMEUTIDAE,7/27/98,7/28/98,15
LEPIDOPTERA,YPONOMEUTIDAE,7/29/98,8/2/98,26
LEPIDOPTERA,YPONOMEUTIDAE,7/3/98,7/8/98,2
LEPIDOPTERA,YPONOMEUTIDAE,7/9/98,7/12/98,2
LEPIDOPTERA,YPONOMEUTIDAE,8/12/98,8/13/98,3
LEPIDOPTERA,YPONOMEUTIDAE,8/14/98,8/18/98,22
LEPIDOPTERA,YPONOMEUTIDAE,8/19/98,8/20/98,10
LEPIDOPTERA,YPONOMEUTIDAE,8/21/98,8/23/98,3
LEPIDOPTERA,YPONOMEUTIDAE,8/24/98,8/27/98,2
LEPIDOPTERA,YPONOMEUTIDAE,8/28/98,8/31/98,10
LEPIDOPTERA,YPONOMEUTIDAE,8/5/98,8/6/98,4
LEPIDOPTERA,YPONOMEUTIDAE,8/7/98,8/11/98,10
LEPIDOPTERA,YPONOMEUTIDAE,9/1/98,9/10/98,3
LEPIDOPTERA,YPONOMEUTIDAE,9/11/98,9/17/98,1
LEPIDOPTERA,YPONOMEUTIDAE,9/21/98,9/24/98,1
