order,family,date1,date2,individuals
COLEOPTERA,ANOBIIDAE,5/26/99,5/30/99,4
COLEOPTERA,ANOBIIDAE,5/31/99,6/3/99,3
COLEOPTERA,ANOBIIDAE,6/14/99,6/16/99,2
COLEOPTERA,ANOBIIDAE,6/17/99,6/20/99,2
COLEOPTERA,ANOBIIDAE,6/30/99,7/1/99,1
COLEOPTERA,ANOBIIDAE,7/2/99,7/4/99,2
COLEOPTERA,ANOBIIDAE,7/20/99,7/21/99,1
COLEOPTERA,ANOBIIDAE,7/5/99,7/6/99,2
COLEOPTERA,ANOBIIDAE,7/9/99,7/11/99,1
COLEOPTERA,ANOBIIDAE,8/4/99,8/5/99,1
COLEOPTERA,ANTHICIDAE,7/9/99,7/11/99,1
COLEOPTERA,ATTELABIDAE,6/11/99,6/13/99,1
COLEOPTERA,BYRRHIDAE,9/8/99,9/9/99,1
COLEOPTERA,CANTHARIDAE,5/26/99,5/30/99,7
COLEOPTERA,CANTHARIDAE,6/11/99,6/13/99,1
COLEOPTERA,CANTHARIDAE,6/14/99,6/16/99,2
COLEOPTERA,CANTHARIDAE,6/17/99,6/20/99,4
COLEOPTERA,CANTHARIDAE,6/28/99,6/29/99,1
COLEOPTERA,CANTHARIDAE,6/4/99,6/10/99,3
COLEOPTERA,CANTHARIDAE,7/12/99,7/19/99,2
COLEOPTERA,CANTHARIDAE,7/2/99,7/4/99,2
COLEOPTERA,CANTHARIDAE,7/20/99,7/21/99,11
COLEOPTERA,CANTHARIDAE,7/9/99,7/11/99,7
COLEOPTERA,CARABIDAE,6/14/99,6/16/99,2
COLEOPTERA,CARABIDAE,6/30/99,7/1/99,1
COLEOPTERA,CARABIDAE,7/12/99,7/19/99,17
COLEOPTERA,CARABIDAE,7/2/99,7/4/99,17
COLEOPTERA,CARABIDAE,7/20/99,7/21/99,26
COLEOPTERA,CARABIDAE,7/22/99,7/22/99,1
COLEOPTERA,CARABIDAE,7/5/99,7/6/99,2
COLEOPTERA,CARABIDAE,7/7/99,7/8/99,2
COLEOPTERA,CARABIDAE,7/9/99,7/11/99,18
COLEOPTERA,CARABIDAE,8/11/99,8/12/99,5
COLEOPTERA,CARABIDAE,8/13/99,8/15/99,6
COLEOPTERA,CARABIDAE,8/19/99,8/22/99,32
COLEOPTERA,CARABIDAE,8/2/99,8/3/99,5
COLEOPTERA,CARABIDAE,8/23/99,8/26/99,2
COLEOPTERA,CARABIDAE,8/27/99,8/29/99,22
COLEOPTERA,CARABIDAE,8/30/99,8/31/99,5
COLEOPTERA,CARABIDAE,8/4/99,8/5/99,31
COLEOPTERA,CARABIDAE,8/6/99,8/8/99,38
COLEOPTERA,CARABIDAE,8/9/99,8/10/99,49
COLEOPTERA,CARABIDAE,9/1/99,9/2/99,10
COLEOPTERA,CARABIDAE,9/10/99,9/16/99,1
COLEOPTERA,CARABIDAE,9/22/99,9/23/99,2
COLEOPTERA,CARABIDAE,9/6/99,9/7/99,8
COLEOPTERA,CARABIDAE,9/8/99,9/9/99,5
COLEOPTERA,COCCINELLIDAE,5/26/99,5/30/99,6
COLEOPTERA,COCCINELLIDAE,6/11/99,6/13/99,6
COLEOPTERA,COCCINELLIDAE,6/14/99,6/16/99,9
COLEOPTERA,COCCINELLIDAE,6/17/99,6/20/99,1
COLEOPTERA,COCCINELLIDAE,6/28/99,6/29/99,1
COLEOPTERA,COCCINELLIDAE,6/30/99,7/1/99,5
COLEOPTERA,COCCINELLIDAE,6/4/99,6/10/99,2
COLEOPTERA,COCCINELLIDAE,7/12/99,7/19/99,6
COLEOPTERA,COCCINELLIDAE,7/2/99,7/4/99,1
COLEOPTERA,COCCINELLIDAE,7/20/99,7/21/99,4
COLEOPTERA,COCCINELLIDAE,7/5/99,7/6/99,2
COLEOPTERA,COCCINELLIDAE,7/9/99,7/11/99,2
COLEOPTERA,COCCINELLIDAE,8/16/99,8/18/99,1
COLEOPTERA,COCCINELLIDAE,8/19/99,8/22/99,3
COLEOPTERA,COCCINELLIDAE,8/2/99,8/3/99,2
COLEOPTERA,COCCINELLIDAE,8/23/99,8/26/99,1
COLEOPTERA,COCCINELLIDAE,8/27/99,8/29/99,2
COLEOPTERA,COCCINELLIDAE,8/4/99,8/5/99,4
COLEOPTERA,COCCINELLIDAE,8/6/99,8/8/99,3
COLEOPTERA,COCCINELLIDAE,8/9/99,8/10/99,4
COLEOPTERA,COCCINELLIDAE,9/1/99,9/2/99,2
COLEOPTERA,COCCINELLIDAE,9/17/99,9/21/99,2
COLEOPTERA,COCCINELLIDAE,9/22/99,9/23/99,6
COLEOPTERA,COCCINELLIDAE,9/8/99,9/9/99,1
COLEOPTERA,COLYDIIDAE,7/2/99,7/4/99,2
COLEOPTERA,COLYDIIDAE,7/7/99,7/8/99,1
COLEOPTERA,COLYDIIDAE,9/8/99,9/9/99,3
COLEOPTERA,CORTICARIIDAE,7/9/99,7/11/99,1
COLEOPTERA,CRYPTOPHAGIDAE,6/17/99,6/20/99,1
COLEOPTERA,CRYPTOPHAGIDAE,7/12/99,7/19/99,1
COLEOPTERA,CRYPTOPHAGIDAE,7/5/99,7/6/99,1
COLEOPTERA,CRYPTOPHAGIDAE,7/9/99,7/11/99,5
COLEOPTERA,CRYPTOPHAGIDAE,8/13/99,8/15/99,1
COLEOPTERA,CRYPTOPHAGIDAE,8/19/99,8/22/99,2
COLEOPTERA,CRYPTOPHAGIDAE,8/2/99,8/3/99,6
COLEOPTERA,CRYPTOPHAGIDAE,8/27/99,8/29/99,1
COLEOPTERA,CRYPTOPHAGIDAE,8/4/99,8/5/99,3
COLEOPTERA,CRYPTOPHAGIDAE,8/6/99,8/8/99,3
COLEOPTERA,CRYPTOPHAGIDAE,8/9/99,8/10/99,11
COLEOPTERA,CRYPTOPHAGIDAE,9/17/99,9/21/99,4
COLEOPTERA,CRYPTOPHAGIDAE,9/8/99,9/9/99,2
COLEOPTERA,CURCULIONIDAE,5/26/99,5/30/99,1
COLEOPTERA,CURCULIONIDAE,7/12/99,7/19/99,1
COLEOPTERA,CURCULIONIDAE,7/20/99,7/21/99,2
COLEOPTERA,CURCULIONIDAE,7/5/99,7/6/99,1
COLEOPTERA,CURCULIONIDAE,8/4/99,8/5/99,1
COLEOPTERA,CURCULIONIDAE,8/6/99,8/8/99,1
COLEOPTERA,DERMESTIDAE,5/26/99,5/30/99,3
COLEOPTERA,DERMESTIDAE,6/14/99,6/16/99,2
COLEOPTERA,DERMESTIDAE,6/17/99,6/20/99,1
COLEOPTERA,DERMESTIDAE,7/2/99,7/4/99,3
COLEOPTERA,DERMESTIDAE,7/20/99,7/21/99,1
COLEOPTERA,DERMESTIDAE,7/9/99,7/11/99,3
COLEOPTERA,DERMESTIDAE,8/2/99,8/3/99,1
COLEOPTERA,DERMESTIDAE,8/4/99,8/5/99,2
COLEOPTERA,DERMESTIDAE,8/6/99,8/8/99,1
COLEOPTERA,DERMESTIDAE,9/22/99,9/23/99,3
COLEOPTERA,DERMESTIDAE,9/3/99,9/5/99,1
COLEOPTERA,DERMESTIDAE,9/6/99,9/7/99,1
COLEOPTERA,DYTISCIDAE,7/20/99,7/21/99,6
COLEOPTERA,DYTISCIDAE,7/5/99,7/6/99,1
COLEOPTERA,DYTISCIDAE,7/9/99,7/11/99,1
COLEOPTERA,DYTISCIDAE,8/2/99,8/3/99,2
COLEOPTERA,DYTISCIDAE,8/4/99,8/5/99,2
COLEOPTERA,DYTISCIDAE,8/6/99,8/8/99,4
COLEOPTERA,ELATERIDAE,6/21/99,6/27/99,1
COLEOPTERA,ELATERIDAE,7/12/99,7/19/99,1
COLEOPTERA,ELATERIDAE,8/6/99,8/8/99,1
COLEOPTERA,GYRINIDAE,8/4/99,8/5/99,1
COLEOPTERA,HALIPLIDAE,7/9/99,7/11/99,1
COLEOPTERA,HALIPLIDAE,8/6/99,8/8/99,1
COLEOPTERA,HELOPHORIDAE,7/9/99,7/11/99,5
COLEOPTERA,HETEROCERIDAE,7/12/99,7/19/99,7
COLEOPTERA,HETEROCERIDAE,7/20/99,7/21/99,1
COLEOPTERA,HETEROCERIDAE,7/9/99,7/11/99,7
COLEOPTERA,HETEROCERIDAE,8/2/99,8/3/99,4
COLEOPTERA,HETEROCERIDAE,8/4/99,8/5/99,6
COLEOPTERA,HETEROCERIDAE,8/6/99,8/8/99,2
COLEOPTERA,HYDRAENIDAE,8/19/99,8/22/99,1
COLEOPTERA,HYDRAENIDAE,8/2/99,8/3/99,1
COLEOPTERA,HYDRAENIDAE,8/4/99,8/5/99,8
COLEOPTERA,HYDRAENIDAE,9/6/99,9/7/99,1
COLEOPTERA,HYDROPHILIDAE,6/30/99,7/1/99,6
COLEOPTERA,HYDROPHILIDAE,7/12/99,7/19/99,21
COLEOPTERA,HYDROPHILIDAE,7/2/99,7/4/99,5
COLEOPTERA,HYDROPHILIDAE,7/20/99,7/21/99,48
COLEOPTERA,HYDROPHILIDAE,7/22/99,7/22/99,2
COLEOPTERA,HYDROPHILIDAE,7/5/99,7/6/99,4
COLEOPTERA,HYDROPHILIDAE,7/7/99,7/8/99,3
COLEOPTERA,HYDROPHILIDAE,7/9/99,7/11/99,46
COLEOPTERA,HYDROPHILIDAE,8/2/99,8/3/99,21
COLEOPTERA,HYDROPHILIDAE,8/27/99,8/29/99,1
COLEOPTERA,HYDROPHILIDAE,8/30/99,8/31/99,1
COLEOPTERA,HYDROPHILIDAE,8/4/99,8/5/99,37
COLEOPTERA,HYDROPHILIDAE,8/6/99,8/8/99,13
COLEOPTERA,HYDROPHILIDAE,8/9/99,8/10/99,7
COLEOPTERA,HYDROPHILIDAE,9/1/99,9/2/99,1
COLEOPTERA,HYDROPHILIDAE,9/17/99,9/21/99,3
COLEOPTERA,HYDROPHILIDAE,9/22/99,9/23/99,1
COLEOPTERA,HYDROPHILIDAE,9/3/99,9/5/99,1
COLEOPTERA,HYDROPHILIDAE,9/6/99,9/7/99,2
COLEOPTERA,HYDROPHILIDAE,9/8/99,9/9/99,3
COLEOPTERA,LEIODIDAE,7/7/99,7/8/99,1
COLEOPTERA,LEIODIDAE,8/2/99,8/3/99,1
COLEOPTERA,MELYRIDAE,4/29/99,5/25/99,1
COLEOPTERA,MELYRIDAE,5/26/99,5/30/99,4
COLEOPTERA,MELYRIDAE,6/17/99,6/20/99,1
COLEOPTERA,MELYRIDAE,6/4/99,6/10/99,1
COLEOPTERA,MONOTOMIDAE,7/12/99,7/19/99,2
COLEOPTERA,MONOTOMIDAE,7/9/99,7/11/99,1
COLEOPTERA,MONOTOMIDAE,8/13/99,8/15/99,1
COLEOPTERA,MONOTOMIDAE,8/2/99,8/3/99,3
COLEOPTERA,MONOTOMIDAE,8/4/99,8/5/99,8
COLEOPTERA,MONOTOMIDAE,8/6/99,8/8/99,5
COLEOPTERA,MONOTOMIDAE,8/9/99,8/10/99,1
COLEOPTERA,MONOTOMIDAE,9/1/99,9/2/99,1
COLEOPTERA,MYCETOPHAGIDAE,8/19/99,8/22/99,1
COLEOPTERA,MYCETOPHAGIDAE,8/9/99,8/10/99,1
COLEOPTERA,NITIDULIDAE,5/26/99,5/30/99,1
COLEOPTERA,NITIDULIDAE,6/14/99,6/16/99,1
COLEOPTERA,NITIDULIDAE,7/9/99,7/11/99,2
COLEOPTERA,NITIDULIDAE,8/6/99,8/8/99,1
COLEOPTERA,NITIDULIDAE,8/9/99,8/10/99,1
COLEOPTERA,PHALACRIDAE,7/20/99,7/21/99,1
COLEOPTERA,PHALACRIDAE,9/6/99,9/7/99,1
COLEOPTERA,PHALACRIDAE,9/8/99,9/9/99,1
COLEOPTERA,RIPIPHORIDAE,8/4/99,8/5/99,1
COLEOPTERA,SCARABAEIDAE,4/29/99,5/25/99,1
COLEOPTERA,SCARABAEIDAE,5/26/99,5/30/99,1
COLEOPTERA,SCARABAEIDAE,6/11/99,6/13/99,2
COLEOPTERA,SCARABAEIDAE,6/21/99,6/27/99,3
COLEOPTERA,SCARABAEIDAE,6/28/99,6/29/99,2
COLEOPTERA,SCARABAEIDAE,6/30/99,7/1/99,2
COLEOPTERA,SCARABAEIDAE,6/4/99,6/10/99,1
COLEOPTERA,SCARABAEIDAE,7/12/99,7/19/99,3
COLEOPTERA,SCARABAEIDAE,7/2/99,7/4/99,2
COLEOPTERA,SCARABAEIDAE,7/20/99,7/21/99,1
COLEOPTERA,SCARABAEIDAE,7/7/99,7/8/99,2
COLEOPTERA,SCARABAEIDAE,9/22/99,9/23/99,1
COLEOPTERA,SCIRTIDAE,6/17/99,6/20/99,2
COLEOPTERA,SCIRTIDAE,6/30/99,7/1/99,1
COLEOPTERA,SCIRTIDAE,7/12/99,7/19/99,3
COLEOPTERA,SCIRTIDAE,7/9/99,7/11/99,1
COLEOPTERA,SCIRTIDAE,8/16/99,8/18/99,1
COLEOPTERA,SCIRTIDAE,8/2/99,8/3/99,1
COLEOPTERA,SCIRTIDAE,8/4/99,8/5/99,3
COLEOPTERA,SCIRTIDAE,8/6/99,8/8/99,4
COLEOPTERA,SCIRTIDAE,8/9/99,8/10/99,1
COLEOPTERA,SCRAPTIIDAE,5/31/99,6/3/99,2
COLEOPTERA,SCRAPTIIDAE,6/17/99,6/20/99,1
COLEOPTERA,SCRAPTIIDAE,6/21/99,6/27/99,1
COLEOPTERA,SCRAPTIIDAE,6/28/99,6/29/99,3
COLEOPTERA,SCRAPTIIDAE,6/30/99,7/1/99,1
COLEOPTERA,SCRAPTIIDAE,6/4/99,6/10/99,1
COLEOPTERA,SCRAPTIIDAE,7/2/99,7/4/99,1
COLEOPTERA,SCRAPTIIDAE,7/20/99,7/21/99,1
COLEOPTERA,SILPHIDAE,8/27/99,8/29/99,1
COLEOPTERA,SILPHIDAE,8/6/99,8/8/99,1
COLEOPTERA,STAPHYLINIDAE,5/26/99,5/30/99,1
COLEOPTERA,STAPHYLINIDAE,6/11/99,6/13/99,3
COLEOPTERA,STAPHYLINIDAE,6/14/99,6/16/99,1
COLEOPTERA,STAPHYLINIDAE,6/17/99,6/20/99,2
COLEOPTERA,STAPHYLINIDAE,6/30/99,7/1/99,3
COLEOPTERA,STAPHYLINIDAE,7/12/99,7/19/99,384
COLEOPTERA,STAPHYLINIDAE,7/2/99,7/4/99,5
COLEOPTERA,STAPHYLINIDAE,7/20/99,7/21/99,23
COLEOPTERA,STAPHYLINIDAE,7/5/99,7/6/99,1
COLEOPTERA,STAPHYLINIDAE,7/7/99,7/8/99,4
COLEOPTERA,STAPHYLINIDAE,7/9/99,7/11/99,1316
COLEOPTERA,STAPHYLINIDAE,8/11/99,8/12/99,1
COLEOPTERA,STAPHYLINIDAE,8/13/99,8/15/99,2
COLEOPTERA,STAPHYLINIDAE,8/19/99,8/22/99,1
COLEOPTERA,STAPHYLINIDAE,8/2/99,8/3/99,46
COLEOPTERA,STAPHYLINIDAE,8/27/99,8/29/99,4
COLEOPTERA,STAPHYLINIDAE,8/4/99,8/5/99,65
COLEOPTERA,STAPHYLINIDAE,8/6/99,8/8/99,21
COLEOPTERA,STAPHYLINIDAE,8/9/99,8/10/99,10
COLEOPTERA,STAPHYLINIDAE,9/10/99,9/16/99,1
COLEOPTERA,STAPHYLINIDAE,9/22/99,9/23/99,1
COLEOPTERA,STAPHYLINIDAE,9/3/99,9/5/99,1
COLEOPTERA,TENEBRIONIDAE,6/28/99,6/29/99,1
COLEOPTERA,TENEBRIONIDAE,7/12/99,7/19/99,16
COLEOPTERA,TENEBRIONIDAE,7/20/99,7/21/99,19
COLEOPTERA,TENEBRIONIDAE,7/5/99,7/6/99,2
COLEOPTERA,TENEBRIONIDAE,7/7/99,7/8/99,1
COLEOPTERA,TENEBRIONIDAE,7/9/99,7/11/99,10
COLEOPTERA,TENEBRIONIDAE,8/2/99,8/3/99,1
COLEOPTERA,TENEBRIONIDAE,8/9/99,8/10/99,1
COLEOPTERA,TENEBRIONIDAE,9/22/99,9/23/99,1
COLEOPTERA,TENEBRIONIDAE,9/6/99,9/7/99,1
COLEOPTERA,THROSCIDAE,7/20/99,7/21/99,1
COLEOPTERA,THROSCIDAE,8/2/99,8/3/99,1
LEPIDOPTERA,ACROLEPIIDAE,8/30/99,8/31/99,1
LEPIDOPTERA,ACROLEPIIDAE,8/9/99,8/10/99,1
LEPIDOPTERA,AGONOXENIDAE,6/14/99,6/16/99,1
LEPIDOPTERA,AGONOXENIDAE,6/17/99,6/20/99,3
LEPIDOPTERA,AGONOXENIDAE,6/21/99,6/27/99,5
LEPIDOPTERA,AGONOXENIDAE,6/28/99,6/29/99,1
LEPIDOPTERA,AGONOXENIDAE,6/30/99,7/1/99,2
LEPIDOPTERA,AGONOXENIDAE,7/12/99,7/19/99,1
LEPIDOPTERA,AGONOXENIDAE,7/2/99,7/4/99,5
LEPIDOPTERA,AGONOXENIDAE,7/5/99,7/6/99,2
LEPIDOPTERA,AGONOXENIDAE,7/9/99,7/11/99,3
LEPIDOPTERA,AGONOXENIDAE,8/13/99,8/15/99,1
LEPIDOPTERA,ARCTIIDAE,7/12/99,7/19/99,2
LEPIDOPTERA,ARCTIIDAE,7/20/99,7/21/99,1
LEPIDOPTERA,BATRACHEDRIDAE,6/30/99,7/1/99,2
LEPIDOPTERA,BATRACHEDRIDAE,7/12/99,7/19/99,3
LEPIDOPTERA,BATRACHEDRIDAE,7/2/99,7/4/99,1
LEPIDOPTERA,BATRACHEDRIDAE,7/20/99,7/21/99,1
LEPIDOPTERA,BATRACHEDRIDAE,7/7/99,7/8/99,1
LEPIDOPTERA,BATRACHEDRIDAE,7/9/99,7/11/99,1
LEPIDOPTERA,BATRACHEDRIDAE,8/13/99,8/15/99,1
LEPIDOPTERA,BATRACHEDRIDAE,8/27/99,8/29/99,5
LEPIDOPTERA,BATRACHEDRIDAE,8/4/99,8/5/99,1
LEPIDOPTERA,BATRACHEDRIDAE,8/9/99,8/10/99,6
LEPIDOPTERA,BUCCULATRICIDAE,5/26/99,5/30/99,2
LEPIDOPTERA,BUCCULATRICIDAE,8/11/99,8/12/99,2
LEPIDOPTERA,BUCCULATRICIDAE,8/19/99,8/22/99,1
LEPIDOPTERA,BUCCULATRICIDAE,8/4/99,8/5/99,2
LEPIDOPTERA,BUCCULATRICIDAE,8/6/99,8/8/99,10
LEPIDOPTERA,BUCCULATRICIDAE,8/9/99,8/10/99,3
LEPIDOPTERA,COLEOPHORIDAE,6/14/99,6/16/99,10
LEPIDOPTERA,COLEOPHORIDAE,6/28/99,6/29/99,2
LEPIDOPTERA,COLEOPHORIDAE,6/30/99,7/1/99,2
LEPIDOPTERA,COLEOPHORIDAE,7/12/99,7/19/99,19
LEPIDOPTERA,COLEOPHORIDAE,7/2/99,7/4/99,5
LEPIDOPTERA,COLEOPHORIDAE,7/20/99,7/21/99,8
LEPIDOPTERA,COLEOPHORIDAE,7/5/99,7/6/99,7
LEPIDOPTERA,COLEOPHORIDAE,7/7/99,7/8/99,23
LEPIDOPTERA,COLEOPHORIDAE,7/9/99,7/11/99,25
LEPIDOPTERA,COLEOPHORIDAE,8/4/99,8/5/99,1
LEPIDOPTERA,COLEOPHORIDAE,8/6/99,8/8/99,3
LEPIDOPTERA,DEPRESSARIIDAE,4/29/99,5/25/99,1
LEPIDOPTERA,DEPRESSARIIDAE,8/9/99,8/10/99,1
LEPIDOPTERA,DREPANIDAE,5/26/99,5/30/99,1
LEPIDOPTERA,DREPANIDAE,6/30/99,7/1/99,1
LEPIDOPTERA,DREPANIDAE,7/2/99,7/4/99,1
LEPIDOPTERA,DREPANIDAE,7/20/99,7/21/99,2
LEPIDOPTERA,DREPANIDAE,7/5/99,7/6/99,1
LEPIDOPTERA,DREPANIDAE,8/2/99,8/3/99,1
LEPIDOPTERA,DREPANIDAE,9/3/99,9/5/99,1
LEPIDOPTERA,ERIOCRANIIDAE,4/14/99,4/28/99,1
LEPIDOPTERA,GELECHIIDAE,4/29/99,5/25/99,1
LEPIDOPTERA,GELECHIIDAE,5/26/99,5/30/99,1
LEPIDOPTERA,GELECHIIDAE,6/11/99,6/13/99,2
LEPIDOPTERA,GELECHIIDAE,6/14/99,6/16/99,3
LEPIDOPTERA,GELECHIIDAE,6/17/99,6/20/99,4
LEPIDOPTERA,GELECHIIDAE,6/21/99,6/27/99,2
LEPIDOPTERA,GELECHIIDAE,6/28/99,6/29/99,1
LEPIDOPTERA,GELECHIIDAE,6/30/99,7/1/99,4
LEPIDOPTERA,GELECHIIDAE,7/12/99,7/19/99,6
LEPIDOPTERA,GELECHIIDAE,7/2/99,7/4/99,8
LEPIDOPTERA,GELECHIIDAE,7/20/99,7/21/99,4
LEPIDOPTERA,GELECHIIDAE,7/5/99,7/6/99,4
LEPIDOPTERA,GELECHIIDAE,7/7/99,7/8/99,10
LEPIDOPTERA,GELECHIIDAE,7/9/99,7/11/99,4
LEPIDOPTERA,GELECHIIDAE,8/11/99,8/12/99,7
LEPIDOPTERA,GELECHIIDAE,8/13/99,8/15/99,1
LEPIDOPTERA,GELECHIIDAE,8/16/99,8/18/99,2
LEPIDOPTERA,GELECHIIDAE,8/19/99,8/22/99,4
LEPIDOPTERA,GELECHIIDAE,8/2/99,8/3/99,2
LEPIDOPTERA,GELECHIIDAE,8/23/99,8/26/99,1
LEPIDOPTERA,GELECHIIDAE,8/27/99,8/29/99,4
LEPIDOPTERA,GELECHIIDAE,8/30/99,8/31/99,1
LEPIDOPTERA,GELECHIIDAE,8/4/99,8/5/99,4
LEPIDOPTERA,GELECHIIDAE,8/6/99,8/8/99,9
LEPIDOPTERA,GELECHIIDAE,8/9/99,8/10/99,9
LEPIDOPTERA,GEOMETRIDAE,10/6/99,10/12/99,1
LEPIDOPTERA,GEOMETRIDAE,11/1/99,11/11/99,1
LEPIDOPTERA,GEOMETRIDAE,4/29/99,5/25/99,11
LEPIDOPTERA,GEOMETRIDAE,5/26/99,5/30/99,19
LEPIDOPTERA,GEOMETRIDAE,5/31/99,6/3/99,5
LEPIDOPTERA,GEOMETRIDAE,6/11/99,6/13/99,18
LEPIDOPTERA,GEOMETRIDAE,6/14/99,6/16/99,32
LEPIDOPTERA,GEOMETRIDAE,6/17/99,6/20/99,35
LEPIDOPTERA,GEOMETRIDAE,6/21/99,6/27/99,12
LEPIDOPTERA,GEOMETRIDAE,6/28/99,6/29/99,5
LEPIDOPTERA,GEOMETRIDAE,6/30/99,7/1/99,11
LEPIDOPTERA,GEOMETRIDAE,6/4/99,6/10/99,8
LEPIDOPTERA,GEOMETRIDAE,7/12/99,7/19/99,28
LEPIDOPTERA,GEOMETRIDAE,7/2/99,7/4/99,22
LEPIDOPTERA,GEOMETRIDAE,7/20/99,7/21/99,14
LEPIDOPTERA,GEOMETRIDAE,7/5/99,7/6/99,30
LEPIDOPTERA,GEOMETRIDAE,7/7/99,7/8/99,29
LEPIDOPTERA,GEOMETRIDAE,7/9/99,7/11/99,26
LEPIDOPTERA,GEOMETRIDAE,8/11/99,8/12/99,15
LEPIDOPTERA,GEOMETRIDAE,8/13/99,8/15/99,13
LEPIDOPTERA,GEOMETRIDAE,8/16/99,8/18/99,8
LEPIDOPTERA,GEOMETRIDAE,8/19/99,8/22/99,12
LEPIDOPTERA,GEOMETRIDAE,8/2/99,8/3/99,7
LEPIDOPTERA,GEOMETRIDAE,8/23/99,8/26/99,5
LEPIDOPTERA,GEOMETRIDAE,8/27/99,8/29/99,2
LEPIDOPTERA,GEOMETRIDAE,8/4/99,8/5/99,15
LEPIDOPTERA,GEOMETRIDAE,8/6/99,8/8/99,22
LEPIDOPTERA,GEOMETRIDAE,8/9/99,8/10/99,21
LEPIDOPTERA,GEOMETRIDAE,9/17/99,9/21/99,3
LEPIDOPTERA,GEOMETRIDAE,9/22/99,9/23/99,1
LEPIDOPTERA,GEOMETRIDAE,9/24/99,9/26/99,1
LEPIDOPTERA,GEOMETRIDAE,9/6/99,9/7/99,4
LEPIDOPTERA,GEOMETRIDAE,9/8/99,9/9/99,1
LEPIDOPTERA,GLYPHIPTERIGIDAE,6/11/99,6/13/99,1
LEPIDOPTERA,GLYPHIPTERIGIDAE,6/14/99,6/16/99,1
LEPIDOPTERA,GRACILLARIIDAE,10/13/99,10/24/99,1
LEPIDOPTERA,GRACILLARIIDAE,10/25/99,10/31/99,1
LEPIDOPTERA,GRACILLARIIDAE,10/6/99,10/12/99,1
LEPIDOPTERA,GRACILLARIIDAE,4/14/99,4/28/99,9
LEPIDOPTERA,GRACILLARIIDAE,4/29/99,5/25/99,51
LEPIDOPTERA,GRACILLARIIDAE,5/26/99,5/30/99,85
LEPIDOPTERA,GRACILLARIIDAE,5/31/99,6/3/99,21
LEPIDOPTERA,GRACILLARIIDAE,6/11/99,6/13/99,70
LEPIDOPTERA,GRACILLARIIDAE,6/14/99,6/16/99,124
LEPIDOPTERA,GRACILLARIIDAE,6/17/99,6/20/99,95
LEPIDOPTERA,GRACILLARIIDAE,6/21/99,6/27/99,30
LEPIDOPTERA,GRACILLARIIDAE,6/28/99,6/29/99,8
LEPIDOPTERA,GRACILLARIIDAE,6/30/99,7/1/99,5
LEPIDOPTERA,GRACILLARIIDAE,6/4/99,6/10/99,25
LEPIDOPTERA,GRACILLARIIDAE,7/12/99,7/19/99,31
LEPIDOPTERA,GRACILLARIIDAE,7/2/99,7/4/99,8
LEPIDOPTERA,GRACILLARIIDAE,7/20/99,7/21/99,18
LEPIDOPTERA,GRACILLARIIDAE,7/5/99,7/6/99,6
LEPIDOPTERA,GRACILLARIIDAE,7/7/99,7/8/99,8
LEPIDOPTERA,GRACILLARIIDAE,7/9/99,7/11/99,15
LEPIDOPTERA,GRACILLARIIDAE,8/11/99,8/12/99,31
LEPIDOPTERA,GRACILLARIIDAE,8/13/99,8/15/99,17
LEPIDOPTERA,GRACILLARIIDAE,8/16/99,8/18/99,18
LEPIDOPTERA,GRACILLARIIDAE,8/19/99,8/22/99,49
LEPIDOPTERA,GRACILLARIIDAE,8/2/99,8/3/99,15
LEPIDOPTERA,GRACILLARIIDAE,8/23/99,8/26/99,24
LEPIDOPTERA,GRACILLARIIDAE,8/27/99,8/29/99,31
LEPIDOPTERA,GRACILLARIIDAE,8/30/99,8/31/99,8
LEPIDOPTERA,GRACILLARIIDAE,8/4/99,8/5/99,37
LEPIDOPTERA,GRACILLARIIDAE,8/6/99,8/8/99,46
LEPIDOPTERA,GRACILLARIIDAE,8/9/99,8/10/99,43
LEPIDOPTERA,GRACILLARIIDAE,9/1/99,9/2/99,27
LEPIDOPTERA,GRACILLARIIDAE,9/10/99,9/16/99,1
LEPIDOPTERA,GRACILLARIIDAE,9/17/99,9/21/99,3
LEPIDOPTERA,GRACILLARIIDAE,9/24/99,9/26/99,2
LEPIDOPTERA,GRACILLARIIDAE,9/27/99,9/30/99,2
LEPIDOPTERA,GRACILLARIIDAE,9/6/99,9/7/99,1
LEPIDOPTERA,GRACILLARIIDAE,9/8/99,9/9/99,2
LEPIDOPTERA,HEPIALIDAE,5/31/99,6/3/99,1
LEPIDOPTERA,HEPIALIDAE,6/4/99,6/10/99,1
LEPIDOPTERA,LYONETIDAE,10/1/99,10/5/99,2
LEPIDOPTERA,LYONETIDAE,10/6/99,10/12/99,1
LEPIDOPTERA,LYONETIDAE,4/14/99,4/28/99,1
LEPIDOPTERA,LYONETIDAE,6/17/99,6/20/99,2
LEPIDOPTERA,LYONETIDAE,6/21/99,6/27/99,11
LEPIDOPTERA,LYONETIDAE,6/28/99,6/29/99,6
LEPIDOPTERA,LYONETIDAE,6/30/99,7/1/99,19
LEPIDOPTERA,LYONETIDAE,7/12/99,7/19/99,3
LEPIDOPTERA,LYONETIDAE,7/2/99,7/4/99,18
LEPIDOPTERA,LYONETIDAE,7/20/99,7/21/99,4
LEPIDOPTERA,LYONETIDAE,7/22/99,7/22/99,1
LEPIDOPTERA,LYONETIDAE,7/5/99,7/6/99,11
LEPIDOPTERA,LYONETIDAE,7/7/99,7/8/99,13
LEPIDOPTERA,LYONETIDAE,7/9/99,7/11/99,6
LEPIDOPTERA,LYONETIDAE,8/11/99,8/12/99,54
LEPIDOPTERA,LYONETIDAE,8/13/99,8/15/99,44
LEPIDOPTERA,LYONETIDAE,8/16/99,8/18/99,31
LEPIDOPTERA,LYONETIDAE,8/19/99,8/22/99,31
LEPIDOPTERA,LYONETIDAE,8/2/99,8/3/99,2
LEPIDOPTERA,LYONETIDAE,8/23/99,8/26/99,4
LEPIDOPTERA,LYONETIDAE,8/27/99,8/29/99,10
LEPIDOPTERA,LYONETIDAE,8/30/99,8/31/99,3
LEPIDOPTERA,LYONETIDAE,8/4/99,8/5/99,48
LEPIDOPTERA,LYONETIDAE,8/6/99,8/8/99,57
LEPIDOPTERA,LYONETIDAE,8/9/99,8/10/99,46
LEPIDOPTERA,LYONETIDAE,9/1/99,9/2/99,5
LEPIDOPTERA,LYONETIDAE,9/10/99,9/16/99,1
LEPIDOPTERA,LYONETIDAE,9/17/99,9/21/99,2
LEPIDOPTERA,LYONETIDAE,9/24/99,9/26/99,1
LEPIDOPTERA,MOMPHIDAE,5/26/99,5/30/99,9
LEPIDOPTERA,MOMPHIDAE,5/31/99,6/3/99,2
LEPIDOPTERA,MOMPHIDAE,6/11/99,6/13/99,2
LEPIDOPTERA,MOMPHIDAE,6/14/99,6/16/99,2
LEPIDOPTERA,MOMPHIDAE,7/22/99,7/22/99,1
LEPIDOPTERA,MOMPHIDAE,8/11/99,8/12/99,1
LEPIDOPTERA,MOMPHIDAE,8/13/99,8/15/99,1
LEPIDOPTERA,MOMPHIDAE,8/16/99,8/18/99,1
LEPIDOPTERA,MOMPHIDAE,8/2/99,8/3/99,2
LEPIDOPTERA,MOMPHIDAE,8/23/99,8/26/99,1
LEPIDOPTERA,MOMPHIDAE,8/4/99,8/5/99,1
LEPIDOPTERA,MOMPHIDAE,8/9/99,8/10/99,5
LEPIDOPTERA,MOMPHIDAE,9/1/99,9/2/99,1
LEPIDOPTERA,MOMPHIDAE,9/17/99,9/21/99,1
LEPIDOPTERA,MOMPHIDAE,9/3/99,9/5/99,1
LEPIDOPTERA,MOMPHIDAE,9/8/99,9/9/99,1
LEPIDOPTERA,NEPTICULIDAE,5/26/99,5/30/99,6
LEPIDOPTERA,NEPTICULIDAE,5/31/99,6/3/99,1
LEPIDOPTERA,NEPTICULIDAE,6/11/99,6/13/99,4
LEPIDOPTERA,NEPTICULIDAE,6/14/99,6/16/99,6
LEPIDOPTERA,NEPTICULIDAE,6/17/99,6/20/99,3
LEPIDOPTERA,NEPTICULIDAE,6/21/99,6/27/99,1
LEPIDOPTERA,NEPTICULIDAE,6/30/99,7/1/99,1
LEPIDOPTERA,NEPTICULIDAE,6/4/99,6/10/99,1
LEPIDOPTERA,NEPTICULIDAE,7/2/99,7/4/99,4
LEPIDOPTERA,NEPTICULIDAE,7/22/99,7/22/99,1
LEPIDOPTERA,NEPTICULIDAE,7/9/99,7/11/99,1
LEPIDOPTERA,NEPTICULIDAE,8/11/99,8/12/99,3
LEPIDOPTERA,NEPTICULIDAE,8/16/99,8/18/99,2
LEPIDOPTERA,NEPTICULIDAE,8/19/99,8/22/99,1
LEPIDOPTERA,NEPTICULIDAE,8/27/99,8/29/99,1
LEPIDOPTERA,NEPTICULIDAE,8/4/99,8/5/99,4
LEPIDOPTERA,NEPTICULIDAE,8/6/99,8/8/99,4
LEPIDOPTERA,NEPTICULIDAE,8/9/99,8/10/99,1
LEPIDOPTERA,NEPTICULIDAE,9/1/99,9/2/99,1
LEPIDOPTERA,NEPTICULIDAE,9/8/99,9/9/99,1
LEPIDOPTERA,NOCTUIDAE,10/1/99,10/5/99,15
LEPIDOPTERA,NOCTUIDAE,10/13/99,10/24/99,5
LEPIDOPTERA,NOCTUIDAE,10/6/99,10/12/99,19
LEPIDOPTERA,NOCTUIDAE,4/14/99,4/28/99,3
LEPIDOPTERA,NOCTUIDAE,4/29/99,5/25/99,14
LEPIDOPTERA,NOCTUIDAE,5/26/99,5/30/99,21
LEPIDOPTERA,NOCTUIDAE,5/31/99,6/3/99,12
LEPIDOPTERA,NOCTUIDAE,6/11/99,6/13/99,69
LEPIDOPTERA,NOCTUIDAE,6/14/99,6/16/99,50
LEPIDOPTERA,NOCTUIDAE,6/17/99,6/20/99,85
LEPIDOPTERA,NOCTUIDAE,6/21/99,6/27/99,114
LEPIDOPTERA,NOCTUIDAE,6/28/99,6/29/99,45
LEPIDOPTERA,NOCTUIDAE,6/30/99,7/1/99,70
LEPIDOPTERA,NOCTUIDAE,6/4/99,6/10/99,26
LEPIDOPTERA,NOCTUIDAE,7/12/99,7/19/99,178
LEPIDOPTERA,NOCTUIDAE,7/2/99,7/4/99,64
LEPIDOPTERA,NOCTUIDAE,7/20/99,7/21/99,86
LEPIDOPTERA,NOCTUIDAE,7/22/99,7/22/99,3
LEPIDOPTERA,NOCTUIDAE,7/5/99,7/6/99,89
LEPIDOPTERA,NOCTUIDAE,7/7/99,7/8/99,87
LEPIDOPTERA,NOCTUIDAE,7/9/99,7/11/99,77
LEPIDOPTERA,NOCTUIDAE,8/11/99,8/12/99,26
LEPIDOPTERA,NOCTUIDAE,8/13/99,8/15/99,123
LEPIDOPTERA,NOCTUIDAE,8/16/99,8/18/99,124
LEPIDOPTERA,NOCTUIDAE,8/19/99,8/22/99,126
LEPIDOPTERA,NOCTUIDAE,8/2/99,8/3/99,63
LEPIDOPTERA,NOCTUIDAE,8/23/99,8/26/99,149
LEPIDOPTERA,NOCTUIDAE,8/27/99,8/29/99,101
LEPIDOPTERA,NOCTUIDAE,8/30/99,8/31/99,63
LEPIDOPTERA,NOCTUIDAE,8/4/99,8/5/99,87
LEPIDOPTERA,NOCTUIDAE,8/6/99,8/8/99,119
LEPIDOPTERA,NOCTUIDAE,8/9/99,8/10/99,194
LEPIDOPTERA,NOCTUIDAE,9/1/99,9/2/99,40
LEPIDOPTERA,NOCTUIDAE,9/10/99,9/16/99,8
LEPIDOPTERA,NOCTUIDAE,9/17/99,9/21/99,26
LEPIDOPTERA,NOCTUIDAE,9/22/99,9/23/99,25
LEPIDOPTERA,NOCTUIDAE,9/24/99,9/26/99,18
LEPIDOPTERA,NOCTUIDAE,9/27/99,9/30/99,14
LEPIDOPTERA,NOCTUIDAE,9/3/99,9/5/99,31
LEPIDOPTERA,NOCTUIDAE,9/6/99,9/7/99,24
LEPIDOPTERA,NOCTUIDAE,9/8/99,9/9/99,23
LEPIDOPTERA,NOLIDAE,6/11/99,6/13/99,3
LEPIDOPTERA,NOLIDAE,6/14/99,6/16/99,1
LEPIDOPTERA,NOLIDAE,6/17/99,6/20/99,5
LEPIDOPTERA,NOLIDAE,6/21/99,6/27/99,3
LEPIDOPTERA,NOLIDAE,6/28/99,6/29/99,1
LEPIDOPTERA,NOLIDAE,7/12/99,7/19/99,4
LEPIDOPTERA,NOLIDAE,7/20/99,7/21/99,3
LEPIDOPTERA,NOLIDAE,7/5/99,7/6/99,2
LEPIDOPTERA,NOLIDAE,7/7/99,7/8/99,1
LEPIDOPTERA,NOLIDAE,7/9/99,7/11/99,3
LEPIDOPTERA,NOLIDAE,8/6/99,8/8/99,1
LEPIDOPTERA,NOLIDAE,8/9/99,8/10/99,1
LEPIDOPTERA,NOTODONTIDAE,5/26/99,5/30/99,2
LEPIDOPTERA,NOTODONTIDAE,5/31/99,6/3/99,2
LEPIDOPTERA,NOTODONTIDAE,6/11/99,6/13/99,1
LEPIDOPTERA,NOTODONTIDAE,6/14/99,6/16/99,1
LEPIDOPTERA,NOTODONTIDAE,6/17/99,6/20/99,1
LEPIDOPTERA,NOTODONTIDAE,6/21/99,6/27/99,1
LEPIDOPTERA,NOTODONTIDAE,6/28/99,6/29/99,1
LEPIDOPTERA,NOTODONTIDAE,6/4/99,6/10/99,2
LEPIDOPTERA,NOTODONTIDAE,7/20/99,7/21/99,4
LEPIDOPTERA,NOTODONTIDAE,7/7/99,7/8/99,1
LEPIDOPTERA,NOTODONTIDAE,8/11/99,8/12/99,1
LEPIDOPTERA,NOTODONTIDAE,8/19/99,8/22/99,3
LEPIDOPTERA,NOTODONTIDAE,8/2/99,8/3/99,2
LEPIDOPTERA,NOTODONTIDAE,8/4/99,8/5/99,3
LEPIDOPTERA,NOTODONTIDAE,8/6/99,8/8/99,1
LEPIDOPTERA,NOTODONTIDAE,8/9/99,8/10/99,1
LEPIDOPTERA,OECOPHORIDAE,10/6/99,10/12/99,2
LEPIDOPTERA,OECOPHORIDAE,4/29/99,5/25/99,5
LEPIDOPTERA,OECOPHORIDAE,5/26/99,5/30/99,3
LEPIDOPTERA,OECOPHORIDAE,5/31/99,6/3/99,4
LEPIDOPTERA,OECOPHORIDAE,6/11/99,6/13/99,9
LEPIDOPTERA,OECOPHORIDAE,6/14/99,6/16/99,11
LEPIDOPTERA,OECOPHORIDAE,6/17/99,6/20/99,10
LEPIDOPTERA,OECOPHORIDAE,6/21/99,6/27/99,7
LEPIDOPTERA,OECOPHORIDAE,6/28/99,6/29/99,2
LEPIDOPTERA,OECOPHORIDAE,6/30/99,7/1/99,13
LEPIDOPTERA,OECOPHORIDAE,6/4/99,6/10/99,1
LEPIDOPTERA,OECOPHORIDAE,7/12/99,7/19/99,14
LEPIDOPTERA,OECOPHORIDAE,7/2/99,7/4/99,15
LEPIDOPTERA,OECOPHORIDAE,7/20/99,7/21/99,17
LEPIDOPTERA,OECOPHORIDAE,7/5/99,7/6/99,14
LEPIDOPTERA,OECOPHORIDAE,7/7/99,7/8/99,12
LEPIDOPTERA,OECOPHORIDAE,7/9/99,7/11/99,10
LEPIDOPTERA,OECOPHORIDAE,8/11/99,8/12/99,6
LEPIDOPTERA,OECOPHORIDAE,8/13/99,8/15/99,2
LEPIDOPTERA,OECOPHORIDAE,8/16/99,8/18/99,4
LEPIDOPTERA,OECOPHORIDAE,8/19/99,8/22/99,4
LEPIDOPTERA,OECOPHORIDAE,8/2/99,8/3/99,4
LEPIDOPTERA,OECOPHORIDAE,8/27/99,8/29/99,5
LEPIDOPTERA,OECOPHORIDAE,8/4/99,8/5/99,14
LEPIDOPTERA,OECOPHORIDAE,8/6/99,8/8/99,19
LEPIDOPTERA,OECOPHORIDAE,8/9/99,8/10/99,6
LEPIDOPTERA,OECOPHORIDAE,9/1/99,9/2/99,1
LEPIDOPTERA,OECOPHORIDAE,9/24/99,9/26/99,1
LEPIDOPTERA,OECOPHORIDAE,9/8/99,9/9/99,1
LEPIDOPTERA,PLUTELLIDAE,10/6/99,10/12/99,1
LEPIDOPTERA,PLUTELLIDAE,7/7/99,7/8/99,1
LEPIDOPTERA,PLUTELLIDAE,8/4/99,8/5/99,1
LEPIDOPTERA,PLUTELLIDAE,8/6/99,8/8/99,1
LEPIDOPTERA,PLUTELLIDAE,8/9/99,8/10/99,1
LEPIDOPTERA,PRODOXIDAE,5/31/99,6/3/99,1
LEPIDOPTERA,PTEROPHORIDAE,4/29/99,5/25/99,1
LEPIDOPTERA,PTEROPHORIDAE,7/5/99,7/6/99,1
LEPIDOPTERA,PTEROPHORIDAE,8/27/99,8/29/99,1
LEPIDOPTERA,PTEROPHORIDAE,8/30/99,8/31/99,1
LEPIDOPTERA,PYRALIDAE,10/1/99,10/5/99,1
LEPIDOPTERA,PYRALIDAE,4/29/99,5/25/99,3
LEPIDOPTERA,PYRALIDAE,6/11/99,6/13/99,2
LEPIDOPTERA,PYRALIDAE,6/14/99,6/16/99,4
LEPIDOPTERA,PYRALIDAE,6/17/99,6/20/99,5
LEPIDOPTERA,PYRALIDAE,6/21/99,6/27/99,3
LEPIDOPTERA,PYRALIDAE,6/28/99,6/29/99,5
LEPIDOPTERA,PYRALIDAE,6/30/99,7/1/99,11
LEPIDOPTERA,PYRALIDAE,7/12/99,7/19/99,66
LEPIDOPTERA,PYRALIDAE,7/2/99,7/4/99,23
LEPIDOPTERA,PYRALIDAE,7/20/99,7/21/99,52
LEPIDOPTERA,PYRALIDAE,7/5/99,7/6/99,24
LEPIDOPTERA,PYRALIDAE,7/7/99,7/8/99,32
LEPIDOPTERA,PYRALIDAE,7/9/99,7/11/99,43
LEPIDOPTERA,PYRALIDAE,8/11/99,8/12/99,6
LEPIDOPTERA,PYRALIDAE,8/13/99,8/15/99,5
LEPIDOPTERA,PYRALIDAE,8/16/99,8/18/99,7
LEPIDOPTERA,PYRALIDAE,8/19/99,8/22/99,12
LEPIDOPTERA,PYRALIDAE,8/2/99,8/3/99,18
LEPIDOPTERA,PYRALIDAE,8/23/99,8/26/99,4
LEPIDOPTERA,PYRALIDAE,8/27/99,8/29/99,6
LEPIDOPTERA,PYRALIDAE,8/30/99,8/31/99,1
LEPIDOPTERA,PYRALIDAE,8/4/99,8/5/99,24
LEPIDOPTERA,PYRALIDAE,8/6/99,8/8/99,50
LEPIDOPTERA,PYRALIDAE,8/9/99,8/10/99,16
LEPIDOPTERA,PYRALIDAE,9/1/99,9/2/99,1
LEPIDOPTERA,PYRALIDAE,9/10/99,9/16/99,1
LEPIDOPTERA,PYRALIDAE,9/22/99,9/23/99,1
LEPIDOPTERA,PYRALIDAE,9/24/99,9/26/99,1
LEPIDOPTERA,PYRALIDAE,9/8/99,9/9/99,3
LEPIDOPTERA,SPHINGIDAE,5/26/99,5/30/99,1
LEPIDOPTERA,SPHINGIDAE,6/11/99,6/13/99,1
LEPIDOPTERA,SPHINGIDAE,6/28/99,6/29/99,1
LEPIDOPTERA,SPHINGIDAE,6/4/99,6/10/99,2
LEPIDOPTERA,SPHINGIDAE,7/9/99,7/11/99,1
LEPIDOPTERA,TINEIDAE,5/26/99,5/30/99,2
LEPIDOPTERA,TINEIDAE,5/31/99,6/3/99,2
LEPIDOPTERA,TINEIDAE,6/11/99,6/13/99,5
LEPIDOPTERA,TINEIDAE,6/14/99,6/16/99,4
LEPIDOPTERA,TINEIDAE,6/17/99,6/20/99,2
LEPIDOPTERA,TINEIDAE,6/4/99,6/10/99,1
LEPIDOPTERA,TINEIDAE,7/12/99,7/19/99,1
LEPIDOPTERA,TINEIDAE,7/2/99,7/4/99,1
LEPIDOPTERA,TINEIDAE,7/20/99,7/21/99,1
LEPIDOPTERA,TINEIDAE,7/7/99,7/8/99,3
LEPIDOPTERA,TINEIDAE,9/17/99,9/21/99,1
LEPIDOPTERA,TISCHERIIDAE,6/30/99,7/1/99,1
LEPIDOPTERA,TORTRICIDAE,10/1/99,10/5/99,1
LEPIDOPTERA,TORTRICIDAE,10/13/99,10/24/99,1
LEPIDOPTERA,TORTRICIDAE,11/1/99,11/11/99,2
LEPIDOPTERA,TORTRICIDAE,5/26/99,5/30/99,4
LEPIDOPTERA,TORTRICIDAE,5/31/99,6/3/99,1
LEPIDOPTERA,TORTRICIDAE,6/11/99,6/13/99,11
LEPIDOPTERA,TORTRICIDAE,6/14/99,6/16/99,34
LEPIDOPTERA,TORTRICIDAE,6/17/99,6/20/99,52
LEPIDOPTERA,TORTRICIDAE,6/21/99,6/27/99,33
LEPIDOPTERA,TORTRICIDAE,6/28/99,6/29/99,35
LEPIDOPTERA,TORTRICIDAE,6/30/99,7/1/99,68
LEPIDOPTERA,TORTRICIDAE,6/4/99,6/10/99,4
LEPIDOPTERA,TORTRICIDAE,7/12/99,7/19/99,190
LEPIDOPTERA,TORTRICIDAE,7/2/99,7/4/99,102
LEPIDOPTERA,TORTRICIDAE,7/20/99,7/21/99,121
LEPIDOPTERA,TORTRICIDAE,7/5/99,7/6/99,95
LEPIDOPTERA,TORTRICIDAE,7/7/99,7/8/99,115
LEPIDOPTERA,TORTRICIDAE,7/9/99,7/11/99,155
LEPIDOPTERA,TORTRICIDAE,8/11/99,8/12/99,29
LEPIDOPTERA,TORTRICIDAE,8/13/99,8/15/99,33
LEPIDOPTERA,TORTRICIDAE,8/16/99,8/18/99,30
LEPIDOPTERA,TORTRICIDAE,8/19/99,8/22/99,18
LEPIDOPTERA,TORTRICIDAE,8/2/99,8/3/99,52
LEPIDOPTERA,TORTRICIDAE,8/23/99,8/26/99,2
LEPIDOPTERA,TORTRICIDAE,8/27/99,8/29/99,14
LEPIDOPTERA,TORTRICIDAE,8/30/99,8/31/99,5
LEPIDOPTERA,TORTRICIDAE,8/4/99,8/5/99,74
LEPIDOPTERA,TORTRICIDAE,8/6/99,8/8/99,66
LEPIDOPTERA,TORTRICIDAE,8/9/99,8/10/99,34
LEPIDOPTERA,TORTRICIDAE,9/1/99,9/2/99,7
LEPIDOPTERA,TORTRICIDAE,9/10/99,9/16/99,2
LEPIDOPTERA,TORTRICIDAE,9/17/99,9/21/99,7
LEPIDOPTERA,TORTRICIDAE,9/24/99,9/26/99,7
LEPIDOPTERA,TORTRICIDAE,9/27/99,9/30/99,1
LEPIDOPTERA,TORTRICIDAE,9/3/99,9/5/99,2
LEPIDOPTERA,TORTRICIDAE,9/6/99,9/7/99,2
LEPIDOPTERA,TORTRICIDAE,9/8/99,9/9/99,3
LEPIDOPTERA,YPONOMEUTIDAE,10/13/99,10/24/99,1
LEPIDOPTERA,YPONOMEUTIDAE,5/26/99,5/30/99,3
LEPIDOPTERA,YPONOMEUTIDAE,6/11/99,6/13/99,7
LEPIDOPTERA,YPONOMEUTIDAE,6/14/99,6/16/99,7
LEPIDOPTERA,YPONOMEUTIDAE,6/17/99,6/20/99,1
LEPIDOPTERA,YPONOMEUTIDAE,6/21/99,6/27/99,4
LEPIDOPTERA,YPONOMEUTIDAE,6/30/99,7/1/99,8
LEPIDOPTERA,YPONOMEUTIDAE,7/12/99,7/19/99,32
LEPIDOPTERA,YPONOMEUTIDAE,7/2/99,7/4/99,11
LEPIDOPTERA,YPONOMEUTIDAE,7/20/99,7/21/99,49
LEPIDOPTERA,YPONOMEUTIDAE,7/22/99,7/22/99,3
LEPIDOPTERA,YPONOMEUTIDAE,7/5/99,7/6/99,7
LEPIDOPTERA,YPONOMEUTIDAE,7/7/99,7/8/99,24
LEPIDOPTERA,YPONOMEUTIDAE,7/9/99,7/11/99,32
LEPIDOPTERA,YPONOMEUTIDAE,8/11/99,8/12/99,11
LEPIDOPTERA,YPONOMEUTIDAE,8/13/99,8/15/99,6
LEPIDOPTERA,YPONOMEUTIDAE,8/16/99,8/18/99,6
LEPIDOPTERA,YPONOMEUTIDAE,8/19/99,8/22/99,6
LEPIDOPTERA,YPONOMEUTIDAE,8/2/99,8/3/99,13
LEPIDOPTERA,YPONOMEUTIDAE,8/23/99,8/26/99,7
LEPIDOPTERA,YPONOMEUTIDAE,8/27/99,8/29/99,7
LEPIDOPTERA,YPONOMEUTIDAE,8/30/99,8/31/99,1
LEPIDOPTERA,YPONOMEUTIDAE,8/4/99,8/5/99,39
LEPIDOPTERA,YPONOMEUTIDAE,8/6/99,8/8/99,42
LEPIDOPTERA,YPONOMEUTIDAE,8/9/99,8/10/99,35
LEPIDOPTERA,YPONOMEUTIDAE,9/1/99,9/2/99,4
LEPIDOPTERA,YPONOMEUTIDAE,9/27/99,9/30/99,1
LEPIDOPTERA,YPONOMEUTIDAE,9/3/99,9/5/99,1
LEPIDOPTERA,YPONOMEUTIDAE,9/6/99,9/7/99,1
LEPIDOPTERA,YPONOMEUTIDAE,9/8/99,9/9/99,2
