order,family,date1,date2,individuals
COLEOPTERA,ANOBIIDAE,5/11/00,5/16/00,1
COLEOPTERA,ANOBIIDAE,5/17/00,6/8/00,1
COLEOPTERA,ANOBIIDAE,6/16/00,6/21/00,4
COLEOPTERA,ANOBIIDAE,7/3/00,7/6/00,2
COLEOPTERA,ANTHICIDAE,6/16/00,6/21/00,1
COLEOPTERA,BYTURIDAE,5/11/00,5/16/00,1
COLEOPTERA,CANTHARIDAE,5/11/00,5/16/00,8
COLEOPTERA,CANTHARIDAE,6/16/00,6/21/00,20
COLEOPTERA,CANTHARIDAE,6/9/00,6/12/00,3
COLEOPTERA,CANTHARIDAE,7/21/00,7/24/00,1
COLEOPTERA,CANTHARIDAE,7/25/00,7/27/00,1
COLEOPTERA,CANTHARIDAE,7/28/00,7/30/00,1
COLEOPTERA,CARABIDAE,5/11/00,5/16/00,6
COLEOPTERA,CARABIDAE,5/4/00,5/10/00,3
COLEOPTERA,CARABIDAE,6/13/00,6/15/00,1
COLEOPTERA,CARABIDAE,6/16/00,6/21/00,45
COLEOPTERA,CARABIDAE,6/9/00,6/12/00,2
COLEOPTERA,CARABIDAE,7/12/00,7/18/00,23
COLEOPTERA,CARABIDAE,7/19/00,7/20/00,2
COLEOPTERA,CARABIDAE,7/21/00,7/24/00,166
COLEOPTERA,CARABIDAE,7/25/00,7/27/00,39
COLEOPTERA,CARABIDAE,7/28/00,7/30/00,50
COLEOPTERA,CARABIDAE,7/3/00,7/6/00,4
COLEOPTERA,CARABIDAE,7/31/00,8/1/00,13
COLEOPTERA,CARABIDAE,8/14/00,8/20/00,48
COLEOPTERA,CARABIDAE,8/2/00,8/3/00,17
COLEOPTERA,CARABIDAE,8/25/00,8/28/00,16
COLEOPTERA,CARABIDAE,8/29/00,8/31/00,22
COLEOPTERA,CARABIDAE,8/4/00,8/13/00,13
COLEOPTERA,CARABIDAE,9/1/00,9/26/00,10
COLEOPTERA,CARABIDAE,9/27/00,10/5/00,1
COLEOPTERA,COCCINELLIDAE,4/25/00,5/3/00,2
COLEOPTERA,COCCINELLIDAE,5/11/00,5/16/00,32
COLEOPTERA,COCCINELLIDAE,5/17/00,6/8/00,1
COLEOPTERA,COCCINELLIDAE,6/16/00,6/21/00,39
COLEOPTERA,COCCINELLIDAE,6/22/00,6/27/00,9
COLEOPTERA,COCCINELLIDAE,6/9/00,6/12/00,29
COLEOPTERA,COCCINELLIDAE,7/12/00,7/18/00,5
COLEOPTERA,COCCINELLIDAE,7/19/00,7/20/00,3
COLEOPTERA,COCCINELLIDAE,7/21/00,7/24/00,9
COLEOPTERA,COCCINELLIDAE,7/25/00,7/27/00,8
COLEOPTERA,COCCINELLIDAE,7/28/00,7/30/00,8
COLEOPTERA,COCCINELLIDAE,7/3/00,7/6/00,6
COLEOPTERA,COCCINELLIDAE,7/31/00,8/1/00,5
COLEOPTERA,COCCINELLIDAE,7/7/00,7/11/00,2
COLEOPTERA,COCCINELLIDAE,8/14/00,8/20/00,6
COLEOPTERA,COCCINELLIDAE,8/2/00,8/3/00,2
COLEOPTERA,COCCINELLIDAE,8/21/00,8/24/00,2
COLEOPTERA,COCCINELLIDAE,8/29/00,8/31/00,8
COLEOPTERA,COCCINELLIDAE,8/4/00,8/13/00,8
COLEOPTERA,COCCINELLIDAE,9/1/00,9/26/00,4
COLEOPTERA,COCCINELLIDAE,9/27/00,10/5/00,2
COLEOPTERA,COLYDIIDAE,5/11/00,5/16/00,1
COLEOPTERA,CORTICARIIDAE,6/16/00,6/21/00,1
COLEOPTERA,CRYPTOPHAGIDAE,5/11/00,5/16/00,1
COLEOPTERA,CRYPTOPHAGIDAE,5/4/00,5/10/00,2
COLEOPTERA,CRYPTOPHAGIDAE,6/16/00,6/21/00,14
COLEOPTERA,CRYPTOPHAGIDAE,6/9/00,6/12/00,1
COLEOPTERA,CRYPTOPHAGIDAE,7/28/00,7/30/00,1
COLEOPTERA,CRYPTOPHAGIDAE,7/31/00,8/1/00,1
COLEOPTERA,CRYPTOPHAGIDAE,8/2/00,8/3/00,2
COLEOPTERA,CURCULIONIDAE,5/11/00,5/16/00,1
COLEOPTERA,CURCULIONIDAE,6/16/00,6/21/00,1
COLEOPTERA,CURCULIONIDAE,6/9/00,6/12/00,1
COLEOPTERA,CURCULIONIDAE,7/3/00,7/6/00,1
COLEOPTERA,DERMESTIDAE,5/11/00,5/16/00,4
COLEOPTERA,DERMESTIDAE,5/17/00,6/8/00,2
COLEOPTERA,DERMESTIDAE,5/4/00,5/10/00,5
COLEOPTERA,DERMESTIDAE,6/13/00,6/15/00,1
COLEOPTERA,DERMESTIDAE,6/16/00,6/21/00,7
COLEOPTERA,DERMESTIDAE,6/9/00,6/12/00,3
COLEOPTERA,DERMESTIDAE,7/12/00,7/18/00,1
COLEOPTERA,DERMESTIDAE,7/19/00,7/20/00,1
COLEOPTERA,DERMESTIDAE,7/21/00,7/24/00,3
COLEOPTERA,DERMESTIDAE,7/28/00,7/30/00,1
COLEOPTERA,DERMESTIDAE,7/3/00,7/6/00,5
COLEOPTERA,DERMESTIDAE,8/2/00,8/3/00,1
COLEOPTERA,DERMESTIDAE,8/21/00,8/24/00,1
COLEOPTERA,DERMESTIDAE,8/4/00,8/13/00,1
COLEOPTERA,DERMESTIDAE,9/27/00,10/5/00,2
COLEOPTERA,DYTISCIDAE,6/16/00,6/21/00,4
COLEOPTERA,DYTISCIDAE,7/21/00,7/24/00,2
COLEOPTERA,DYTISCIDAE,7/28/00,7/30/00,1
COLEOPTERA,DYTISCIDAE,8/4/00,8/13/00,2
COLEOPTERA,ELATERIDAE,5/11/00,5/16/00,2
COLEOPTERA,ELATERIDAE,6/16/00,6/21/00,2
COLEOPTERA,ELATERIDAE,6/28/00,7/2/00,1
COLEOPTERA,ELATERIDAE,7/25/00,7/27/00,1
COLEOPTERA,ELATERIDAE,7/28/00,7/30/00,1
COLEOPTERA,HELOPHORIDAE,4/25/00,5/3/00,1
COLEOPTERA,HELOPHORIDAE,6/16/00,6/21/00,2
COLEOPTERA,HETEROCERIDAE,5/11/00,5/16/00,4
COLEOPTERA,HETEROCERIDAE,6/16/00,6/21/00,23
COLEOPTERA,HETEROCERIDAE,6/9/00,6/12/00,2
COLEOPTERA,HETEROCERIDAE,7/12/00,7/18/00,1
COLEOPTERA,HETEROCERIDAE,7/3/00,7/6/00,1
COLEOPTERA,HISTERIDAE,6/16/00,6/21/00,1
COLEOPTERA,HYDROPHILIDAE,5/11/00,5/16/00,8
COLEOPTERA,HYDROPHILIDAE,6/16/00,6/21/00,50
COLEOPTERA,HYDROPHILIDAE,6/9/00,6/12/00,3
COLEOPTERA,HYDROPHILIDAE,7/12/00,7/18/00,5
COLEOPTERA,HYDROPHILIDAE,7/21/00,7/24/00,1
COLEOPTERA,HYDROPHILIDAE,7/25/00,7/27/00,2
COLEOPTERA,HYDROPHILIDAE,7/3/00,7/6/00,5
COLEOPTERA,HYDROPHILIDAE,7/31/00,8/1/00,1
COLEOPTERA,HYDROPHILIDAE,8/14/00,8/20/00,6
COLEOPTERA,HYDROPHILIDAE,8/29/00,8/31/00,2
COLEOPTERA,HYDROPHILIDAE,9/1/00,9/26/00,1
COLEOPTERA,LEIODIDAE,7/7/00,7/11/00,1
COLEOPTERA,MELYRIDAE,5/11/00,5/16/00,10
COLEOPTERA,MELYRIDAE,5/17/00,6/8/00,4
COLEOPTERA,MELYRIDAE,5/4/00,5/10/00,3
COLEOPTERA,MELYRIDAE,6/16/00,6/21/00,5
COLEOPTERA,MELYRIDAE,6/9/00,6/12/00,2
COLEOPTERA,NITIDULIDAE,6/16/00,6/21/00,3
COLEOPTERA,NITIDULIDAE,7/12/00,7/18/00,1
COLEOPTERA,NITIDULIDAE,7/19/00,7/20/00,1
COLEOPTERA,SCARABAEIDAE,5/17/00,6/8/00,3
COLEOPTERA,SCARABAEIDAE,6/16/00,6/21/00,7
COLEOPTERA,SCARABAEIDAE,6/28/00,7/2/00,1
COLEOPTERA,SCARABAEIDAE,6/9/00,6/12/00,1
COLEOPTERA,SCARABAEIDAE,7/12/00,7/18/00,6
COLEOPTERA,SCARABAEIDAE,7/19/00,7/20/00,1
COLEOPTERA,SCARABAEIDAE,7/21/00,7/24/00,4
COLEOPTERA,SCARABAEIDAE,7/28/00,7/30/00,1
COLEOPTERA,SCARABAEIDAE,7/3/00,7/6/00,2
COLEOPTERA,SCARABAEIDAE,7/7/00,7/11/00,1
COLEOPTERA,SCARABAEIDAE,8/25/00,8/28/00,1
COLEOPTERA,SCARABAEIDAE,8/29/00,8/31/00,1
COLEOPTERA,SCARABAEIDAE,8/4/00,8/13/00,1
COLEOPTERA,SCARABAEIDAE,9/1/00,9/26/00,1
COLEOPTERA,SCIRTIDAE,6/16/00,6/21/00,2
COLEOPTERA,SCIRTIDAE,7/3/00,7/6/00,1
COLEOPTERA,SCIRTIDAE,8/2/00,8/3/00,1
COLEOPTERA,SCIRTIDAE,8/25/00,8/28/00,1
COLEOPTERA,SCRAPTIIDAE,5/17/00,6/8/00,3
COLEOPTERA,SCRAPTIIDAE,6/13/00,6/15/00,2
COLEOPTERA,SILPHIDAE,5/11/00,5/16/00,1
COLEOPTERA,SILPHIDAE,5/17/00,6/8/00,1
COLEOPTERA,SILPHIDAE,5/4/00,5/10/00,12
COLEOPTERA,SILPHIDAE,6/13/00,6/15/00,1
COLEOPTERA,SILPHIDAE,6/16/00,6/21/00,3
COLEOPTERA,SILPHIDAE,6/9/00,6/12/00,4
COLEOPTERA,SILPHIDAE,7/12/00,7/18/00,4
COLEOPTERA,SILPHIDAE,7/19/00,7/20/00,2
COLEOPTERA,SILPHIDAE,7/25/00,7/27/00,1
COLEOPTERA,SILPHIDAE,8/14/00,8/20/00,1
COLEOPTERA,SILPHIDAE,8/4/00,8/13/00,1
COLEOPTERA,STAPHYLINIDAE,4/25/00,5/3/00,5
COLEOPTERA,STAPHYLINIDAE,5/11/00,5/16/00,10
COLEOPTERA,STAPHYLINIDAE,5/4/00,5/10/00,8
COLEOPTERA,STAPHYLINIDAE,6/16/00,6/21/00,50
COLEOPTERA,STAPHYLINIDAE,6/22/00,6/27/00,1
COLEOPTERA,STAPHYLINIDAE,7/12/00,7/18/00,1
COLEOPTERA,STAPHYLINIDAE,7/21/00,7/24/00,1
COLEOPTERA,STAPHYLINIDAE,7/25/00,7/27/00,4
COLEOPTERA,STAPHYLINIDAE,7/28/00,7/30/00,2
COLEOPTERA,STAPHYLINIDAE,7/3/00,7/6/00,30
COLEOPTERA,STAPHYLINIDAE,7/31/00,8/1/00,2
COLEOPTERA,STAPHYLINIDAE,7/7/00,7/11/00,1
COLEOPTERA,STAPHYLINIDAE,8/4/00,8/13/00,2
COLEOPTERA,TENEBRIONIDAE,6/16/00,6/21/00,1
COLEOPTERA,TENEBRIONIDAE,7/12/00,7/18/00,17
COLEOPTERA,TENEBRIONIDAE,7/19/00,7/20/00,1
COLEOPTERA,TENEBRIONIDAE,7/21/00,7/24/00,6
COLEOPTERA,TENEBRIONIDAE,7/25/00,7/27/00,5
COLEOPTERA,TENEBRIONIDAE,7/28/00,7/30/00,6
COLEOPTERA,TENEBRIONIDAE,7/3/00,7/6/00,4
COLEOPTERA,TENEBRIONIDAE,7/31/00,8/1/00,2
COLEOPTERA,TENEBRIONIDAE,7/7/00,7/11/00,4
COLEOPTERA,TENEBRIONIDAE,8/2/00,8/3/00,1
COLEOPTERA,TENEBRIONIDAE,8/4/00,8/13/00,1
COLEOPTERA,THROSCIDAE,6/16/00,6/21/00,3
COLEOPTERA,THROSCIDAE,8/14/00,8/20/00,1
LEPIDOPTERA,ACROLEPIIDAE,7/28/00,7/30/00,1
LEPIDOPTERA,ADELIDAE,5/11/00,5/16/00,2
LEPIDOPTERA,AGONOXENIDAE,6/16/00,6/21/00,7
LEPIDOPTERA,AGONOXENIDAE,6/22/00,6/27/00,1
LEPIDOPTERA,AGONOXENIDAE,6/9/00,6/12/00,1
LEPIDOPTERA,AGONOXENIDAE,7/12/00,7/18/00,1
LEPIDOPTERA,AGONOXENIDAE,8/4/00,8/13/00,2
LEPIDOPTERA,ARCTIIDAE,5/17/00,6/8/00,1
LEPIDOPTERA,ARCTIIDAE,6/16/00,6/21/00,1
LEPIDOPTERA,ARCTIIDAE,6/28/00,7/2/00,1
LEPIDOPTERA,ARCTIIDAE,7/21/00,7/24/00,2
LEPIDOPTERA,AUTOSTICHIDAE,8/4/00,8/13/00,1
LEPIDOPTERA,BATRACHEDRIDAE,6/16/00,6/21/00,2
LEPIDOPTERA,BATRACHEDRIDAE,7/12/00,7/18/00,2
LEPIDOPTERA,BATRACHEDRIDAE,7/19/00,7/20/00,1
LEPIDOPTERA,BATRACHEDRIDAE,7/21/00,7/24/00,3
LEPIDOPTERA,BATRACHEDRIDAE,7/28/00,7/30/00,1
LEPIDOPTERA,BATRACHEDRIDAE,8/14/00,8/20/00,1
LEPIDOPTERA,BATRACHEDRIDAE,8/25/00,8/28/00,1
LEPIDOPTERA,BATRACHEDRIDAE,8/29/00,8/31/00,2
LEPIDOPTERA,BATRACHEDRIDAE,8/4/00,8/13/00,6
LEPIDOPTERA,BATRACHEDRIDAE,9/1/00,9/26/00,1
LEPIDOPTERA,BUCCULATRICIDAE,5/11/00,5/16/00,8
LEPIDOPTERA,BUCCULATRICIDAE,5/4/00,5/10/00,3
LEPIDOPTERA,BUCCULATRICIDAE,6/16/00,6/21/00,2
LEPIDOPTERA,BUCCULATRICIDAE,7/28/00,7/30/00,1
LEPIDOPTERA,BUCCULATRICIDAE,8/14/00,8/20/00,5
LEPIDOPTERA,BUCCULATRICIDAE,8/2/00,8/3/00,1
LEPIDOPTERA,BUCCULATRICIDAE,8/21/00,8/24/00,2
LEPIDOPTERA,BUCCULATRICIDAE,9/1/00,9/26/00,2
LEPIDOPTERA,COLEOPHORIDAE,5/17/00,6/8/00,12
LEPIDOPTERA,COLEOPHORIDAE,6/13/00,6/15/00,3
LEPIDOPTERA,COLEOPHORIDAE,6/16/00,6/21/00,30
LEPIDOPTERA,COLEOPHORIDAE,6/22/00,6/27/00,17
LEPIDOPTERA,COLEOPHORIDAE,6/28/00,7/2/00,28
LEPIDOPTERA,COLEOPHORIDAE,6/9/00,6/12/00,16
LEPIDOPTERA,COLEOPHORIDAE,7/12/00,7/18/00,47
LEPIDOPTERA,COLEOPHORIDAE,7/19/00,7/20/00,26
LEPIDOPTERA,COLEOPHORIDAE,7/21/00,7/24/00,69
LEPIDOPTERA,COLEOPHORIDAE,7/25/00,7/27/00,74
LEPIDOPTERA,COLEOPHORIDAE,7/28/00,7/30/00,30
LEPIDOPTERA,COLEOPHORIDAE,7/3/00,7/6/00,41
LEPIDOPTERA,COLEOPHORIDAE,7/31/00,8/1/00,9
LEPIDOPTERA,COLEOPHORIDAE,7/7/00,7/11/00,18
LEPIDOPTERA,COLEOPHORIDAE,8/14/00,8/20/00,4
LEPIDOPTERA,COLEOPHORIDAE,8/2/00,8/3/00,5
LEPIDOPTERA,COLEOPHORIDAE,8/4/00,8/13/00,9
LEPIDOPTERA,COSMOPTERIGIDAE,6/16/00,6/21/00,1
LEPIDOPTERA,DREPANIDAE,5/11/00,5/16/00,3
LEPIDOPTERA,DREPANIDAE,5/4/00,5/10/00,1
LEPIDOPTERA,DREPANIDAE,7/12/00,7/18/00,1
LEPIDOPTERA,DREPANIDAE,7/21/00,7/24/00,2
LEPIDOPTERA,DREPANIDAE,8/4/00,8/13/00,1
LEPIDOPTERA,ETHMIIDAE,7/28/00,7/30/00,1
LEPIDOPTERA,GELECHIIDAE,5/11/00,5/16/00,3
LEPIDOPTERA,GELECHIIDAE,5/17/00,6/8/00,3
LEPIDOPTERA,GELECHIIDAE,6/13/00,6/15/00,2
LEPIDOPTERA,GELECHIIDAE,6/16/00,6/21/00,15
LEPIDOPTERA,GELECHIIDAE,6/22/00,6/27/00,10
LEPIDOPTERA,GELECHIIDAE,6/28/00,7/2/00,5
LEPIDOPTERA,GELECHIIDAE,6/9/00,6/12/00,5
LEPIDOPTERA,GELECHIIDAE,7/12/00,7/18/00,9
LEPIDOPTERA,GELECHIIDAE,7/19/00,7/20/00,7
LEPIDOPTERA,GELECHIIDAE,7/21/00,7/24/00,10
LEPIDOPTERA,GELECHIIDAE,7/25/00,7/27/00,14
LEPIDOPTERA,GELECHIIDAE,7/28/00,7/30/00,6
LEPIDOPTERA,GELECHIIDAE,7/3/00,7/6/00,7
LEPIDOPTERA,GELECHIIDAE,7/31/00,8/1/00,3
LEPIDOPTERA,GELECHIIDAE,7/7/00,7/11/00,2
LEPIDOPTERA,GELECHIIDAE,8/14/00,8/20/00,14
LEPIDOPTERA,GELECHIIDAE,8/2/00,8/3/00,4
LEPIDOPTERA,GELECHIIDAE,8/21/00,8/24/00,5
LEPIDOPTERA,GELECHIIDAE,8/25/00,8/28/00,3
LEPIDOPTERA,GELECHIIDAE,8/29/00,8/31/00,1
LEPIDOPTERA,GELECHIIDAE,8/4/00,8/13/00,9
LEPIDOPTERA,GELECHIIDAE,9/1/00,9/26/00,1
LEPIDOPTERA,GEOMETRIDAE,10/17/00,10/31/00,2
LEPIDOPTERA,GEOMETRIDAE,10/6/00,10/16/00,1
LEPIDOPTERA,GEOMETRIDAE,11/1/00,11/22/00,1
LEPIDOPTERA,GEOMETRIDAE,4/25/00,5/3/00,3
LEPIDOPTERA,GEOMETRIDAE,5/11/00,5/16/00,16
LEPIDOPTERA,GEOMETRIDAE,5/17/00,6/8/00,27
LEPIDOPTERA,GEOMETRIDAE,5/4/00,5/10/00,4
LEPIDOPTERA,GEOMETRIDAE,6/13/00,6/15/00,16
LEPIDOPTERA,GEOMETRIDAE,6/16/00,6/21/00,44
LEPIDOPTERA,GEOMETRIDAE,6/22/00,6/27/00,21
LEPIDOPTERA,GEOMETRIDAE,6/28/00,7/2/00,41
LEPIDOPTERA,GEOMETRIDAE,6/9/00,6/12/00,10
LEPIDOPTERA,GEOMETRIDAE,7/12/00,7/18/00,55
LEPIDOPTERA,GEOMETRIDAE,7/19/00,7/20/00,4
LEPIDOPTERA,GEOMETRIDAE,7/21/00,7/24/00,48
LEPIDOPTERA,GEOMETRIDAE,7/25/00,7/27/00,39
LEPIDOPTERA,GEOMETRIDAE,7/28/00,7/30/00,20
LEPIDOPTERA,GEOMETRIDAE,7/3/00,7/6/00,33
LEPIDOPTERA,GEOMETRIDAE,7/31/00,8/1/00,7
LEPIDOPTERA,GEOMETRIDAE,7/7/00,7/11/00,15
LEPIDOPTERA,GEOMETRIDAE,8/14/00,8/20/00,17
LEPIDOPTERA,GEOMETRIDAE,8/2/00,8/3/00,20
LEPIDOPTERA,GEOMETRIDAE,8/21/00,8/24/00,5
LEPIDOPTERA,GEOMETRIDAE,8/25/00,8/28/00,5
LEPIDOPTERA,GEOMETRIDAE,8/29/00,8/31/00,9
LEPIDOPTERA,GEOMETRIDAE,8/4/00,8/13/00,55
LEPIDOPTERA,GEOMETRIDAE,9/1/00,9/26/00,5
LEPIDOPTERA,GEOMETRIDAE,9/27/00,10/5/00,2
LEPIDOPTERA,GLYPHIPTERIGIDAE,6/16/00,6/21/00,1
LEPIDOPTERA,GLYPHIPTERIGIDAE,6/9/00,6/12/00,1
LEPIDOPTERA,GRACILLARIIDAE,10/6/00,10/16/00,1
LEPIDOPTERA,GRACILLARIIDAE,11/1/00,11/22/00,1
LEPIDOPTERA,GRACILLARIIDAE,4/25/00,5/3/00,1
LEPIDOPTERA,GRACILLARIIDAE,5/11/00,5/16/00,32
LEPIDOPTERA,GRACILLARIIDAE,5/17/00,6/8/00,19
LEPIDOPTERA,GRACILLARIIDAE,5/4/00,5/10/00,2
LEPIDOPTERA,GRACILLARIIDAE,6/13/00,6/15/00,17
LEPIDOPTERA,GRACILLARIIDAE,6/16/00,6/21/00,21
LEPIDOPTERA,GRACILLARIIDAE,6/22/00,6/27/00,3
LEPIDOPTERA,GRACILLARIIDAE,6/28/00,7/2/00,12
LEPIDOPTERA,GRACILLARIIDAE,6/9/00,6/12/00,6
LEPIDOPTERA,GRACILLARIIDAE,7/12/00,7/18/00,12
LEPIDOPTERA,GRACILLARIIDAE,7/19/00,7/20/00,5
LEPIDOPTERA,GRACILLARIIDAE,7/21/00,7/24/00,20
LEPIDOPTERA,GRACILLARIIDAE,7/25/00,7/27/00,17
LEPIDOPTERA,GRACILLARIIDAE,7/28/00,7/30/00,11
LEPIDOPTERA,GRACILLARIIDAE,7/3/00,7/6/00,10
LEPIDOPTERA,GRACILLARIIDAE,7/31/00,8/1/00,10
LEPIDOPTERA,GRACILLARIIDAE,7/7/00,7/11/00,4
LEPIDOPTERA,GRACILLARIIDAE,8/14/00,8/20/00,41
LEPIDOPTERA,GRACILLARIIDAE,8/2/00,8/3/00,9
LEPIDOPTERA,GRACILLARIIDAE,8/21/00,8/24/00,33
LEPIDOPTERA,GRACILLARIIDAE,8/25/00,8/28/00,65
LEPIDOPTERA,GRACILLARIIDAE,8/29/00,8/31/00,52
LEPIDOPTERA,GRACILLARIIDAE,8/4/00,8/13/00,37
LEPIDOPTERA,GRACILLARIIDAE,9/1/00,9/26/00,53
LEPIDOPTERA,GRACILLARIIDAE,9/27/00,10/5/00,6
LEPIDOPTERA,HEPIALIDAE,5/11/00,5/16/00,1
LEPIDOPTERA,INCURVARIIDAE,5/11/00,5/16/00,1
LEPIDOPTERA,LYMANTRIIDAE,7/12/00,7/18/00,1
LEPIDOPTERA,LYONETIDAE,5/17/00,6/8/00,1
LEPIDOPTERA,LYONETIDAE,6/13/00,6/15/00,14
LEPIDOPTERA,LYONETIDAE,6/16/00,6/21/00,25
LEPIDOPTERA,LYONETIDAE,6/22/00,6/27/00,10
LEPIDOPTERA,LYONETIDAE,6/28/00,7/2/00,9
LEPIDOPTERA,LYONETIDAE,6/9/00,6/12/00,3
LEPIDOPTERA,LYONETIDAE,7/12/00,7/18/00,4
LEPIDOPTERA,LYONETIDAE,7/19/00,7/20/00,5
LEPIDOPTERA,LYONETIDAE,7/21/00,7/24/00,2
LEPIDOPTERA,LYONETIDAE,7/25/00,7/27/00,7
LEPIDOPTERA,LYONETIDAE,7/28/00,7/30/00,9
LEPIDOPTERA,LYONETIDAE,7/3/00,7/6/00,5
LEPIDOPTERA,LYONETIDAE,7/31/00,8/1/00,4
LEPIDOPTERA,LYONETIDAE,8/14/00,8/20/00,23
LEPIDOPTERA,LYONETIDAE,8/2/00,8/3/00,23
LEPIDOPTERA,LYONETIDAE,8/21/00,8/24/00,12
LEPIDOPTERA,LYONETIDAE,8/25/00,8/28/00,14
LEPIDOPTERA,LYONETIDAE,8/29/00,8/31/00,8
LEPIDOPTERA,LYONETIDAE,8/4/00,8/13/00,72
LEPIDOPTERA,LYONETIDAE,9/1/00,9/26/00,3
LEPIDOPTERA,LYONETIDAE,9/27/00,10/5/00,1
LEPIDOPTERA,MOMPHIDAE,5/11/00,5/16/00,2
LEPIDOPTERA,MOMPHIDAE,5/17/00,6/8/00,2
LEPIDOPTERA,MOMPHIDAE,6/13/00,6/15/00,2
LEPIDOPTERA,MOMPHIDAE,6/16/00,6/21/00,3
LEPIDOPTERA,MOMPHIDAE,6/28/00,7/2/00,1
LEPIDOPTERA,MOMPHIDAE,7/12/00,7/18/00,1
LEPIDOPTERA,MOMPHIDAE,7/19/00,7/20/00,1
LEPIDOPTERA,MOMPHIDAE,7/21/00,7/24/00,3
LEPIDOPTERA,MOMPHIDAE,7/25/00,7/27/00,1
LEPIDOPTERA,MOMPHIDAE,7/31/00,8/1/00,1
LEPIDOPTERA,MOMPHIDAE,8/14/00,8/20/00,1
LEPIDOPTERA,MOMPHIDAE,8/21/00,8/24/00,1
LEPIDOPTERA,MOMPHIDAE,8/25/00,8/28/00,2
LEPIDOPTERA,MOMPHIDAE,8/29/00,8/31/00,2
LEPIDOPTERA,MOMPHIDAE,8/4/00,8/13/00,1
LEPIDOPTERA,NEPTICULIDAE,5/11/00,5/16/00,27
LEPIDOPTERA,NEPTICULIDAE,5/17/00,6/8/00,2
LEPIDOPTERA,NEPTICULIDAE,5/4/00,5/10/00,8
LEPIDOPTERA,NEPTICULIDAE,6/16/00,6/21/00,4
LEPIDOPTERA,NEPTICULIDAE,6/9/00,6/12/00,1
LEPIDOPTERA,NEPTICULIDAE,7/12/00,7/18/00,2
LEPIDOPTERA,NEPTICULIDAE,7/21/00,7/24/00,1
LEPIDOPTERA,NEPTICULIDAE,7/25/00,7/27/00,2
LEPIDOPTERA,NEPTICULIDAE,7/28/00,7/30/00,2
LEPIDOPTERA,NEPTICULIDAE,7/3/00,7/6/00,2
LEPIDOPTERA,NEPTICULIDAE,8/14/00,8/20/00,4
LEPIDOPTERA,NEPTICULIDAE,8/2/00,8/3/00,2
LEPIDOPTERA,NEPTICULIDAE,8/21/00,8/24/00,1
LEPIDOPTERA,NEPTICULIDAE,8/25/00,8/28/00,1
LEPIDOPTERA,NEPTICULIDAE,8/29/00,8/31/00,3
LEPIDOPTERA,NEPTICULIDAE,8/4/00,8/13/00,1
LEPIDOPTERA,NOCTUIDAE,10/17/00,10/31/00,20
LEPIDOPTERA,NOCTUIDAE,10/6/00,10/16/00,50
LEPIDOPTERA,NOCTUIDAE,11/1/00,11/22/00,4
LEPIDOPTERA,NOCTUIDAE,4/25/00,5/3/00,21
LEPIDOPTERA,NOCTUIDAE,5/11/00,5/16/00,73
LEPIDOPTERA,NOCTUIDAE,5/17/00,6/8/00,291
LEPIDOPTERA,NOCTUIDAE,5/4/00,5/10/00,18
LEPIDOPTERA,NOCTUIDAE,6/13/00,6/15/00,74
LEPIDOPTERA,NOCTUIDAE,6/16/00,6/21/00,188
LEPIDOPTERA,NOCTUIDAE,6/22/00,6/27/00,232
LEPIDOPTERA,NOCTUIDAE,6/28/00,7/2/00,164
LEPIDOPTERA,NOCTUIDAE,6/9/00,6/12/00,104
LEPIDOPTERA,NOCTUIDAE,7/12/00,7/18/00,202
LEPIDOPTERA,NOCTUIDAE,7/19/00,7/20/00,61
LEPIDOPTERA,NOCTUIDAE,7/21/00,7/24/00,166
LEPIDOPTERA,NOCTUIDAE,7/25/00,7/27/00,141
LEPIDOPTERA,NOCTUIDAE,7/28/00,7/30/00,90
LEPIDOPTERA,NOCTUIDAE,7/3/00,7/6/00,122
LEPIDOPTERA,NOCTUIDAE,7/31/00,8/1/00,83
LEPIDOPTERA,NOCTUIDAE,7/7/00,7/11/00,98
LEPIDOPTERA,NOCTUIDAE,8/14/00,8/20/00,385
LEPIDOPTERA,NOCTUIDAE,8/2/00,8/3/00,112
LEPIDOPTERA,NOCTUIDAE,8/21/00,8/24/00,174
LEPIDOPTERA,NOCTUIDAE,8/25/00,8/28/00,117
LEPIDOPTERA,NOCTUIDAE,8/29/00,8/31/00,144
LEPIDOPTERA,NOCTUIDAE,8/4/00,8/13/00,459
LEPIDOPTERA,NOCTUIDAE,9/1/00,9/26/00,292
LEPIDOPTERA,NOCTUIDAE,9/27/00,10/5/00,88
LEPIDOPTERA,NOLIDAE,5/11/00,5/16/00,1
LEPIDOPTERA,NOLIDAE,5/17/00,6/8/00,5
LEPIDOPTERA,NOLIDAE,5/4/00,5/10/00,1
LEPIDOPTERA,NOLIDAE,6/13/00,6/15/00,2
LEPIDOPTERA,NOLIDAE,6/16/00,6/21/00,14
LEPIDOPTERA,NOLIDAE,6/22/00,6/27/00,3
LEPIDOPTERA,NOLIDAE,7/12/00,7/18/00,2
LEPIDOPTERA,NOLIDAE,7/19/00,7/20/00,1
LEPIDOPTERA,NOLIDAE,7/28/00,7/30/00,1
LEPIDOPTERA,NOLIDAE,7/3/00,7/6/00,2
LEPIDOPTERA,NOLIDAE,8/2/00,8/3/00,1
LEPIDOPTERA,NOTODONTIDAE,4/25/00,5/3/00,1
LEPIDOPTERA,NOTODONTIDAE,5/11/00,5/16/00,3
LEPIDOPTERA,NOTODONTIDAE,5/17/00,6/8/00,2
LEPIDOPTERA,NOTODONTIDAE,5/4/00,5/10/00,2
LEPIDOPTERA,NOTODONTIDAE,6/16/00,6/21/00,1
LEPIDOPTERA,NOTODONTIDAE,6/22/00,6/27/00,1
LEPIDOPTERA,NOTODONTIDAE,6/28/00,7/2/00,1
LEPIDOPTERA,NOTODONTIDAE,7/21/00,7/24/00,2
LEPIDOPTERA,NOTODONTIDAE,7/25/00,7/27/00,1
LEPIDOPTERA,NOTODONTIDAE,8/2/00,8/3/00,1
LEPIDOPTERA,NOTODONTIDAE,8/21/00,8/24/00,1
LEPIDOPTERA,NOTODONTIDAE,8/4/00,8/13/00,4
LEPIDOPTERA,OECOPHORIDAE,10/6/00,10/16/00,1
LEPIDOPTERA,OECOPHORIDAE,5/11/00,5/16/00,5
LEPIDOPTERA,OECOPHORIDAE,5/17/00,6/8/00,9
LEPIDOPTERA,OECOPHORIDAE,5/4/00,5/10/00,1
LEPIDOPTERA,OECOPHORIDAE,6/13/00,6/15/00,8
LEPIDOPTERA,OECOPHORIDAE,6/16/00,6/21/00,19
LEPIDOPTERA,OECOPHORIDAE,6/22/00,6/27/00,6
LEPIDOPTERA,OECOPHORIDAE,6/28/00,7/2/00,12
LEPIDOPTERA,OECOPHORIDAE,6/9/00,6/12/00,8
LEPIDOPTERA,OECOPHORIDAE,7/12/00,7/18/00,33
LEPIDOPTERA,OECOPHORIDAE,7/19/00,7/20/00,11
LEPIDOPTERA,OECOPHORIDAE,7/21/00,7/24/00,28
LEPIDOPTERA,OECOPHORIDAE,7/25/00,7/27/00,18
LEPIDOPTERA,OECOPHORIDAE,7/28/00,7/30/00,22
LEPIDOPTERA,OECOPHORIDAE,7/3/00,7/6/00,8
LEPIDOPTERA,OECOPHORIDAE,7/31/00,8/1/00,7
LEPIDOPTERA,OECOPHORIDAE,7/7/00,7/11/00,14
LEPIDOPTERA,OECOPHORIDAE,8/14/00,8/20/00,15
LEPIDOPTERA,OECOPHORIDAE,8/2/00,8/3/00,10
LEPIDOPTERA,OECOPHORIDAE,8/21/00,8/24/00,13
LEPIDOPTERA,OECOPHORIDAE,8/25/00,8/28/00,5
LEPIDOPTERA,OECOPHORIDAE,8/29/00,8/31/00,7
LEPIDOPTERA,OECOPHORIDAE,8/4/00,8/13/00,24
LEPIDOPTERA,OECOPHORIDAE,9/1/00,9/26/00,5
LEPIDOPTERA,OECOPHORIDAE,9/27/00,10/5/00,1
LEPIDOPTERA,PLUTELLIDAE,10/17/00,10/31/00,5
LEPIDOPTERA,PLUTELLIDAE,10/6/00,10/16/00,5
LEPIDOPTERA,PLUTELLIDAE,11/1/00,11/22/00,4
LEPIDOPTERA,PLUTELLIDAE,5/17/00,6/8/00,1
LEPIDOPTERA,PLUTELLIDAE,6/16/00,6/21/00,15
LEPIDOPTERA,PLUTELLIDAE,6/22/00,6/27/00,7
LEPIDOPTERA,PLUTELLIDAE,6/28/00,7/2/00,43
LEPIDOPTERA,PLUTELLIDAE,6/9/00,6/12/00,2
LEPIDOPTERA,PLUTELLIDAE,7/19/00,7/20/00,11
LEPIDOPTERA,PLUTELLIDAE,7/21/00,7/24/00,193
LEPIDOPTERA,PLUTELLIDAE,7/25/00,7/27/00,133
LEPIDOPTERA,PLUTELLIDAE,7/28/00,7/30/00,167
LEPIDOPTERA,PLUTELLIDAE,7/3/00,7/6/00,44
LEPIDOPTERA,PLUTELLIDAE,7/31/00,8/1/00,28
LEPIDOPTERA,PLUTELLIDAE,7/7/00,7/11/00,9
LEPIDOPTERA,PLUTELLIDAE,8/14/00,8/20/00,9
LEPIDOPTERA,PLUTELLIDAE,8/2/00,8/3/00,27
LEPIDOPTERA,PLUTELLIDAE,8/21/00,8/24/00,2
LEPIDOPTERA,PLUTELLIDAE,8/25/00,8/28/00,3
LEPIDOPTERA,PLUTELLIDAE,8/29/00,8/31/00,6
LEPIDOPTERA,PLUTELLIDAE,8/4/00,8/13/00,50
LEPIDOPTERA,PLUTELLIDAE,9/1/00,9/26/00,19
LEPIDOPTERA,PLUTELLIDAE,9/27/00,10/5/00,3
LEPIDOPTERA,PTEROPHORIDAE,7/12/00,7/18/00,1
LEPIDOPTERA,PTEROPHORIDAE,7/28/00,7/30/00,1
LEPIDOPTERA,PYRALIDAE,5/11/00,5/16/00,5
LEPIDOPTERA,PYRALIDAE,5/17/00,6/8/00,1
LEPIDOPTERA,PYRALIDAE,5/4/00,5/10/00,2
LEPIDOPTERA,PYRALIDAE,6/13/00,6/15/00,1
LEPIDOPTERA,PYRALIDAE,6/16/00,6/21/00,20
LEPIDOPTERA,PYRALIDAE,6/22/00,6/27/00,8
LEPIDOPTERA,PYRALIDAE,6/28/00,7/2/00,12
LEPIDOPTERA,PYRALIDAE,6/9/00,6/12/00,3
LEPIDOPTERA,PYRALIDAE,7/12/00,7/18/00,55
LEPIDOPTERA,PYRALIDAE,7/19/00,7/20/00,20
LEPIDOPTERA,PYRALIDAE,7/21/00,7/24/00,88
LEPIDOPTERA,PYRALIDAE,7/25/00,7/27/00,75
LEPIDOPTERA,PYRALIDAE,7/28/00,7/30/00,62
LEPIDOPTERA,PYRALIDAE,7/3/00,7/6/00,24
LEPIDOPTERA,PYRALIDAE,7/31/00,8/1/00,41
LEPIDOPTERA,PYRALIDAE,7/7/00,7/11/00,16
LEPIDOPTERA,PYRALIDAE,8/14/00,8/20/00,73
LEPIDOPTERA,PYRALIDAE,8/2/00,8/3/00,55
LEPIDOPTERA,PYRALIDAE,8/21/00,8/24/00,20
LEPIDOPTERA,PYRALIDAE,8/25/00,8/28/00,6
LEPIDOPTERA,PYRALIDAE,8/29/00,8/31/00,6
LEPIDOPTERA,PYRALIDAE,8/4/00,8/13/00,149
LEPIDOPTERA,PYRALIDAE,9/1/00,9/26/00,10
LEPIDOPTERA,SPHINGIDAE,5/11/00,5/16/00,1
LEPIDOPTERA,SPHINGIDAE,5/17/00,6/8/00,3
LEPIDOPTERA,SPHINGIDAE,6/13/00,6/15/00,1
LEPIDOPTERA,SPHINGIDAE,6/16/00,6/21/00,1
LEPIDOPTERA,SPHINGIDAE,7/19/00,7/20/00,2
LEPIDOPTERA,SPHINGIDAE,7/21/00,7/24/00,1
LEPIDOPTERA,SPHINGIDAE,8/4/00,8/13/00,1
LEPIDOPTERA,TINEIDAE,5/11/00,5/16/00,2
LEPIDOPTERA,TINEIDAE,5/17/00,6/8/00,8
LEPIDOPTERA,TINEIDAE,6/13/00,6/15/00,1
LEPIDOPTERA,TINEIDAE,6/16/00,6/21/00,9
LEPIDOPTERA,TINEIDAE,6/9/00,6/12/00,1
LEPIDOPTERA,TINEIDAE,7/12/00,7/18/00,2
LEPIDOPTERA,TINEIDAE,7/25/00,7/27/00,1
LEPIDOPTERA,TINEIDAE,7/28/00,7/30/00,1
LEPIDOPTERA,TINEIDAE,7/3/00,7/6/00,8
LEPIDOPTERA,TINEIDAE,7/31/00,8/1/00,1
LEPIDOPTERA,TINEIDAE,8/25/00,8/28/00,1
LEPIDOPTERA,TINEIDAE,8/29/00,8/31/00,1
LEPIDOPTERA,TINEIDAE,8/4/00,8/13/00,2
LEPIDOPTERA,TORTRICIDAE,10/17/00,10/31/00,5
LEPIDOPTERA,TORTRICIDAE,10/6/00,10/16/00,6
LEPIDOPTERA,TORTRICIDAE,11/1/00,11/22/00,1
LEPIDOPTERA,TORTRICIDAE,5/11/00,5/16/00,10
LEPIDOPTERA,TORTRICIDAE,5/17/00,6/8/00,22
LEPIDOPTERA,TORTRICIDAE,6/13/00,6/15/00,27
LEPIDOPTERA,TORTRICIDAE,6/16/00,6/21/00,226
LEPIDOPTERA,TORTRICIDAE,6/22/00,6/27/00,66
LEPIDOPTERA,TORTRICIDAE,6/28/00,7/2/00,110
LEPIDOPTERA,TORTRICIDAE,6/9/00,6/12/00,24
LEPIDOPTERA,TORTRICIDAE,7/12/00,7/18/00,148
LEPIDOPTERA,TORTRICIDAE,7/19/00,7/20/00,40
LEPIDOPTERA,TORTRICIDAE,7/21/00,7/24/00,179
LEPIDOPTERA,TORTRICIDAE,7/25/00,7/27/00,125
LEPIDOPTERA,TORTRICIDAE,7/28/00,7/30/00,117
LEPIDOPTERA,TORTRICIDAE,7/3/00,7/6/00,122
LEPIDOPTERA,TORTRICIDAE,7/31/00,8/1/00,31
LEPIDOPTERA,TORTRICIDAE,7/7/00,7/11/00,48
LEPIDOPTERA,TORTRICIDAE,8/14/00,8/20/00,59
LEPIDOPTERA,TORTRICIDAE,8/2/00,8/3/00,41
LEPIDOPTERA,TORTRICIDAE,8/21/00,8/24/00,14
LEPIDOPTERA,TORTRICIDAE,8/25/00,8/28/00,17
LEPIDOPTERA,TORTRICIDAE,8/29/00,8/31/00,10
LEPIDOPTERA,TORTRICIDAE,8/4/00,8/13/00,78
LEPIDOPTERA,TORTRICIDAE,9/1/00,9/26/00,17
LEPIDOPTERA,TORTRICIDAE,9/27/00,10/5/00,6
LEPIDOPTERA,YPONOMEUTIDAE,10/6/00,10/16/00,1
LEPIDOPTERA,YPONOMEUTIDAE,4/25/00,5/3/00,1
LEPIDOPTERA,YPONOMEUTIDAE,5/11/00,5/16/00,8
LEPIDOPTERA,YPONOMEUTIDAE,5/17/00,6/8/00,7
LEPIDOPTERA,YPONOMEUTIDAE,5/4/00,5/10/00,2
LEPIDOPTERA,YPONOMEUTIDAE,6/13/00,6/15/00,1
LEPIDOPTERA,YPONOMEUTIDAE,6/16/00,6/21/00,31
LEPIDOPTERA,YPONOMEUTIDAE,6/22/00,6/27/00,2
LEPIDOPTERA,YPONOMEUTIDAE,6/28/00,7/2/00,58
LEPIDOPTERA,YPONOMEUTIDAE,6/9/00,6/12/00,1
LEPIDOPTERA,YPONOMEUTIDAE,7/12/00,7/18/00,423
LEPIDOPTERA,YPONOMEUTIDAE,7/19/00,7/20/00,48
LEPIDOPTERA,YPONOMEUTIDAE,7/21/00,7/24/00,3118
LEPIDOPTERA,YPONOMEUTIDAE,7/25/00,7/27/00,976
LEPIDOPTERA,YPONOMEUTIDAE,7/28/00,7/30/00,652
LEPIDOPTERA,YPONOMEUTIDAE,7/3/00,7/6/00,160
LEPIDOPTERA,YPONOMEUTIDAE,7/31/00,8/1/00,87
LEPIDOPTERA,YPONOMEUTIDAE,7/7/00,7/11/00,37
LEPIDOPTERA,YPONOMEUTIDAE,8/14/00,8/20/00,21
LEPIDOPTERA,YPONOMEUTIDAE,8/2/00,8/3/00,70
LEPIDOPTERA,YPONOMEUTIDAE,8/21/00,8/24/00,2
LEPIDOPTERA,YPONOMEUTIDAE,8/25/00,8/28/00,11
LEPIDOPTERA,YPONOMEUTIDAE,8/29/00,8/31/00,6
LEPIDOPTERA,YPONOMEUTIDAE,8/4/00,8/13/00,86
LEPIDOPTERA,YPONOMEUTIDAE,9/1/00,9/26/00,6
LEPIDOPTERA,YPONOMEUTIDAE,9/27/00,10/5/00,1
