order,family,date1,date2,individuals
COLEOPTERA,ADERIDAE,8/17/01,8/26/01,1
COLEOPTERA,ANOBIIDAE,5/22/01,5/31/01,3
COLEOPTERA,ANOBIIDAE,6/1/01,6/7/01,1
COLEOPTERA,ANOBIIDAE,6/15/01,6/19/01,2
COLEOPTERA,ANOBIIDAE,6/20/01,6/24/01,3
COLEOPTERA,ANOBIIDAE,6/8/01,6/14/01,2
COLEOPTERA,ANOBIIDAE,7/20/01,7/23/01,1
COLEOPTERA,ANOBIIDAE,7/26/01,7/29/01,2
COLEOPTERA,ANTHICIDAE,8/14/01,8/16/01,1
COLEOPTERA,CANTHARIDAE,5/10/01,5/21/01,1
COLEOPTERA,CANTHARIDAE,5/22/01,5/31/01,8
COLEOPTERA,CANTHARIDAE,6/15/01,6/19/01,1
COLEOPTERA,CANTHARIDAE,6/20/01,6/24/01,1
COLEOPTERA,CANTHARIDAE,6/25/01,6/27/01,3
COLEOPTERA,CANTHARIDAE,6/28/01,7/1/01,1
COLEOPTERA,CANTHARIDAE,7/13/01,7/16/01,1
COLEOPTERA,CANTHARIDAE,7/17/01,7/19/01,2
COLEOPTERA,CANTHARIDAE,7/20/01,7/23/01,5
COLEOPTERA,CANTHARIDAE,7/24/01,7/25/01,4
COLEOPTERA,CANTHARIDAE,7/26/01,7/29/01,6
COLEOPTERA,CANTHARIDAE,7/4/01,7/8/01,22
COLEOPTERA,CARABIDAE,6/25/01,6/27/01,9
COLEOPTERA,CARABIDAE,6/28/01,7/1/01,6
COLEOPTERA,CARABIDAE,7/20/01,7/23/01,108
COLEOPTERA,CARABIDAE,7/24/01,7/25/01,33
COLEOPTERA,CARABIDAE,7/26/01,7/29/01,83
COLEOPTERA,CARABIDAE,7/30/01,8/2/01,3
COLEOPTERA,CARABIDAE,7/4/01,7/8/01,41
COLEOPTERA,CARABIDAE,7/9/01,7/12/01,1
COLEOPTERA,CARABIDAE,8/10/01,8/13/01,43
COLEOPTERA,CARABIDAE,8/14/01,8/16/01,460
COLEOPTERA,CARABIDAE,8/17/01,8/26/01,362
COLEOPTERA,CARABIDAE,8/27/01,9/2/01,19
COLEOPTERA,CARABIDAE,8/3/01,8/6/01,3
COLEOPTERA,CARABIDAE,8/7/01,8/9/01,2
COLEOPTERA,CARABIDAE,9/19/01,9/25/01,1
COLEOPTERA,CARABIDAE,9/3/01,9/18/01,2
COLEOPTERA,CHRYSOMELIDAE,5/22/01,5/31/01,1
COLEOPTERA,CHRYSOMELIDAE,8/10/01,8/13/01,1
COLEOPTERA,CLERIDAE,8/14/01,8/16/01,1
COLEOPTERA,COCCINELLIDAE,10/6/01,10/16/01,8
COLEOPTERA,COCCINELLIDAE,5/10/01,5/21/01,2
COLEOPTERA,COCCINELLIDAE,6/15/01,6/19/01,4
COLEOPTERA,COCCINELLIDAE,6/20/01,6/24/01,4
COLEOPTERA,COCCINELLIDAE,6/25/01,6/27/01,17
COLEOPTERA,COCCINELLIDAE,6/28/01,7/1/01,6
COLEOPTERA,COCCINELLIDAE,7/13/01,7/16/01,1
COLEOPTERA,COCCINELLIDAE,7/2/01,7/3/01,6
COLEOPTERA,COCCINELLIDAE,7/20/01,7/23/01,12
COLEOPTERA,COCCINELLIDAE,7/24/01,7/25/01,7
COLEOPTERA,COCCINELLIDAE,7/26/01,7/29/01,13
COLEOPTERA,COCCINELLIDAE,7/30/01,8/2/01,3
COLEOPTERA,COCCINELLIDAE,7/4/01,7/8/01,20
COLEOPTERA,COCCINELLIDAE,7/9/01,7/12/01,3
COLEOPTERA,COCCINELLIDAE,8/14/01,8/16/01,15
COLEOPTERA,COCCINELLIDAE,8/17/01,8/26/01,6
COLEOPTERA,COCCINELLIDAE,8/27/01,9/2/01,3
COLEOPTERA,COCCINELLIDAE,8/3/01,8/6/01,1
COLEOPTERA,COCCINELLIDAE,9/28/01,10/5/01,3
COLEOPTERA,COCCINELLIDAE,9/3/01,9/18/01,1
COLEOPTERA,COLYDIIDAE,7/20/01,7/23/01,1
COLEOPTERA,COLYDIIDAE,7/4/01,7/8/01,2
COLEOPTERA,CORTICARIIDAE,7/26/01,7/29/01,1
COLEOPTERA,CORTICARIIDAE,8/14/01,8/16/01,2
COLEOPTERA,CORTICARIIDAE,8/17/01,8/26/01,1
COLEOPTERA,CORTICARIIDAE,8/27/01,9/2/01,1
COLEOPTERA,CRYPTOPHAGIDAE,7/2/01,7/3/01,1
COLEOPTERA,CRYPTOPHAGIDAE,7/20/01,7/23/01,5
COLEOPTERA,CRYPTOPHAGIDAE,7/24/01,7/25/01,1
COLEOPTERA,CRYPTOPHAGIDAE,7/26/01,7/29/01,3
COLEOPTERA,CRYPTOPHAGIDAE,7/4/01,7/8/01,7
COLEOPTERA,CRYPTOPHAGIDAE,8/10/01,8/13/01,3
COLEOPTERA,CRYPTOPHAGIDAE,8/14/01,8/16/01,9
COLEOPTERA,CRYPTOPHAGIDAE,8/17/01,8/26/01,5
COLEOPTERA,CRYPTOPHAGIDAE,8/27/01,9/2/01,1
COLEOPTERA,CRYPTOPHAGIDAE,8/3/01,8/6/01,1
COLEOPTERA,CRYPTOPHAGIDAE,8/7/01,8/9/01,1
COLEOPTERA,CRYPTOPHAGIDAE,9/19/01,9/25/01,1
COLEOPTERA,CURCULIONIDAE,5/10/01,5/21/01,2
COLEOPTERA,CURCULIONIDAE,6/28/01,7/1/01,1
COLEOPTERA,CURCULIONIDAE,7/17/01,7/19/01,1
COLEOPTERA,CURCULIONIDAE,7/2/01,7/3/01,1
COLEOPTERA,CURCULIONIDAE,7/20/01,7/23/01,1
COLEOPTERA,CURCULIONIDAE,7/24/01,7/25/01,4
COLEOPTERA,CURCULIONIDAE,7/26/01,7/29/01,4
COLEOPTERA,CURCULIONIDAE,7/4/01,7/8/01,2
COLEOPTERA,CURCULIONIDAE,8/14/01,8/16/01,4
COLEOPTERA,CURCULIONIDAE,8/17/01,8/26/01,1
COLEOPTERA,DERMESTIDAE,10/6/01,10/16/01,1
COLEOPTERA,DERMESTIDAE,4/26/01,5/9/01,2
COLEOPTERA,DERMESTIDAE,5/10/01,5/21/01,4
COLEOPTERA,DERMESTIDAE,6/15/01,6/19/01,1
COLEOPTERA,DERMESTIDAE,6/20/01,6/24/01,3
COLEOPTERA,DERMESTIDAE,6/25/01,6/27/01,3
COLEOPTERA,DERMESTIDAE,6/28/01,7/1/01,4
COLEOPTERA,DERMESTIDAE,6/8/01,6/14/01,1
COLEOPTERA,DERMESTIDAE,7/17/01,7/19/01,1
COLEOPTERA,DERMESTIDAE,7/2/01,7/3/01,1
COLEOPTERA,DERMESTIDAE,7/20/01,7/23/01,5
COLEOPTERA,DERMESTIDAE,7/24/01,7/25/01,1
COLEOPTERA,DERMESTIDAE,7/26/01,7/29/01,4
COLEOPTERA,DERMESTIDAE,8/10/01,8/13/01,1
COLEOPTERA,DERMESTIDAE,8/14/01,8/16/01,10
COLEOPTERA,DERMESTIDAE,8/17/01,8/26/01,7
COLEOPTERA,DERMESTIDAE,8/7/01,8/9/01,1
COLEOPTERA,DERMESTIDAE,9/19/01,9/25/01,1
COLEOPTERA,DERMESTIDAE,9/28/01,10/5/01,1
COLEOPTERA,DYTISCIDAE,5/10/01,5/21/01,1
COLEOPTERA,DYTISCIDAE,7/20/01,7/23/01,2
COLEOPTERA,DYTISCIDAE,7/4/01,7/8/01,1
COLEOPTERA,DYTISCIDAE,8/14/01,8/16/01,1
COLEOPTERA,DYTISCIDAE,8/27/01,9/2/01,1
COLEOPTERA,ELATERIDAE,6/25/01,6/27/01,1
COLEOPTERA,ELATERIDAE,6/28/01,7/1/01,1
COLEOPTERA,ELATERIDAE,7/20/01,7/23/01,2
COLEOPTERA,ELATERIDAE,7/24/01,7/25/01,2
COLEOPTERA,ELATERIDAE,7/4/01,7/8/01,1
COLEOPTERA,EROTYLIDAE,7/4/01,7/8/01,1
COLEOPTERA,GYRINIDAE,7/20/01,7/23/01,1
COLEOPTERA,HELOPHORIDAE,7/26/01,7/29/01,1
COLEOPTERA,HELOPHORIDAE,7/4/01,7/8/01,2
COLEOPTERA,HETEROCERIDAE,6/28/01,7/1/01,1
COLEOPTERA,HETEROCERIDAE,7/17/01,7/19/01,1
COLEOPTERA,HETEROCERIDAE,7/2/01,7/3/01,1
COLEOPTERA,HETEROCERIDAE,7/20/01,7/23/01,3
COLEOPTERA,HETEROCERIDAE,7/26/01,7/29/01,1
COLEOPTERA,HETEROCERIDAE,7/4/01,7/8/01,44
COLEOPTERA,HETEROCERIDAE,8/14/01,8/16/01,1
COLEOPTERA,HYDROPHILIDAE,7/17/01,7/19/01,1
COLEOPTERA,HYDROPHILIDAE,7/2/01,7/3/01,1
COLEOPTERA,HYDROPHILIDAE,7/20/01,7/23/01,23
COLEOPTERA,HYDROPHILIDAE,7/24/01,7/25/01,2
COLEOPTERA,HYDROPHILIDAE,7/26/01,7/29/01,3
COLEOPTERA,HYDROPHILIDAE,7/4/01,7/8/01,33
COLEOPTERA,HYDROPHILIDAE,8/10/01,8/13/01,2
COLEOPTERA,HYDROPHILIDAE,8/14/01,8/16/01,10
COLEOPTERA,HYDROPHILIDAE,8/17/01,8/26/01,5
COLEOPTERA,HYDROPHILIDAE,8/3/01,8/6/01,2
COLEOPTERA,HYDROPHILIDAE,9/3/01,9/18/01,1
COLEOPTERA,LEIODIDAE,10/6/01,10/16/01,1
COLEOPTERA,MELYRIDAE,5/22/01,5/31/01,2
COLEOPTERA,MELYRIDAE,6/20/01,6/24/01,1
COLEOPTERA,MELYRIDAE,6/25/01,6/27/01,1
COLEOPTERA,MELYRIDAE,7/9/01,7/12/01,1
COLEOPTERA,MONOTOMIDAE,8/14/01,8/16/01,1
COLEOPTERA,MONOTOMIDAE,8/17/01,8/26/01,4
COLEOPTERA,MYCETOPHAGIDAE,8/14/01,8/16/01,1
COLEOPTERA,NITIDULIDAE,6/28/01,7/1/01,2
COLEOPTERA,NITIDULIDAE,7/24/01,7/25/01,1
COLEOPTERA,NITIDULIDAE,8/17/01,8/26/01,2
COLEOPTERA,SCARABAEIDAE,5/10/01,5/21/01,1
COLEOPTERA,SCARABAEIDAE,6/1/01,6/7/01,2
COLEOPTERA,SCARABAEIDAE,6/15/01,6/19/01,2
COLEOPTERA,SCARABAEIDAE,6/20/01,6/24/01,6
COLEOPTERA,SCARABAEIDAE,6/25/01,6/27/01,5
COLEOPTERA,SCARABAEIDAE,6/28/01,7/1/01,1
COLEOPTERA,SCARABAEIDAE,7/13/01,7/16/01,1
COLEOPTERA,SCARABAEIDAE,7/17/01,7/19/01,1
COLEOPTERA,SCARABAEIDAE,7/20/01,7/23/01,1
COLEOPTERA,SCARABAEIDAE,7/24/01,7/25/01,2
COLEOPTERA,SCARABAEIDAE,7/26/01,7/29/01,1
COLEOPTERA,SCARABAEIDAE,7/4/01,7/8/01,9
COLEOPTERA,SCARABAEIDAE,8/14/01,8/16/01,1
COLEOPTERA,SCARABAEIDAE,8/17/01,8/26/01,1
COLEOPTERA,SCARABAEIDAE,8/3/01,8/6/01,1
COLEOPTERA,SCARABAEIDAE,8/7/01,8/9/01,1
COLEOPTERA,SCARABAEIDAE,9/3/01,9/18/01,1
COLEOPTERA,SCIRTIDAE,5/10/01,5/21/01,1
COLEOPTERA,SCIRTIDAE,6/15/01,6/19/01,2
COLEOPTERA,SCIRTIDAE,6/25/01,6/27/01,1
COLEOPTERA,SCIRTIDAE,7/20/01,7/23/01,2
COLEOPTERA,SCIRTIDAE,7/24/01,7/25/01,4
COLEOPTERA,SCIRTIDAE,7/26/01,7/29/01,1
COLEOPTERA,SCIRTIDAE,7/4/01,7/8/01,1
COLEOPTERA,SCIRTIDAE,7/9/01,7/12/01,3
COLEOPTERA,SCRAPTIIDAE,6/1/01,6/7/01,3
COLEOPTERA,SCRAPTIIDAE,6/15/01,6/19/01,1
COLEOPTERA,SCRAPTIIDAE,6/25/01,6/27/01,1
COLEOPTERA,SCRAPTIIDAE,6/8/01,6/14/01,2
COLEOPTERA,SILPHIDAE,4/26/01,5/9/01,2
COLEOPTERA,SILPHIDAE,5/10/01,5/21/01,6
COLEOPTERA,SILPHIDAE,6/15/01,6/19/01,2
COLEOPTERA,SILPHIDAE,6/28/01,7/1/01,1
COLEOPTERA,SILPHIDAE,7/13/01,7/16/01,1
COLEOPTERA,SILPHIDAE,7/2/01,7/3/01,1
COLEOPTERA,SILPHIDAE,7/20/01,7/23/01,1
COLEOPTERA,SILPHIDAE,7/26/01,7/29/01,1
COLEOPTERA,SILPHIDAE,8/14/01,8/16/01,2
COLEOPTERA,SILPHIDAE,8/17/01,8/26/01,1
COLEOPTERA,STAPHYLINIDAE,10/6/01,10/16/01,2
COLEOPTERA,STAPHYLINIDAE,5/10/01,5/21/01,1
COLEOPTERA,STAPHYLINIDAE,5/22/01,5/31/01,1
COLEOPTERA,STAPHYLINIDAE,6/25/01,6/27/01,1
COLEOPTERA,STAPHYLINIDAE,6/28/01,7/1/01,2
COLEOPTERA,STAPHYLINIDAE,7/17/01,7/19/01,1
COLEOPTERA,STAPHYLINIDAE,7/20/01,7/23/01,19
COLEOPTERA,STAPHYLINIDAE,7/24/01,7/25/01,8
COLEOPTERA,STAPHYLINIDAE,7/26/01,7/29/01,7
COLEOPTERA,STAPHYLINIDAE,7/30/01,8/2/01,3
COLEOPTERA,STAPHYLINIDAE,7/4/01,7/8/01,250
COLEOPTERA,STAPHYLINIDAE,7/9/01,7/12/01,2
COLEOPTERA,STAPHYLINIDAE,8/14/01,8/16/01,17
COLEOPTERA,STAPHYLINIDAE,8/17/01,8/26/01,7
COLEOPTERA,STAPHYLINIDAE,8/27/01,9/2/01,1
COLEOPTERA,STAPHYLINIDAE,8/3/01,8/6/01,2
COLEOPTERA,STAPHYLINIDAE,9/3/01,9/18/01,2
COLEOPTERA,TENEBRIONIDAE,6/28/01,7/1/01,1
COLEOPTERA,TENEBRIONIDAE,7/13/01,7/16/01,11
COLEOPTERA,TENEBRIONIDAE,7/2/01,7/3/01,2
COLEOPTERA,TENEBRIONIDAE,7/20/01,7/23/01,121
COLEOPTERA,TENEBRIONIDAE,7/24/01,7/25/01,23
COLEOPTERA,TENEBRIONIDAE,7/26/01,7/29/01,13
COLEOPTERA,TENEBRIONIDAE,7/4/01,7/8/01,105
COLEOPTERA,TENEBRIONIDAE,7/9/01,7/12/01,22
COLEOPTERA,TENEBRIONIDAE,8/14/01,8/16/01,2
COLEOPTERA,THROSCIDAE,7/26/01,7/29/01,1
COLEOPTERA,THROSCIDAE,8/10/01,8/13/01,1
COLEOPTERA,THROSCIDAE,8/14/01,8/16/01,8
COLEOPTERA,THROSCIDAE,8/17/01,8/26/01,5
COLEOPTERA,THROSCIDAE,8/3/01,8/6/01,1
LEPIDOPTERA,ADELIDAE,5/10/01,5/21/01,2
LEPIDOPTERA,ADELIDAE,5/22/01,5/31/01,1
LEPIDOPTERA,ADELIDAE,6/25/01,6/27/01,2
LEPIDOPTERA,AGONOXENIDAE,6/20/01,6/24/01,2
LEPIDOPTERA,AGONOXENIDAE,6/25/01,6/27/01,5
LEPIDOPTERA,AGONOXENIDAE,6/28/01,7/1/01,5
LEPIDOPTERA,AGONOXENIDAE,7/2/01,7/3/01,3
LEPIDOPTERA,AGONOXENIDAE,7/20/01,7/23/01,1
LEPIDOPTERA,AGONOXENIDAE,7/26/01,7/29/01,1
LEPIDOPTERA,AGONOXENIDAE,7/4/01,7/8/01,2
LEPIDOPTERA,AGONOXENIDAE,8/10/01,8/13/01,1
LEPIDOPTERA,AGONOXENIDAE,8/14/01,8/16/01,1
LEPIDOPTERA,ARCTIIDAE,5/22/01,5/31/01,1
LEPIDOPTERA,ARCTIIDAE,8/3/01,8/6/01,1
LEPIDOPTERA,AUTOSTICHIDAE,7/30/01,8/2/01,1
LEPIDOPTERA,BATRACHEDRIDAE,6/28/01,7/1/01,1
LEPIDOPTERA,BATRACHEDRIDAE,7/17/01,7/19/01,1
LEPIDOPTERA,BATRACHEDRIDAE,7/2/01,7/3/01,1
LEPIDOPTERA,BATRACHEDRIDAE,7/20/01,7/23/01,6
LEPIDOPTERA,BATRACHEDRIDAE,7/24/01,7/25/01,4
LEPIDOPTERA,BATRACHEDRIDAE,7/26/01,7/29/01,5
LEPIDOPTERA,BATRACHEDRIDAE,7/30/01,8/2/01,2
LEPIDOPTERA,BATRACHEDRIDAE,7/4/01,7/8/01,2
LEPIDOPTERA,BATRACHEDRIDAE,7/9/01,7/12/01,1
LEPIDOPTERA,BATRACHEDRIDAE,8/10/01,8/13/01,3
LEPIDOPTERA,BATRACHEDRIDAE,8/14/01,8/16/01,18
LEPIDOPTERA,BATRACHEDRIDAE,8/17/01,8/26/01,2
LEPIDOPTERA,BATRACHEDRIDAE,8/27/01,9/2/01,1
LEPIDOPTERA,BATRACHEDRIDAE,8/3/01,8/6/01,2
LEPIDOPTERA,BATRACHEDRIDAE,8/7/01,8/9/01,3
LEPIDOPTERA,BUCCULATRICIDAE,5/10/01,5/21/01,1
LEPIDOPTERA,BUCCULATRICIDAE,5/22/01,5/31/01,1
LEPIDOPTERA,BUCCULATRICIDAE,6/20/01,6/24/01,2
LEPIDOPTERA,BUCCULATRICIDAE,6/28/01,7/1/01,1
LEPIDOPTERA,BUCCULATRICIDAE,7/2/01,7/3/01,1
LEPIDOPTERA,BUCCULATRICIDAE,7/24/01,7/25/01,1
LEPIDOPTERA,BUCCULATRICIDAE,7/26/01,7/29/01,2
LEPIDOPTERA,BUCCULATRICIDAE,7/30/01,8/2/01,1
LEPIDOPTERA,BUCCULATRICIDAE,8/14/01,8/16/01,9
LEPIDOPTERA,BUCCULATRICIDAE,8/17/01,8/26/01,2
LEPIDOPTERA,COLEOPHORIDAE,6/15/01,6/19/01,11
LEPIDOPTERA,COLEOPHORIDAE,6/20/01,6/24/01,34
LEPIDOPTERA,COLEOPHORIDAE,6/25/01,6/27/01,18
LEPIDOPTERA,COLEOPHORIDAE,6/28/01,7/1/01,6
LEPIDOPTERA,COLEOPHORIDAE,7/13/01,7/16/01,16
LEPIDOPTERA,COLEOPHORIDAE,7/17/01,7/19/01,17
LEPIDOPTERA,COLEOPHORIDAE,7/2/01,7/3/01,5
LEPIDOPTERA,COLEOPHORIDAE,7/20/01,7/23/01,47
LEPIDOPTERA,COLEOPHORIDAE,7/24/01,7/25/01,36
LEPIDOPTERA,COLEOPHORIDAE,7/26/01,7/29/01,40
LEPIDOPTERA,COLEOPHORIDAE,7/30/01,8/2/01,6
LEPIDOPTERA,COLEOPHORIDAE,7/4/01,7/8/01,30
LEPIDOPTERA,COLEOPHORIDAE,7/9/01,7/12/01,22
LEPIDOPTERA,COLEOPHORIDAE,8/14/01,8/16/01,5
LEPIDOPTERA,COLEOPHORIDAE,8/17/01,8/26/01,2
LEPIDOPTERA,COLEOPHORIDAE,8/3/01,8/6/01,1
LEPIDOPTERA,COSMOPTERIGIDAE,7/24/01,7/25/01,1
LEPIDOPTERA,COSMOPTERIGIDAE,8/10/01,8/13/01,1
LEPIDOPTERA,DEPRESSARIIDAE,4/26/01,5/9/01,2
LEPIDOPTERA,DEPRESSARIIDAE,4/3/01,4/25/01,1
LEPIDOPTERA,DREPANIDAE,6/15/01,6/19/01,1
LEPIDOPTERA,DREPANIDAE,6/28/01,7/1/01,1
LEPIDOPTERA,DREPANIDAE,7/2/01,7/3/01,2
LEPIDOPTERA,DREPANIDAE,7/20/01,7/23/01,2
LEPIDOPTERA,DREPANIDAE,7/24/01,7/25/01,1
LEPIDOPTERA,DREPANIDAE,7/26/01,7/29/01,2
LEPIDOPTERA,DREPANIDAE,7/30/01,8/2/01,1
LEPIDOPTERA,DREPANIDAE,8/7/01,8/9/01,1
LEPIDOPTERA,ERIOCRANIIDAE,5/10/01,5/21/01,2
LEPIDOPTERA,GELECHIIDAE,6/1/01,6/7/01,1
LEPIDOPTERA,GELECHIIDAE,6/15/01,6/19/01,1
LEPIDOPTERA,GELECHIIDAE,6/20/01,6/24/01,6
LEPIDOPTERA,GELECHIIDAE,6/25/01,6/27/01,5
LEPIDOPTERA,GELECHIIDAE,6/28/01,7/1/01,12
LEPIDOPTERA,GELECHIIDAE,7/13/01,7/16/01,7
LEPIDOPTERA,GELECHIIDAE,7/17/01,7/19/01,4
LEPIDOPTERA,GELECHIIDAE,7/2/01,7/3/01,4
LEPIDOPTERA,GELECHIIDAE,7/20/01,7/23/01,28
LEPIDOPTERA,GELECHIIDAE,7/24/01,7/25/01,21
LEPIDOPTERA,GELECHIIDAE,7/26/01,7/29/01,27
LEPIDOPTERA,GELECHIIDAE,7/30/01,8/2/01,9
LEPIDOPTERA,GELECHIIDAE,7/4/01,7/8/01,10
LEPIDOPTERA,GELECHIIDAE,7/9/01,7/12/01,3
LEPIDOPTERA,GELECHIIDAE,8/10/01,8/13/01,4
LEPIDOPTERA,GELECHIIDAE,8/14/01,8/16/01,7
LEPIDOPTERA,GELECHIIDAE,8/17/01,8/26/01,8
LEPIDOPTERA,GELECHIIDAE,8/27/01,9/2/01,3
LEPIDOPTERA,GELECHIIDAE,8/3/01,8/6/01,3
LEPIDOPTERA,GELECHIIDAE,8/7/01,8/9/01,5
LEPIDOPTERA,GELECHIIDAE,9/3/01,9/18/01,2
LEPIDOPTERA,GEOMETRIDAE,10/17/01,11/6/01,3
LEPIDOPTERA,GEOMETRIDAE,10/6/01,10/16/01,2
LEPIDOPTERA,GEOMETRIDAE,4/26/01,5/9/01,7
LEPIDOPTERA,GEOMETRIDAE,4/3/01,4/25/01,2
LEPIDOPTERA,GEOMETRIDAE,5/10/01,5/21/01,4
LEPIDOPTERA,GEOMETRIDAE,5/22/01,5/31/01,15
LEPIDOPTERA,GEOMETRIDAE,6/1/01,6/7/01,11
LEPIDOPTERA,GEOMETRIDAE,6/15/01,6/19/01,19
LEPIDOPTERA,GEOMETRIDAE,6/20/01,6/24/01,14
LEPIDOPTERA,GEOMETRIDAE,6/25/01,6/27/01,32
LEPIDOPTERA,GEOMETRIDAE,6/28/01,7/1/01,41
LEPIDOPTERA,GEOMETRIDAE,6/8/01,6/14/01,13
LEPIDOPTERA,GEOMETRIDAE,7/13/01,7/16/01,15
LEPIDOPTERA,GEOMETRIDAE,7/17/01,7/19/01,13
LEPIDOPTERA,GEOMETRIDAE,7/2/01,7/3/01,20
LEPIDOPTERA,GEOMETRIDAE,7/20/01,7/23/01,68
LEPIDOPTERA,GEOMETRIDAE,7/24/01,7/25/01,39
LEPIDOPTERA,GEOMETRIDAE,7/26/01,7/29/01,77
LEPIDOPTERA,GEOMETRIDAE,7/30/01,8/2/01,18
LEPIDOPTERA,GEOMETRIDAE,7/4/01,7/8/01,63
LEPIDOPTERA,GEOMETRIDAE,7/9/01,7/12/01,51
LEPIDOPTERA,GEOMETRIDAE,8/10/01,8/13/01,18
LEPIDOPTERA,GEOMETRIDAE,8/14/01,8/16/01,50
LEPIDOPTERA,GEOMETRIDAE,8/17/01,8/26/01,49
LEPIDOPTERA,GEOMETRIDAE,8/27/01,9/2/01,7
LEPIDOPTERA,GEOMETRIDAE,8/3/01,8/6/01,10
LEPIDOPTERA,GEOMETRIDAE,8/7/01,8/9/01,3
LEPIDOPTERA,GEOMETRIDAE,9/28/01,10/5/01,1
LEPIDOPTERA,GEOMETRIDAE,9/3/01,9/18/01,3
LEPIDOPTERA,GRACILLARIIDAE,10/6/01,10/16/01,4
LEPIDOPTERA,GRACILLARIIDAE,4/26/01,5/9/01,5
LEPIDOPTERA,GRACILLARIIDAE,5/10/01,5/21/01,23
LEPIDOPTERA,GRACILLARIIDAE,5/22/01,5/31/01,13
LEPIDOPTERA,GRACILLARIIDAE,6/1/01,6/7/01,15
LEPIDOPTERA,GRACILLARIIDAE,6/15/01,6/19/01,22
LEPIDOPTERA,GRACILLARIIDAE,6/20/01,6/24/01,15
LEPIDOPTERA,GRACILLARIIDAE,6/25/01,6/27/01,14
LEPIDOPTERA,GRACILLARIIDAE,6/28/01,7/1/01,7
LEPIDOPTERA,GRACILLARIIDAE,6/8/01,6/14/01,7
LEPIDOPTERA,GRACILLARIIDAE,7/13/01,7/16/01,6
LEPIDOPTERA,GRACILLARIIDAE,7/17/01,7/19/01,6
LEPIDOPTERA,GRACILLARIIDAE,7/2/01,7/3/01,2
LEPIDOPTERA,GRACILLARIIDAE,7/20/01,7/23/01,35
LEPIDOPTERA,GRACILLARIIDAE,7/24/01,7/25/01,36
LEPIDOPTERA,GRACILLARIIDAE,7/26/01,7/29/01,49
LEPIDOPTERA,GRACILLARIIDAE,7/30/01,8/2/01,21
LEPIDOPTERA,GRACILLARIIDAE,7/4/01,7/8/01,3
LEPIDOPTERA,GRACILLARIIDAE,7/9/01,7/12/01,3
LEPIDOPTERA,GRACILLARIIDAE,8/10/01,8/13/01,12
LEPIDOPTERA,GRACILLARIIDAE,8/14/01,8/16/01,42
LEPIDOPTERA,GRACILLARIIDAE,8/17/01,8/26/01,40
LEPIDOPTERA,GRACILLARIIDAE,8/27/01,9/2/01,19
LEPIDOPTERA,GRACILLARIIDAE,8/3/01,8/6/01,8
LEPIDOPTERA,GRACILLARIIDAE,8/7/01,8/9/01,9
LEPIDOPTERA,GRACILLARIIDAE,9/19/01,9/25/01,1
LEPIDOPTERA,GRACILLARIIDAE,9/28/01,10/5/01,1
LEPIDOPTERA,GRACILLARIIDAE,9/3/01,9/18/01,6
LEPIDOPTERA,HEPIALIDAE,6/1/01,6/7/01,3
LEPIDOPTERA,HEPIALIDAE,6/15/01,6/19/01,1
LEPIDOPTERA,HEPIALIDAE,6/8/01,6/14/01,1
LEPIDOPTERA,LASIOCAMPIDAE,7/9/01,7/12/01,1
LEPIDOPTERA,LYMANTRIIDAE,8/17/01,8/26/01,1
LEPIDOPTERA,LYONETIDAE,4/26/01,5/9/01,4
LEPIDOPTERA,LYONETIDAE,5/10/01,5/21/01,1
LEPIDOPTERA,LYONETIDAE,6/20/01,6/24/01,4
LEPIDOPTERA,LYONETIDAE,6/25/01,6/27/01,14
LEPIDOPTERA,LYONETIDAE,6/28/01,7/1/01,40
LEPIDOPTERA,LYONETIDAE,7/13/01,7/16/01,6
LEPIDOPTERA,LYONETIDAE,7/17/01,7/19/01,1
LEPIDOPTERA,LYONETIDAE,7/2/01,7/3/01,25
LEPIDOPTERA,LYONETIDAE,7/20/01,7/23/01,5
LEPIDOPTERA,LYONETIDAE,7/24/01,7/25/01,5
LEPIDOPTERA,LYONETIDAE,7/26/01,7/29/01,20
LEPIDOPTERA,LYONETIDAE,7/30/01,8/2/01,20
LEPIDOPTERA,LYONETIDAE,7/4/01,7/8/01,12
LEPIDOPTERA,LYONETIDAE,7/9/01,7/12/01,5
LEPIDOPTERA,LYONETIDAE,8/10/01,8/13/01,18
LEPIDOPTERA,LYONETIDAE,8/14/01,8/16/01,48
LEPIDOPTERA,LYONETIDAE,8/17/01,8/26/01,44
LEPIDOPTERA,LYONETIDAE,8/3/01,8/6/01,14
LEPIDOPTERA,LYONETIDAE,8/7/01,8/9/01,9
LEPIDOPTERA,LYONETIDAE,9/19/01,9/25/01,1
LEPIDOPTERA,MOMPHIDAE,4/26/01,5/9/01,1
LEPIDOPTERA,MOMPHIDAE,5/10/01,5/21/01,2
LEPIDOPTERA,MOMPHIDAE,5/22/01,5/31/01,2
LEPIDOPTERA,MOMPHIDAE,6/15/01,6/19/01,1
LEPIDOPTERA,MOMPHIDAE,6/20/01,6/24/01,1
LEPIDOPTERA,MOMPHIDAE,6/25/01,6/27/01,1
LEPIDOPTERA,MOMPHIDAE,6/8/01,6/14/01,2
LEPIDOPTERA,MOMPHIDAE,7/20/01,7/23/01,3
LEPIDOPTERA,MOMPHIDAE,7/24/01,7/25/01,4
LEPIDOPTERA,MOMPHIDAE,7/26/01,7/29/01,6
LEPIDOPTERA,MOMPHIDAE,7/30/01,8/2/01,1
LEPIDOPTERA,MOMPHIDAE,7/4/01,7/8/01,2
LEPIDOPTERA,MOMPHIDAE,8/10/01,8/13/01,2
LEPIDOPTERA,MOMPHIDAE,8/14/01,8/16/01,1
LEPIDOPTERA,MOMPHIDAE,8/17/01,8/26/01,3
LEPIDOPTERA,MOMPHIDAE,8/27/01,9/2/01,1
LEPIDOPTERA,MOMPHIDAE,8/3/01,8/6/01,1
LEPIDOPTERA,NEPTICULIDAE,5/10/01,5/21/01,1
LEPIDOPTERA,NEPTICULIDAE,6/15/01,6/19/01,3
LEPIDOPTERA,NEPTICULIDAE,6/20/01,6/24/01,2
LEPIDOPTERA,NEPTICULIDAE,6/25/01,6/27/01,12
LEPIDOPTERA,NEPTICULIDAE,6/28/01,7/1/01,1
LEPIDOPTERA,NEPTICULIDAE,6/8/01,6/14/01,1
LEPIDOPTERA,NEPTICULIDAE,7/13/01,7/16/01,1
LEPIDOPTERA,NEPTICULIDAE,7/2/01,7/3/01,2
LEPIDOPTERA,NEPTICULIDAE,7/20/01,7/23/01,6
LEPIDOPTERA,NEPTICULIDAE,7/24/01,7/25/01,5
LEPIDOPTERA,NEPTICULIDAE,7/26/01,7/29/01,8
LEPIDOPTERA,NEPTICULIDAE,7/30/01,8/2/01,1
LEPIDOPTERA,NEPTICULIDAE,7/4/01,7/8/01,4
LEPIDOPTERA,NEPTICULIDAE,8/14/01,8/16/01,3
LEPIDOPTERA,NEPTICULIDAE,8/17/01,8/26/01,7
LEPIDOPTERA,NEPTICULIDAE,8/27/01,9/2/01,2
LEPIDOPTERA,NEPTICULIDAE,8/3/01,8/6/01,2
LEPIDOPTERA,NOCTUIDAE,10/17/01,11/6/01,4
LEPIDOPTERA,NOCTUIDAE,10/6/01,10/16/01,22
LEPIDOPTERA,NOCTUIDAE,4/26/01,5/9/01,27
LEPIDOPTERA,NOCTUIDAE,4/3/01,4/25/01,37
LEPIDOPTERA,NOCTUIDAE,5/10/01,5/21/01,28
LEPIDOPTERA,NOCTUIDAE,5/22/01,5/31/01,58
LEPIDOPTERA,NOCTUIDAE,6/1/01,6/7/01,58
LEPIDOPTERA,NOCTUIDAE,6/15/01,6/19/01,72
LEPIDOPTERA,NOCTUIDAE,6/20/01,6/24/01,128
LEPIDOPTERA,NOCTUIDAE,6/25/01,6/27/01,63
LEPIDOPTERA,NOCTUIDAE,6/28/01,7/1/01,266
LEPIDOPTERA,NOCTUIDAE,6/8/01,6/14/01,73
LEPIDOPTERA,NOCTUIDAE,7/13/01,7/16/01,125
LEPIDOPTERA,NOCTUIDAE,7/17/01,7/19/01,78
LEPIDOPTERA,NOCTUIDAE,7/2/01,7/3/01,58
LEPIDOPTERA,NOCTUIDAE,7/20/01,7/23/01,222
LEPIDOPTERA,NOCTUIDAE,7/24/01,7/25/01,102
LEPIDOPTERA,NOCTUIDAE,7/26/01,7/29/01,163
LEPIDOPTERA,NOCTUIDAE,7/30/01,8/2/01,67
LEPIDOPTERA,NOCTUIDAE,7/4/01,7/8/01,194
LEPIDOPTERA,NOCTUIDAE,7/9/01,7/12/01,170
LEPIDOPTERA,NOCTUIDAE,8/10/01,8/13/01,191
LEPIDOPTERA,NOCTUIDAE,8/14/01,8/16/01,284
LEPIDOPTERA,NOCTUIDAE,8/17/01,8/26/01,397
LEPIDOPTERA,NOCTUIDAE,8/27/01,9/2/01,115
LEPIDOPTERA,NOCTUIDAE,8/3/01,8/6/01,99
LEPIDOPTERA,NOCTUIDAE,8/7/01,8/9/01,67
LEPIDOPTERA,NOCTUIDAE,9/19/01,9/25/01,26
LEPIDOPTERA,NOCTUIDAE,9/26/01,9/27/01,14
LEPIDOPTERA,NOCTUIDAE,9/28/01,10/5/01,39
LEPIDOPTERA,NOCTUIDAE,9/3/01,9/18/01,88
LEPIDOPTERA,NOLIDAE,5/10/01,5/21/01,1
LEPIDOPTERA,NOLIDAE,5/22/01,5/31/01,2
LEPIDOPTERA,NOLIDAE,6/20/01,6/24/01,1
LEPIDOPTERA,NOLIDAE,6/25/01,6/27/01,2
LEPIDOPTERA,NOLIDAE,6/28/01,7/1/01,4
LEPIDOPTERA,NOLIDAE,7/17/01,7/19/01,1
LEPIDOPTERA,NOLIDAE,7/20/01,7/23/01,4
LEPIDOPTERA,NOLIDAE,7/26/01,7/29/01,3
LEPIDOPTERA,NOLIDAE,7/4/01,7/8/01,7
LEPIDOPTERA,NOLIDAE,7/9/01,7/12/01,1
LEPIDOPTERA,NOTODONTIDAE,4/26/01,5/9/01,1
LEPIDOPTERA,NOTODONTIDAE,5/22/01,5/31/01,1
LEPIDOPTERA,NOTODONTIDAE,6/1/01,6/7/01,3
LEPIDOPTERA,NOTODONTIDAE,6/28/01,7/1/01,1
LEPIDOPTERA,NOTODONTIDAE,6/8/01,6/14/01,2
LEPIDOPTERA,NOTODONTIDAE,7/20/01,7/23/01,2
LEPIDOPTERA,NOTODONTIDAE,7/30/01,8/2/01,2
LEPIDOPTERA,NOTODONTIDAE,8/10/01,8/13/01,1
LEPIDOPTERA,NOTODONTIDAE,8/14/01,8/16/01,2
LEPIDOPTERA,NOTODONTIDAE,8/17/01,8/26/01,3
LEPIDOPTERA,NOTODONTIDAE,8/3/01,8/6/01,3
LEPIDOPTERA,NOTODONTIDAE,8/7/01,8/9/01,2
LEPIDOPTERA,OECOPHORIDAE,10/17/01,11/6/01,1
LEPIDOPTERA,OECOPHORIDAE,10/6/01,10/16/01,3
LEPIDOPTERA,OECOPHORIDAE,4/26/01,5/9/01,1
LEPIDOPTERA,OECOPHORIDAE,5/10/01,5/21/01,3
LEPIDOPTERA,OECOPHORIDAE,5/22/01,5/31/01,12
LEPIDOPTERA,OECOPHORIDAE,6/1/01,6/7/01,6
LEPIDOPTERA,OECOPHORIDAE,6/15/01,6/19/01,15
LEPIDOPTERA,OECOPHORIDAE,6/20/01,6/24/01,25
LEPIDOPTERA,OECOPHORIDAE,6/25/01,6/27/01,17
LEPIDOPTERA,OECOPHORIDAE,6/28/01,7/1/01,15
LEPIDOPTERA,OECOPHORIDAE,6/8/01,6/14/01,14
LEPIDOPTERA,OECOPHORIDAE,7/13/01,7/16/01,3
LEPIDOPTERA,OECOPHORIDAE,7/17/01,7/19/01,12
LEPIDOPTERA,OECOPHORIDAE,7/2/01,7/3/01,15
LEPIDOPTERA,OECOPHORIDAE,7/20/01,7/23/01,69
LEPIDOPTERA,OECOPHORIDAE,7/24/01,7/25/01,34
LEPIDOPTERA,OECOPHORIDAE,7/26/01,7/29/01,83
LEPIDOPTERA,OECOPHORIDAE,7/30/01,8/2/01,20
LEPIDOPTERA,OECOPHORIDAE,7/4/01,7/8/01,7
LEPIDOPTERA,OECOPHORIDAE,7/9/01,7/12/01,4
LEPIDOPTERA,OECOPHORIDAE,8/10/01,8/13/01,5
LEPIDOPTERA,OECOPHORIDAE,8/14/01,8/16/01,21
LEPIDOPTERA,OECOPHORIDAE,8/17/01,8/26/01,20
LEPIDOPTERA,OECOPHORIDAE,8/3/01,8/6/01,12
LEPIDOPTERA,OECOPHORIDAE,8/7/01,8/9/01,5
LEPIDOPTERA,OECOPHORIDAE,9/28/01,10/5/01,1
LEPIDOPTERA,PLUTELLIDAE,10/17/01,11/6/01,1
LEPIDOPTERA,PLUTELLIDAE,10/6/01,10/16/01,3
LEPIDOPTERA,PLUTELLIDAE,4/26/01,5/9/01,3
LEPIDOPTERA,PLUTELLIDAE,5/10/01,5/21/01,4
LEPIDOPTERA,PLUTELLIDAE,6/20/01,6/24/01,4
LEPIDOPTERA,PLUTELLIDAE,6/25/01,6/27/01,2
LEPIDOPTERA,PLUTELLIDAE,6/28/01,7/1/01,3
LEPIDOPTERA,PLUTELLIDAE,7/13/01,7/16/01,1
LEPIDOPTERA,PLUTELLIDAE,7/20/01,7/23/01,3
LEPIDOPTERA,PLUTELLIDAE,7/24/01,7/25/01,1
LEPIDOPTERA,PLUTELLIDAE,7/26/01,7/29/01,1
LEPIDOPTERA,PLUTELLIDAE,7/4/01,7/8/01,2
LEPIDOPTERA,PLUTELLIDAE,7/9/01,7/12/01,2
LEPIDOPTERA,PLUTELLIDAE,8/10/01,8/13/01,1
LEPIDOPTERA,PLUTELLIDAE,8/14/01,8/16/01,1
LEPIDOPTERA,PLUTELLIDAE,8/17/01,8/26/01,3
LEPIDOPTERA,PLUTELLIDAE,9/28/01,10/5/01,2
LEPIDOPTERA,PSYCHIDAE,6/20/01,6/24/01,1
LEPIDOPTERA,PTEROPHORIDAE,7/26/01,7/29/01,1
LEPIDOPTERA,PTEROPHORIDAE,8/14/01,8/16/01,1
LEPIDOPTERA,PYRALIDAE,10/6/01,10/16/01,3
LEPIDOPTERA,PYRALIDAE,5/10/01,5/21/01,1
LEPIDOPTERA,PYRALIDAE,5/22/01,5/31/01,3
LEPIDOPTERA,PYRALIDAE,6/15/01,6/19/01,3
LEPIDOPTERA,PYRALIDAE,6/20/01,6/24/01,8
LEPIDOPTERA,PYRALIDAE,6/25/01,6/27/01,3
LEPIDOPTERA,PYRALIDAE,6/28/01,7/1/01,25
LEPIDOPTERA,PYRALIDAE,6/8/01,6/14/01,1
LEPIDOPTERA,PYRALIDAE,7/13/01,7/16/01,29
LEPIDOPTERA,PYRALIDAE,7/17/01,7/19/01,24
LEPIDOPTERA,PYRALIDAE,7/2/01,7/3/01,14
LEPIDOPTERA,PYRALIDAE,7/20/01,7/23/01,204
LEPIDOPTERA,PYRALIDAE,7/24/01,7/25/01,107
LEPIDOPTERA,PYRALIDAE,7/26/01,7/29/01,143
LEPIDOPTERA,PYRALIDAE,7/30/01,8/2/01,29
LEPIDOPTERA,PYRALIDAE,7/4/01,7/8/01,104
LEPIDOPTERA,PYRALIDAE,7/9/01,7/12/01,33
LEPIDOPTERA,PYRALIDAE,8/10/01,8/13/01,59
LEPIDOPTERA,PYRALIDAE,8/14/01,8/16/01,76
LEPIDOPTERA,PYRALIDAE,8/17/01,8/26/01,45
LEPIDOPTERA,PYRALIDAE,8/27/01,9/2/01,3
LEPIDOPTERA,PYRALIDAE,8/3/01,8/6/01,20
LEPIDOPTERA,PYRALIDAE,8/7/01,8/9/01,26
LEPIDOPTERA,PYRALIDAE,9/19/01,9/25/01,12
LEPIDOPTERA,PYRALIDAE,9/26/01,9/27/01,1
LEPIDOPTERA,PYRALIDAE,9/28/01,10/5/01,6
LEPIDOPTERA,PYRALIDAE,9/3/01,9/18/01,3
LEPIDOPTERA,SPHINGIDAE,5/22/01,5/31/01,1
LEPIDOPTERA,SPHINGIDAE,6/15/01,6/19/01,1
LEPIDOPTERA,TINEIDAE,10/6/01,10/16/01,1
LEPIDOPTERA,TINEIDAE,4/26/01,5/9/01,1
LEPIDOPTERA,TINEIDAE,5/10/01,5/21/01,1
LEPIDOPTERA,TINEIDAE,5/22/01,5/31/01,2
LEPIDOPTERA,TINEIDAE,6/1/01,6/7/01,1
LEPIDOPTERA,TINEIDAE,6/15/01,6/19/01,4
LEPIDOPTERA,TINEIDAE,6/20/01,6/24/01,3
LEPIDOPTERA,TINEIDAE,6/25/01,6/27/01,7
LEPIDOPTERA,TINEIDAE,6/28/01,7/1/01,4
LEPIDOPTERA,TINEIDAE,7/17/01,7/19/01,1
LEPIDOPTERA,TINEIDAE,7/2/01,7/3/01,3
LEPIDOPTERA,TINEIDAE,7/20/01,7/23/01,3
LEPIDOPTERA,TINEIDAE,7/24/01,7/25/01,1
LEPIDOPTERA,TINEIDAE,7/26/01,7/29/01,1
LEPIDOPTERA,TINEIDAE,7/4/01,7/8/01,4
LEPIDOPTERA,TINEIDAE,7/9/01,7/12/01,1
LEPIDOPTERA,TINEIDAE,8/14/01,8/16/01,1
LEPIDOPTERA,TISCHERIIDAE,6/25/01,6/27/01,1
LEPIDOPTERA,TISCHERIIDAE,6/28/01,7/1/01,1
LEPIDOPTERA,TORTRICIDAE,10/17/01,11/6/01,3
LEPIDOPTERA,TORTRICIDAE,10/6/01,10/16/01,3
LEPIDOPTERA,TORTRICIDAE,5/10/01,5/21/01,1
LEPIDOPTERA,TORTRICIDAE,5/22/01,5/31/01,3
LEPIDOPTERA,TORTRICIDAE,6/1/01,6/7/01,2
LEPIDOPTERA,TORTRICIDAE,6/15/01,6/19/01,10
LEPIDOPTERA,TORTRICIDAE,6/20/01,6/24/01,46
LEPIDOPTERA,TORTRICIDAE,6/25/01,6/27/01,60
LEPIDOPTERA,TORTRICIDAE,6/28/01,7/1/01,102
LEPIDOPTERA,TORTRICIDAE,6/8/01,6/14/01,3
LEPIDOPTERA,TORTRICIDAE,7/13/01,7/16/01,56
LEPIDOPTERA,TORTRICIDAE,7/17/01,7/19/01,52
LEPIDOPTERA,TORTRICIDAE,7/2/01,7/3/01,59
LEPIDOPTERA,TORTRICIDAE,7/20/01,7/23/01,284
LEPIDOPTERA,TORTRICIDAE,7/24/01,7/25/01,221
LEPIDOPTERA,TORTRICIDAE,7/26/01,7/29/01,220
LEPIDOPTERA,TORTRICIDAE,7/30/01,8/2/01,51
LEPIDOPTERA,TORTRICIDAE,7/4/01,7/8/01,155
LEPIDOPTERA,TORTRICIDAE,7/9/01,7/12/01,66
LEPIDOPTERA,TORTRICIDAE,8/10/01,8/13/01,37
LEPIDOPTERA,TORTRICIDAE,8/14/01,8/16/01,87
LEPIDOPTERA,TORTRICIDAE,8/17/01,8/26/01,30
LEPIDOPTERA,TORTRICIDAE,8/27/01,9/2/01,7
LEPIDOPTERA,TORTRICIDAE,8/3/01,8/6/01,36
LEPIDOPTERA,TORTRICIDAE,8/7/01,8/9/01,17
LEPIDOPTERA,TORTRICIDAE,9/19/01,9/25/01,1
LEPIDOPTERA,TORTRICIDAE,9/26/01,9/27/01,2
LEPIDOPTERA,TORTRICIDAE,9/28/01,10/5/01,5
LEPIDOPTERA,TORTRICIDAE,9/3/01,9/18/01,4
LEPIDOPTERA,YPONOMEUTIDAE,4/3/01,4/25/01,1
LEPIDOPTERA,YPONOMEUTIDAE,5/10/01,5/21/01,3
LEPIDOPTERA,YPONOMEUTIDAE,6/1/01,6/7/01,1
LEPIDOPTERA,YPONOMEUTIDAE,6/15/01,6/19/01,3
LEPIDOPTERA,YPONOMEUTIDAE,6/20/01,6/24/01,9
LEPIDOPTERA,YPONOMEUTIDAE,6/25/01,6/27/01,10
LEPIDOPTERA,YPONOMEUTIDAE,6/28/01,7/1/01,8
LEPIDOPTERA,YPONOMEUTIDAE,6/8/01,6/14/01,3
LEPIDOPTERA,YPONOMEUTIDAE,7/13/01,7/16/01,54
LEPIDOPTERA,YPONOMEUTIDAE,7/17/01,7/19/01,311
LEPIDOPTERA,YPONOMEUTIDAE,7/2/01,7/3/01,7
LEPIDOPTERA,YPONOMEUTIDAE,7/20/01,7/23/01,744
LEPIDOPTERA,YPONOMEUTIDAE,7/24/01,7/25/01,851
LEPIDOPTERA,YPONOMEUTIDAE,7/26/01,7/29/01,1049
LEPIDOPTERA,YPONOMEUTIDAE,7/30/01,8/2/01,114
LEPIDOPTERA,YPONOMEUTIDAE,7/4/01,7/8/01,59
LEPIDOPTERA,YPONOMEUTIDAE,7/9/01,7/12/01,21
LEPIDOPTERA,YPONOMEUTIDAE,8/10/01,8/13/01,37
LEPIDOPTERA,YPONOMEUTIDAE,8/14/01,8/16/01,58
LEPIDOPTERA,YPONOMEUTIDAE,8/17/01,8/26/01,77
LEPIDOPTERA,YPONOMEUTIDAE,8/27/01,9/2/01,8
LEPIDOPTERA,YPONOMEUTIDAE,8/3/01,8/6/01,31
LEPIDOPTERA,YPONOMEUTIDAE,8/7/01,8/9/01,26
LEPIDOPTERA,YPONOMEUTIDAE,9/26/01,9/27/01,1
LEPIDOPTERA,YPONOMEUTIDAE,9/28/01,10/5/01,1
LEPIDOPTERA,YPONOMEUTIDAE,9/3/01,9/18/01,4
