order,family,date1,date2,individuals
COLEOPTERA,ANOBIIDAE,6/28/02,7/3/02,1
COLEOPTERA,ANTHICIDAE,7/18/02,7/28/02,1
COLEOPTERA,ANTHICIDAE,8/8/02,8/11/02,1
COLEOPTERA,BRENTIDAE,8/27/02,8/29/02,1
COLEOPTERA,CANTHARIDAE,5/13/02,5/23/02,3
COLEOPTERA,CANTHARIDAE,5/24/02,5/28/02,3
COLEOPTERA,CANTHARIDAE,5/29/02,5/31/02,1
COLEOPTERA,CANTHARIDAE,6/11/02,6/16/02,1
COLEOPTERA,CANTHARIDAE,6/17/02,6/18/02,1
COLEOPTERA,CANTHARIDAE,6/19/02,6/27/02,2
COLEOPTERA,CANTHARIDAE,6/28/02,7/3/02,1
COLEOPTERA,CANTHARIDAE,7/12/02,7/15/02,1
COLEOPTERA,CANTHARIDAE,7/16/02,7/17/02,2
COLEOPTERA,CANTHARIDAE,7/18/02,7/28/02,8
COLEOPTERA,CANTHARIDAE,7/8/02,7/11/02,1
COLEOPTERA,CARABIDAE,6/1/02,6/10/02,1
COLEOPTERA,CARABIDAE,6/17/02,6/18/02,1
COLEOPTERA,CARABIDAE,7/12/02,7/15/02,74
COLEOPTERA,CARABIDAE,7/16/02,7/17/02,56
COLEOPTERA,CARABIDAE,7/18/02,7/28/02,193
COLEOPTERA,CARABIDAE,7/29/02,7/31/02,16
COLEOPTERA,CARABIDAE,7/4/02,7/7/02,1
COLEOPTERA,CARABIDAE,7/8/02,7/11/02,10
COLEOPTERA,CARABIDAE,8/1/02,8/4/02,35
COLEOPTERA,CARABIDAE,8/12/02,8/14/02,58
COLEOPTERA,CARABIDAE,8/15/02,8/19/02,77
COLEOPTERA,CARABIDAE,8/20/02,8/22/02,7
COLEOPTERA,CARABIDAE,8/23/02,8/26/02,52
COLEOPTERA,CARABIDAE,8/27/02,8/29/02,178
COLEOPTERA,CARABIDAE,8/30/02,9/4/02,48
COLEOPTERA,CARABIDAE,8/5/02,8/7/02,44
COLEOPTERA,CARABIDAE,8/8/02,8/11/02,91
COLEOPTERA,CARABIDAE,9/16/02,9/24/02,1
COLEOPTERA,CHRYSOMELIDAE,8/15/02,8/19/02,1
COLEOPTERA,COCCINELLIDAE,10/2/02,10/14/02,2
COLEOPTERA,COCCINELLIDAE,5/24/02,5/28/02,2
COLEOPTERA,COCCINELLIDAE,5/29/02,5/31/02,1
COLEOPTERA,COCCINELLIDAE,6/1/02,6/10/02,5
COLEOPTERA,COCCINELLIDAE,6/11/02,6/16/02,4
COLEOPTERA,COCCINELLIDAE,6/17/02,6/18/02,2
COLEOPTERA,COCCINELLIDAE,6/19/02,6/27/02,8
COLEOPTERA,COCCINELLIDAE,6/28/02,7/3/02,1
COLEOPTERA,COCCINELLIDAE,7/12/02,7/15/02,4
COLEOPTERA,COCCINELLIDAE,7/16/02,7/17/02,3
COLEOPTERA,COCCINELLIDAE,7/18/02,7/28/02,9
COLEOPTERA,COCCINELLIDAE,7/29/02,7/31/02,1
COLEOPTERA,COCCINELLIDAE,7/4/02,7/7/02,2
COLEOPTERA,COCCINELLIDAE,7/8/02,7/11/02,8
COLEOPTERA,COCCINELLIDAE,8/1/02,8/4/02,2
COLEOPTERA,COCCINELLIDAE,8/12/02,8/14/02,4
COLEOPTERA,COCCINELLIDAE,8/15/02,8/19/02,1
COLEOPTERA,COCCINELLIDAE,8/20/02,8/22/02,1
COLEOPTERA,COCCINELLIDAE,8/23/02,8/26/02,2
COLEOPTERA,COCCINELLIDAE,8/27/02,8/29/02,4
COLEOPTERA,COCCINELLIDAE,8/30/02,9/4/02,6
COLEOPTERA,COCCINELLIDAE,8/8/02,8/11/02,1
COLEOPTERA,COCCINELLIDAE,9/16/02,9/24/02,4
COLEOPTERA,COCCINELLIDAE,9/25/02,10/1/02,1
COLEOPTERA,CORTICARIIDAE,7/18/02,7/28/02,1
COLEOPTERA,CRYPTOPHAGIDAE,7/12/02,7/15/02,1
COLEOPTERA,CRYPTOPHAGIDAE,7/16/02,7/17/02,10
COLEOPTERA,CRYPTOPHAGIDAE,7/18/02,7/28/02,15
COLEOPTERA,CRYPTOPHAGIDAE,7/8/02,7/11/02,6
COLEOPTERA,CRYPTOPHAGIDAE,8/12/02,8/14/02,2
COLEOPTERA,CRYPTOPHAGIDAE,8/20/02,8/22/02,1
COLEOPTERA,CRYPTOPHAGIDAE,8/23/02,8/26/02,2
COLEOPTERA,CRYPTOPHAGIDAE,8/27/02,8/29/02,2
COLEOPTERA,CRYPTOPHAGIDAE,8/30/02,9/4/02,1
COLEOPTERA,CRYPTOPHAGIDAE,8/5/02,8/7/02,1
COLEOPTERA,CRYPTOPHAGIDAE,8/8/02,8/11/02,1
COLEOPTERA,CURCULIONIDAE,6/17/02,6/18/02,2
COLEOPTERA,CURCULIONIDAE,6/19/02,6/27/02,1
COLEOPTERA,CURCULIONIDAE,7/12/02,7/15/02,3
COLEOPTERA,CURCULIONIDAE,7/16/02,7/17/02,11
COLEOPTERA,CURCULIONIDAE,7/18/02,7/28/02,10
COLEOPTERA,CURCULIONIDAE,7/29/02,7/31/02,1
COLEOPTERA,CURCULIONIDAE,8/12/02,8/14/02,7
COLEOPTERA,CURCULIONIDAE,8/15/02,8/19/02,1
COLEOPTERA,CURCULIONIDAE,8/27/02,8/29/02,4
COLEOPTERA,CURCULIONIDAE,8/30/02,9/4/02,1
COLEOPTERA,CURCULIONIDAE,8/5/02,8/7/02,1
COLEOPTERA,DERMESTIDAE,5/24/02,5/28/02,1
COLEOPTERA,DERMESTIDAE,6/11/02,6/16/02,2
COLEOPTERA,DERMESTIDAE,6/19/02,6/27/02,5
COLEOPTERA,DERMESTIDAE,7/12/02,7/15/02,1
COLEOPTERA,DERMESTIDAE,7/16/02,7/17/02,3
COLEOPTERA,DERMESTIDAE,7/18/02,7/28/02,1
COLEOPTERA,DERMESTIDAE,7/4/02,7/7/02,3
COLEOPTERA,DERMESTIDAE,7/8/02,7/11/02,2
COLEOPTERA,DERMESTIDAE,8/15/02,8/19/02,1
COLEOPTERA,DERMESTIDAE,8/30/02,9/4/02,1
COLEOPTERA,DERMESTIDAE,9/25/02,10/1/02,2
COLEOPTERA,DYTISCIDAE,7/12/02,7/15/02,2
COLEOPTERA,DYTISCIDAE,7/16/02,7/17/02,2
COLEOPTERA,DYTISCIDAE,7/18/02,7/28/02,2
COLEOPTERA,DYTISCIDAE,7/29/02,7/31/02,1
COLEOPTERA,DYTISCIDAE,8/23/02,8/26/02,1
COLEOPTERA,DYTISCIDAE,8/27/02,8/29/02,1
COLEOPTERA,DYTISCIDAE,8/8/02,8/11/02,1
COLEOPTERA,DYTISCIDAE,9/25/02,10/1/02,1
COLEOPTERA,ELATERIDAE,6/19/02,6/27/02,2
COLEOPTERA,ELATERIDAE,7/16/02,7/17/02,2
COLEOPTERA,ELATERIDAE,7/18/02,7/28/02,3
COLEOPTERA,GYRINIDAE,8/27/02,8/29/02,1
COLEOPTERA,HELOPHORIDAE,6/17/02,6/18/02,1
COLEOPTERA,HELOPHORIDAE,7/18/02,7/28/02,1
COLEOPTERA,HELOPHORIDAE,8/15/02,8/19/02,1
COLEOPTERA,HETEROCERIDAE,6/1/02,6/10/02,2
COLEOPTERA,HETEROCERIDAE,6/17/02,6/18/02,2
COLEOPTERA,HETEROCERIDAE,7/12/02,7/15/02,3
COLEOPTERA,HETEROCERIDAE,7/16/02,7/17/02,2
COLEOPTERA,HETEROCERIDAE,7/8/02,7/11/02,1
COLEOPTERA,HETEROCERIDAE,8/23/02,8/26/02,1
COLEOPTERA,HYDROPHILIDAE,5/13/02,5/23/02,1
COLEOPTERA,HYDROPHILIDAE,6/1/02,6/10/02,1
COLEOPTERA,HYDROPHILIDAE,6/11/02,6/16/02,3
COLEOPTERA,HYDROPHILIDAE,6/17/02,6/18/02,4
COLEOPTERA,HYDROPHILIDAE,6/19/02,6/27/02,2
COLEOPTERA,HYDROPHILIDAE,7/12/02,7/15/02,9
COLEOPTERA,HYDROPHILIDAE,7/16/02,7/17/02,32
COLEOPTERA,HYDROPHILIDAE,7/18/02,7/28/02,25
COLEOPTERA,HYDROPHILIDAE,7/29/02,7/31/02,5
COLEOPTERA,HYDROPHILIDAE,7/4/02,7/7/02,1
COLEOPTERA,HYDROPHILIDAE,7/8/02,7/11/02,8
COLEOPTERA,HYDROPHILIDAE,8/1/02,8/4/02,6
COLEOPTERA,HYDROPHILIDAE,8/12/02,8/14/02,8
COLEOPTERA,HYDROPHILIDAE,8/15/02,8/19/02,13
COLEOPTERA,HYDROPHILIDAE,8/20/02,8/22/02,4
COLEOPTERA,HYDROPHILIDAE,8/23/02,8/26/02,11
COLEOPTERA,HYDROPHILIDAE,8/27/02,8/29/02,37
COLEOPTERA,HYDROPHILIDAE,8/30/02,9/4/02,18
COLEOPTERA,HYDROPHILIDAE,8/5/02,8/7/02,4
COLEOPTERA,HYDROPHILIDAE,8/8/02,8/11/02,17
COLEOPTERA,HYDROPHILIDAE,9/25/02,10/1/02,1
COLEOPTERA,LEIODIDAE,8/8/02,8/11/02,1
COLEOPTERA,MELYRIDAE,5/13/02,5/23/02,9
COLEOPTERA,MELYRIDAE,5/24/02,5/28/02,1
COLEOPTERA,MELYRIDAE,6/1/02,6/10/02,1
COLEOPTERA,MELYRIDAE,6/11/02,6/16/02,3
COLEOPTERA,MELYRIDAE,7/16/02,7/17/02,1
COLEOPTERA,MELYRIDAE,7/18/02,7/28/02,1
COLEOPTERA,MONOTOMIDAE,7/16/02,7/17/02,9
COLEOPTERA,MONOTOMIDAE,7/18/02,7/28/02,3
COLEOPTERA,MONOTOMIDAE,7/29/02,7/31/02,1
COLEOPTERA,MONOTOMIDAE,8/1/02,8/4/02,3
COLEOPTERA,MONOTOMIDAE,8/15/02,8/19/02,1
COLEOPTERA,MONOTOMIDAE,8/23/02,8/26/02,2
COLEOPTERA,MONOTOMIDAE,8/27/02,8/29/02,1
COLEOPTERA,MONOTOMIDAE,8/5/02,8/7/02,1
COLEOPTERA,MONOTOMIDAE,8/8/02,8/11/02,1
COLEOPTERA,NITIDULIDAE,6/1/02,6/10/02,1
COLEOPTERA,NITIDULIDAE,6/17/02,6/18/02,1
COLEOPTERA,NITIDULIDAE,7/18/02,7/28/02,1
COLEOPTERA,NITIDULIDAE,8/15/02,8/19/02,1
COLEOPTERA,PHALACRIDAE,7/18/02,7/28/02,1
COLEOPTERA,SALPINGIDAE,6/17/02,6/18/02,1
COLEOPTERA,SCARABAEIDAE,5/13/02,5/23/02,1
COLEOPTERA,SCARABAEIDAE,5/29/02,5/31/02,1
COLEOPTERA,SCARABAEIDAE,6/1/02,6/10/02,2
COLEOPTERA,SCARABAEIDAE,6/19/02,6/27/02,14
COLEOPTERA,SCARABAEIDAE,6/28/02,7/3/02,7
COLEOPTERA,SCARABAEIDAE,7/12/02,7/15/02,6
COLEOPTERA,SCARABAEIDAE,7/16/02,7/17/02,6
COLEOPTERA,SCARABAEIDAE,7/18/02,7/28/02,10
COLEOPTERA,SCARABAEIDAE,7/4/02,7/7/02,4
COLEOPTERA,SCARABAEIDAE,7/8/02,7/11/02,9
COLEOPTERA,SCARABAEIDAE,8/12/02,8/14/02,1
COLEOPTERA,SCARABAEIDAE,8/23/02,8/26/02,1
COLEOPTERA,SCARABAEIDAE,8/27/02,8/29/02,2
COLEOPTERA,SCIRTIDAE,7/12/02,7/15/02,1
COLEOPTERA,SCIRTIDAE,7/16/02,7/17/02,4
COLEOPTERA,SCIRTIDAE,7/29/02,7/31/02,1
COLEOPTERA,SCIRTIDAE,7/4/02,7/7/02,1
COLEOPTERA,SCIRTIDAE,7/8/02,7/11/02,1
COLEOPTERA,SCIRTIDAE,8/1/02,8/4/02,2
COLEOPTERA,SCIRTIDAE,8/15/02,8/19/02,3
COLEOPTERA,SCIRTIDAE,8/5/02,8/7/02,1
COLEOPTERA,SCRAPTIIDAE,6/11/02,6/16/02,1
COLEOPTERA,SCRAPTIIDAE,7/18/02,7/28/02,1
COLEOPTERA,SILPHIDAE,5/24/02,5/28/02,2
COLEOPTERA,SILPHIDAE,6/19/02,6/27/02,7
COLEOPTERA,SILPHIDAE,7/18/02,7/28/02,5
COLEOPTERA,SILPHIDAE,7/8/02,7/11/02,1
COLEOPTERA,SILPHIDAE,8/1/02,8/4/02,2
COLEOPTERA,SILPHIDAE,8/8/02,8/11/02,1
COLEOPTERA,STAPHYLINIDAE,5/13/02,5/23/02,1
COLEOPTERA,STAPHYLINIDAE,6/17/02,6/18/02,5
COLEOPTERA,STAPHYLINIDAE,7/12/02,7/15/02,7
COLEOPTERA,STAPHYLINIDAE,7/16/02,7/17/02,795
COLEOPTERA,STAPHYLINIDAE,7/18/02,7/28/02,541
COLEOPTERA,STAPHYLINIDAE,7/29/02,7/31/02,123
COLEOPTERA,STAPHYLINIDAE,7/8/02,7/11/02,15
COLEOPTERA,STAPHYLINIDAE,8/1/02,8/4/02,46
COLEOPTERA,STAPHYLINIDAE,8/12/02,8/14/02,9
COLEOPTERA,STAPHYLINIDAE,8/15/02,8/19/02,16
COLEOPTERA,STAPHYLINIDAE,8/20/02,8/22/02,5
COLEOPTERA,STAPHYLINIDAE,8/23/02,8/26/02,6
COLEOPTERA,STAPHYLINIDAE,8/27/02,8/29/02,18
COLEOPTERA,STAPHYLINIDAE,8/30/02,9/4/02,5
COLEOPTERA,STAPHYLINIDAE,8/5/02,8/7/02,33
COLEOPTERA,STAPHYLINIDAE,8/8/02,8/11/02,17
COLEOPTERA,STAPHYLINIDAE,9/25/02,10/1/02,1
COLEOPTERA,TENEBRIONIDAE,6/17/02,6/18/02,1
COLEOPTERA,TENEBRIONIDAE,6/19/02,6/27/02,11
COLEOPTERA,TENEBRIONIDAE,6/28/02,7/3/02,6
COLEOPTERA,TENEBRIONIDAE,7/12/02,7/15/02,40
COLEOPTERA,TENEBRIONIDAE,7/16/02,7/17/02,21
COLEOPTERA,TENEBRIONIDAE,7/18/02,7/28/02,35
COLEOPTERA,TENEBRIONIDAE,7/29/02,7/31/02,1
COLEOPTERA,TENEBRIONIDAE,7/4/02,7/7/02,14
COLEOPTERA,TENEBRIONIDAE,7/8/02,7/11/02,67
COLEOPTERA,TENEBRIONIDAE,8/27/02,8/29/02,1
COLEOPTERA,TENEBRIONIDAE,9/25/02,10/1/02,2
COLEOPTERA,THROSCIDAE,7/18/02,7/28/02,2
COLEOPTERA,THROSCIDAE,8/12/02,8/14/02,1
LEPIDOPTERA,ADELIDAE,4/22/02,5/12/02,1
LEPIDOPTERA,ADELIDAE,5/13/02,5/23/02,1
LEPIDOPTERA,AGONOXENIDAE,6/1/02,6/10/02,1
LEPIDOPTERA,AGONOXENIDAE,6/11/02,6/16/02,1
LEPIDOPTERA,AGONOXENIDAE,6/17/02,6/18/02,3
LEPIDOPTERA,AGONOXENIDAE,6/19/02,6/27/02,3
LEPIDOPTERA,AGONOXENIDAE,7/12/02,7/15/02,2
LEPIDOPTERA,AGONOXENIDAE,7/16/02,7/17/02,1
LEPIDOPTERA,ARCTIIDAE,6/1/02,6/10/02,1
LEPIDOPTERA,ARCTIIDAE,7/12/02,7/15/02,1
LEPIDOPTERA,ARCTIIDAE,7/18/02,7/28/02,15
LEPIDOPTERA,ARCTIIDAE,7/8/02,7/11/02,2
LEPIDOPTERA,ARCTIIDAE,8/1/02,8/4/02,3
LEPIDOPTERA,BATRACHEDRIDAE,7/12/02,7/15/02,2
LEPIDOPTERA,BATRACHEDRIDAE,7/16/02,7/17/02,3
LEPIDOPTERA,BATRACHEDRIDAE,7/18/02,7/28/02,2
LEPIDOPTERA,BATRACHEDRIDAE,7/29/02,7/31/02,1
LEPIDOPTERA,BATRACHEDRIDAE,7/4/02,7/7/02,2
LEPIDOPTERA,BATRACHEDRIDAE,7/8/02,7/11/02,3
LEPIDOPTERA,BATRACHEDRIDAE,8/12/02,8/14/02,8
LEPIDOPTERA,BATRACHEDRIDAE,8/15/02,8/19/02,1
LEPIDOPTERA,BATRACHEDRIDAE,8/27/02,8/29/02,1
LEPIDOPTERA,BATRACHEDRIDAE,8/8/02,8/11/02,1
LEPIDOPTERA,BUCCULATRICIDAE,5/13/02,5/23/02,1
LEPIDOPTERA,BUCCULATRICIDAE,5/24/02,5/28/02,1
LEPIDOPTERA,BUCCULATRICIDAE,6/1/02,6/10/02,2
LEPIDOPTERA,BUCCULATRICIDAE,6/11/02,6/16/02,3
LEPIDOPTERA,BUCCULATRICIDAE,7/12/02,7/15/02,1
LEPIDOPTERA,BUCCULATRICIDAE,7/16/02,7/17/02,1
LEPIDOPTERA,BUCCULATRICIDAE,7/18/02,7/28/02,1
LEPIDOPTERA,BUCCULATRICIDAE,8/1/02,8/4/02,1
LEPIDOPTERA,BUCCULATRICIDAE,8/12/02,8/14/02,6
LEPIDOPTERA,BUCCULATRICIDAE,8/15/02,8/19/02,4
LEPIDOPTERA,BUCCULATRICIDAE,8/27/02,8/29/02,1
LEPIDOPTERA,BUCCULATRICIDAE,8/30/02,9/4/02,1
LEPIDOPTERA,BUCCULATRICIDAE,8/5/02,8/7/02,1
LEPIDOPTERA,CHOREUTIDAE,8/27/02,8/29/02,1
LEPIDOPTERA,COLEOPHORIDAE,5/29/02,5/31/02,1
LEPIDOPTERA,COLEOPHORIDAE,6/1/02,6/10/02,24
LEPIDOPTERA,COLEOPHORIDAE,6/11/02,6/16/02,4
LEPIDOPTERA,COLEOPHORIDAE,6/17/02,6/18/02,6
LEPIDOPTERA,COLEOPHORIDAE,6/19/02,6/27/02,6
LEPIDOPTERA,COLEOPHORIDAE,6/28/02,7/3/02,6
LEPIDOPTERA,COLEOPHORIDAE,7/12/02,7/15/02,27
LEPIDOPTERA,COLEOPHORIDAE,7/16/02,7/17/02,26
LEPIDOPTERA,COLEOPHORIDAE,7/18/02,7/28/02,43
LEPIDOPTERA,COLEOPHORIDAE,7/29/02,7/31/02,4
LEPIDOPTERA,COLEOPHORIDAE,7/4/02,7/7/02,12
LEPIDOPTERA,COLEOPHORIDAE,7/8/02,7/11/02,17
LEPIDOPTERA,COLEOPHORIDAE,8/12/02,8/14/02,2
LEPIDOPTERA,COLEOPHORIDAE,8/5/02,8/7/02,1
LEPIDOPTERA,COLEOPHORIDAE,8/8/02,8/11/02,1
LEPIDOPTERA,COSMOPTERIGIDAE,7/16/02,7/17/02,1
LEPIDOPTERA,COSSIDAE,6/1/02,6/10/02,1
LEPIDOPTERA,COSSIDAE,6/11/02,6/16/02,1
LEPIDOPTERA,COSSIDAE,6/19/02,6/27/02,3
LEPIDOPTERA,DEPRESSARIIDAE,5/13/02,5/23/02,1
LEPIDOPTERA,DREPANIDAE,4/22/02,5/12/02,1
LEPIDOPTERA,DREPANIDAE,6/1/02,6/10/02,2
LEPIDOPTERA,DREPANIDAE,6/19/02,6/27/02,1
LEPIDOPTERA,DREPANIDAE,7/12/02,7/15/02,1
LEPIDOPTERA,DREPANIDAE,7/18/02,7/28/02,5
LEPIDOPTERA,DREPANIDAE,7/29/02,7/31/02,1
LEPIDOPTERA,DREPANIDAE,7/8/02,7/11/02,1
LEPIDOPTERA,DREPANIDAE,8/1/02,8/4/02,2
LEPIDOPTERA,DREPANIDAE,8/27/02,8/29/02,4
LEPIDOPTERA,DREPANIDAE,8/30/02,9/4/02,1
LEPIDOPTERA,ELACHISTIDAE,6/19/02,6/27/02,1
LEPIDOPTERA,ELACHISTIDAE,7/16/02,7/17/02,1
LEPIDOPTERA,ELACHISTIDAE,7/18/02,7/28/02,2
LEPIDOPTERA,ELACHISTIDAE,7/8/02,7/11/02,1
LEPIDOPTERA,ELACHISTIDAE,8/12/02,8/14/02,1
LEPIDOPTERA,ERIOCRANIIDAE,4/2/02,4/21/02,1
LEPIDOPTERA,ERIOCRANIIDAE,4/22/02,5/12/02,1
LEPIDOPTERA,GELECHIIDAE,6/1/02,6/10/02,2
LEPIDOPTERA,GELECHIIDAE,6/11/02,6/16/02,3
LEPIDOPTERA,GELECHIIDAE,6/17/02,6/18/02,5
LEPIDOPTERA,GELECHIIDAE,6/19/02,6/27/02,11
LEPIDOPTERA,GELECHIIDAE,6/28/02,7/3/02,2
LEPIDOPTERA,GELECHIIDAE,7/12/02,7/15/02,11
LEPIDOPTERA,GELECHIIDAE,7/16/02,7/17/02,21
LEPIDOPTERA,GELECHIIDAE,7/18/02,7/28/02,35
LEPIDOPTERA,GELECHIIDAE,7/29/02,7/31/02,5
LEPIDOPTERA,GELECHIIDAE,7/4/02,7/7/02,8
LEPIDOPTERA,GELECHIIDAE,7/8/02,7/11/02,15
LEPIDOPTERA,GELECHIIDAE,8/1/02,8/4/02,3
LEPIDOPTERA,GELECHIIDAE,8/12/02,8/14/02,9
LEPIDOPTERA,GELECHIIDAE,8/15/02,8/19/02,4
LEPIDOPTERA,GELECHIIDAE,8/27/02,8/29/02,6
LEPIDOPTERA,GELECHIIDAE,8/30/02,9/4/02,3
LEPIDOPTERA,GELECHIIDAE,8/5/02,8/7/02,1
LEPIDOPTERA,GELECHIIDAE,8/8/02,8/11/02,5
LEPIDOPTERA,GEOMETRIDAE,10/29/02,11/18/02,1
LEPIDOPTERA,GEOMETRIDAE,4/2/02,4/21/02,1
LEPIDOPTERA,GEOMETRIDAE,4/22/02,5/12/02,3
LEPIDOPTERA,GEOMETRIDAE,5/13/02,5/23/02,13
LEPIDOPTERA,GEOMETRIDAE,5/24/02,5/28/02,16
LEPIDOPTERA,GEOMETRIDAE,5/29/02,5/31/02,11
LEPIDOPTERA,GEOMETRIDAE,6/1/02,6/10/02,18
LEPIDOPTERA,GEOMETRIDAE,6/11/02,6/16/02,25
LEPIDOPTERA,GEOMETRIDAE,6/17/02,6/18/02,11
LEPIDOPTERA,GEOMETRIDAE,6/19/02,6/27/02,71
LEPIDOPTERA,GEOMETRIDAE,6/28/02,7/3/02,11
LEPIDOPTERA,GEOMETRIDAE,7/12/02,7/15/02,34
LEPIDOPTERA,GEOMETRIDAE,7/16/02,7/17/02,39
LEPIDOPTERA,GEOMETRIDAE,7/18/02,7/28/02,78
LEPIDOPTERA,GEOMETRIDAE,7/29/02,7/31/02,16
LEPIDOPTERA,GEOMETRIDAE,7/4/02,7/7/02,25
LEPIDOPTERA,GEOMETRIDAE,7/8/02,7/11/02,12
LEPIDOPTERA,GEOMETRIDAE,8/1/02,8/4/02,20
LEPIDOPTERA,GEOMETRIDAE,8/12/02,8/14/02,6
LEPIDOPTERA,GEOMETRIDAE,8/15/02,8/19/02,14
LEPIDOPTERA,GEOMETRIDAE,8/20/02,8/22/02,1
LEPIDOPTERA,GEOMETRIDAE,8/23/02,8/26/02,2
LEPIDOPTERA,GEOMETRIDAE,8/27/02,8/29/02,15
LEPIDOPTERA,GEOMETRIDAE,8/30/02,9/4/02,10
LEPIDOPTERA,GEOMETRIDAE,8/5/02,8/7/02,5
LEPIDOPTERA,GEOMETRIDAE,8/8/02,8/11/02,8
LEPIDOPTERA,GEOMETRIDAE,9/16/02,9/24/02,3
LEPIDOPTERA,GEOMETRIDAE,9/25/02,10/1/02,4
LEPIDOPTERA,GLYPHIPTERIGIDAE,6/1/02,6/10/02,2
LEPIDOPTERA,GLYPHIPTERIGIDAE,6/17/02,6/18/02,1
LEPIDOPTERA,GRACILLARIIDAE,4/22/02,5/12/02,2
LEPIDOPTERA,GRACILLARIIDAE,5/13/02,5/23/02,5
LEPIDOPTERA,GRACILLARIIDAE,5/24/02,5/28/02,6
LEPIDOPTERA,GRACILLARIIDAE,5/29/02,5/31/02,2
LEPIDOPTERA,GRACILLARIIDAE,6/1/02,6/10/02,8
LEPIDOPTERA,GRACILLARIIDAE,6/11/02,6/16/02,8
LEPIDOPTERA,GRACILLARIIDAE,6/17/02,6/18/02,1
LEPIDOPTERA,GRACILLARIIDAE,6/19/02,6/27/02,5
LEPIDOPTERA,GRACILLARIIDAE,6/28/02,7/3/02,2
LEPIDOPTERA,GRACILLARIIDAE,7/12/02,7/15/02,26
LEPIDOPTERA,GRACILLARIIDAE,7/16/02,7/17/02,23
LEPIDOPTERA,GRACILLARIIDAE,7/18/02,7/28/02,36
LEPIDOPTERA,GRACILLARIIDAE,7/29/02,7/31/02,7
LEPIDOPTERA,GRACILLARIIDAE,7/4/02,7/7/02,8
LEPIDOPTERA,GRACILLARIIDAE,7/8/02,7/11/02,10
LEPIDOPTERA,GRACILLARIIDAE,8/1/02,8/4/02,5
LEPIDOPTERA,GRACILLARIIDAE,8/12/02,8/14/02,25
LEPIDOPTERA,GRACILLARIIDAE,8/15/02,8/19/02,18
LEPIDOPTERA,GRACILLARIIDAE,8/20/02,8/22/02,1
LEPIDOPTERA,GRACILLARIIDAE,8/27/02,8/29/02,16
LEPIDOPTERA,GRACILLARIIDAE,8/30/02,9/4/02,3
LEPIDOPTERA,GRACILLARIIDAE,8/5/02,8/7/02,7
LEPIDOPTERA,GRACILLARIIDAE,8/8/02,8/11/02,1
LEPIDOPTERA,GRACILLARIIDAE,9/25/02,10/1/02,1
LEPIDOPTERA,HEPIALIDAE,5/13/02,5/23/02,3
LEPIDOPTERA,HEPIALIDAE,5/24/02,5/28/02,1
LEPIDOPTERA,HEPIALIDAE,5/29/02,5/31/02,2
LEPIDOPTERA,LASIOCAMPIDAE,7/8/02,7/11/02,1
LEPIDOPTERA,LYMANTRIIDAE,6/28/02,7/3/02,1
LEPIDOPTERA,LYMANTRIIDAE,7/4/02,7/7/02,1
LEPIDOPTERA,LYMANTRIIDAE,7/8/02,7/11/02,1
LEPIDOPTERA,LYONETIDAE,6/11/02,6/16/02,6
LEPIDOPTERA,LYONETIDAE,6/17/02,6/18/02,5
LEPIDOPTERA,LYONETIDAE,6/19/02,6/27/02,20
LEPIDOPTERA,LYONETIDAE,6/28/02,7/3/02,1
LEPIDOPTERA,LYONETIDAE,7/16/02,7/17/02,1
LEPIDOPTERA,LYONETIDAE,7/18/02,7/28/02,1
LEPIDOPTERA,LYONETIDAE,7/29/02,7/31/02,1
LEPIDOPTERA,LYONETIDAE,7/8/02,7/11/02,1
LEPIDOPTERA,LYONETIDAE,8/12/02,8/14/02,4
LEPIDOPTERA,LYONETIDAE,8/15/02,8/19/02,5
LEPIDOPTERA,LYONETIDAE,8/20/02,8/22/02,1
LEPIDOPTERA,MOMPHIDAE,5/13/02,5/23/02,1
LEPIDOPTERA,MOMPHIDAE,5/24/02,5/28/02,5
LEPIDOPTERA,MOMPHIDAE,5/29/02,5/31/02,2
LEPIDOPTERA,MOMPHIDAE,6/1/02,6/10/02,3
LEPIDOPTERA,MOMPHIDAE,6/11/02,6/16/02,1
LEPIDOPTERA,MOMPHIDAE,6/17/02,6/18/02,1
LEPIDOPTERA,MOMPHIDAE,7/12/02,7/15/02,3
LEPIDOPTERA,MOMPHIDAE,7/16/02,7/17/02,3
LEPIDOPTERA,MOMPHIDAE,7/18/02,7/28/02,6
LEPIDOPTERA,MOMPHIDAE,7/8/02,7/11/02,2
LEPIDOPTERA,MOMPHIDAE,8/1/02,8/4/02,2
LEPIDOPTERA,MOMPHIDAE,8/12/02,8/14/02,3
LEPIDOPTERA,MOMPHIDAE,8/15/02,8/19/02,4
LEPIDOPTERA,MOMPHIDAE,8/27/02,8/29/02,2
LEPIDOPTERA,MOMPHIDAE,8/5/02,8/7/02,1
LEPIDOPTERA,MOMPHIDAE,9/25/02,10/1/02,3
LEPIDOPTERA,NEPTICULIDAE,5/13/02,5/23/02,2
LEPIDOPTERA,NEPTICULIDAE,5/24/02,5/28/02,1
LEPIDOPTERA,NEPTICULIDAE,5/29/02,5/31/02,1
LEPIDOPTERA,NEPTICULIDAE,6/1/02,6/10/02,4
LEPIDOPTERA,NEPTICULIDAE,6/11/02,6/16/02,5
LEPIDOPTERA,NEPTICULIDAE,6/19/02,6/27/02,27
LEPIDOPTERA,NEPTICULIDAE,7/12/02,7/15/02,5
LEPIDOPTERA,NEPTICULIDAE,7/16/02,7/17/02,1
LEPIDOPTERA,NEPTICULIDAE,7/8/02,7/11/02,2
LEPIDOPTERA,NEPTICULIDAE,8/12/02,8/14/02,2
LEPIDOPTERA,NEPTICULIDAE,8/15/02,8/19/02,4
LEPIDOPTERA,NEPTICULIDAE,8/27/02,8/29/02,5
LEPIDOPTERA,NEPTICULIDAE,8/30/02,9/4/02,2
LEPIDOPTERA,NOCTUIDAE,10/15/02,10/28/02,4
LEPIDOPTERA,NOCTUIDAE,10/2/02,10/14/02,60
LEPIDOPTERA,NOCTUIDAE,10/29/02,11/18/02,3
LEPIDOPTERA,NOCTUIDAE,3/14/02,3/27/02,1
LEPIDOPTERA,NOCTUIDAE,4/2/02,4/21/02,62
LEPIDOPTERA,NOCTUIDAE,4/22/02,5/12/02,36
LEPIDOPTERA,NOCTUIDAE,5/13/02,5/23/02,15
LEPIDOPTERA,NOCTUIDAE,5/24/02,5/28/02,53
LEPIDOPTERA,NOCTUIDAE,5/29/02,5/31/02,43
LEPIDOPTERA,NOCTUIDAE,6/1/02,6/10/02,130
LEPIDOPTERA,NOCTUIDAE,6/11/02,6/16/02,216
LEPIDOPTERA,NOCTUIDAE,6/17/02,6/18/02,116
LEPIDOPTERA,NOCTUIDAE,6/19/02,6/27/02,505
LEPIDOPTERA,NOCTUIDAE,6/28/02,7/3/02,333
LEPIDOPTERA,NOCTUIDAE,7/12/02,7/15/02,122
LEPIDOPTERA,NOCTUIDAE,7/16/02,7/17/02,111
LEPIDOPTERA,NOCTUIDAE,7/18/02,7/28/02,397
LEPIDOPTERA,NOCTUIDAE,7/29/02,7/31/02,53
LEPIDOPTERA,NOCTUIDAE,7/4/02,7/7/02,204
LEPIDOPTERA,NOCTUIDAE,7/8/02,7/11/02,87
LEPIDOPTERA,NOCTUIDAE,8/1/02,8/4/02,117
LEPIDOPTERA,NOCTUIDAE,8/12/02,8/14/02,306
LEPIDOPTERA,NOCTUIDAE,8/15/02,8/19/02,264
LEPIDOPTERA,NOCTUIDAE,8/20/02,8/22/02,69
LEPIDOPTERA,NOCTUIDAE,8/23/02,8/26/02,94
LEPIDOPTERA,NOCTUIDAE,8/27/02,8/29/02,210
LEPIDOPTERA,NOCTUIDAE,8/30/02,9/4/02,171
LEPIDOPTERA,NOCTUIDAE,8/5/02,8/7/02,69
LEPIDOPTERA,NOCTUIDAE,8/8/02,8/11/02,227
LEPIDOPTERA,NOCTUIDAE,9/16/02,9/24/02,80
LEPIDOPTERA,NOCTUIDAE,9/25/02,10/1/02,160
LEPIDOPTERA,NOLIDAE,5/24/02,5/28/02,1
LEPIDOPTERA,NOLIDAE,5/29/02,5/31/02,1
LEPIDOPTERA,NOLIDAE,6/1/02,6/10/02,4
LEPIDOPTERA,NOLIDAE,6/17/02,6/18/02,5
LEPIDOPTERA,NOLIDAE,6/19/02,6/27/02,7
LEPIDOPTERA,NOLIDAE,6/28/02,7/3/02,2
LEPIDOPTERA,NOLIDAE,7/12/02,7/15/02,1
LEPIDOPTERA,NOLIDAE,7/16/02,7/17/02,5
LEPIDOPTERA,NOLIDAE,7/18/02,7/28/02,2
LEPIDOPTERA,NOLIDAE,7/8/02,7/11/02,2
LEPIDOPTERA,NOLIDAE,8/15/02,8/19/02,1
LEPIDOPTERA,NOLIDAE,8/27/02,8/29/02,1
LEPIDOPTERA,NOTODONTIDAE,4/22/02,5/12/02,1
LEPIDOPTERA,NOTODONTIDAE,5/13/02,5/23/02,4
LEPIDOPTERA,NOTODONTIDAE,5/29/02,5/31/02,6
LEPIDOPTERA,NOTODONTIDAE,6/1/02,6/10/02,1
LEPIDOPTERA,NOTODONTIDAE,6/11/02,6/16/02,3
LEPIDOPTERA,NOTODONTIDAE,6/19/02,6/27/02,3
LEPIDOPTERA,NOTODONTIDAE,7/18/02,7/28/02,7
LEPIDOPTERA,NOTODONTIDAE,8/1/02,8/4/02,3
LEPIDOPTERA,NOTODONTIDAE,8/12/02,8/14/02,4
LEPIDOPTERA,NOTODONTIDAE,8/15/02,8/19/02,3
LEPIDOPTERA,NOTODONTIDAE,8/5/02,8/7/02,4
LEPIDOPTERA,NOTODONTIDAE,8/8/02,8/11/02,1
LEPIDOPTERA,OECOPHORIDAE,10/2/02,10/14/02,2
LEPIDOPTERA,OECOPHORIDAE,5/13/02,5/23/02,3
LEPIDOPTERA,OECOPHORIDAE,5/24/02,5/28/02,1
LEPIDOPTERA,OECOPHORIDAE,6/1/02,6/10/02,5
LEPIDOPTERA,OECOPHORIDAE,6/11/02,6/16/02,7
LEPIDOPTERA,OECOPHORIDAE,6/17/02,6/18/02,3
LEPIDOPTERA,OECOPHORIDAE,6/19/02,6/27/02,13
LEPIDOPTERA,OECOPHORIDAE,6/28/02,7/3/02,3
LEPIDOPTERA,OECOPHORIDAE,7/12/02,7/15/02,22
LEPIDOPTERA,OECOPHORIDAE,7/16/02,7/17/02,30
LEPIDOPTERA,OECOPHORIDAE,7/18/02,7/28/02,26
LEPIDOPTERA,OECOPHORIDAE,7/29/02,7/31/02,7
LEPIDOPTERA,OECOPHORIDAE,7/4/02,7/7/02,4
LEPIDOPTERA,OECOPHORIDAE,7/8/02,7/11/02,10
LEPIDOPTERA,OECOPHORIDAE,8/1/02,8/4/02,3
LEPIDOPTERA,OECOPHORIDAE,8/12/02,8/14/02,10
LEPIDOPTERA,OECOPHORIDAE,8/15/02,8/19/02,6
LEPIDOPTERA,OECOPHORIDAE,8/27/02,8/29/02,2
LEPIDOPTERA,OECOPHORIDAE,8/30/02,9/4/02,1
LEPIDOPTERA,OECOPHORIDAE,8/5/02,8/7/02,5
LEPIDOPTERA,OECOPHORIDAE,8/8/02,8/11/02,8
LEPIDOPTERA,OECOPHORIDAE,9/16/02,9/24/02,8
LEPIDOPTERA,OECOPHORIDAE,9/25/02,10/1/02,7
LEPIDOPTERA,PLUTELLIDAE,10/15/02,10/28/02,1
LEPIDOPTERA,PLUTELLIDAE,10/2/02,10/14/02,4
LEPIDOPTERA,PLUTELLIDAE,10/29/02,11/18/02,3
LEPIDOPTERA,PLUTELLIDAE,4/22/02,5/12/02,1
LEPIDOPTERA,PLUTELLIDAE,6/17/02,6/18/02,1
LEPIDOPTERA,PLUTELLIDAE,6/19/02,6/27/02,6
LEPIDOPTERA,PLUTELLIDAE,7/12/02,7/15/02,11
LEPIDOPTERA,PLUTELLIDAE,7/16/02,7/17/02,14
LEPIDOPTERA,PLUTELLIDAE,7/18/02,7/28/02,116
LEPIDOPTERA,PLUTELLIDAE,7/29/02,7/31/02,63
LEPIDOPTERA,PLUTELLIDAE,7/8/02,7/11/02,3
LEPIDOPTERA,PLUTELLIDAE,8/1/02,8/4/02,87
LEPIDOPTERA,PLUTELLIDAE,8/12/02,8/14/02,31
LEPIDOPTERA,PLUTELLIDAE,8/15/02,8/19/02,19
LEPIDOPTERA,PLUTELLIDAE,8/20/02,8/22/02,11
LEPIDOPTERA,PLUTELLIDAE,8/23/02,8/26/02,28
LEPIDOPTERA,PLUTELLIDAE,8/27/02,8/29/02,55
LEPIDOPTERA,PLUTELLIDAE,8/30/02,9/4/02,19
LEPIDOPTERA,PLUTELLIDAE,8/8/02,8/11/02,69
LEPIDOPTERA,PLUTELLIDAE,9/16/02,9/24/02,1
LEPIDOPTERA,PLUTELLIDAE,9/25/02,10/1/02,4
LEPIDOPTERA,PTEROPHORIDAE,7/18/02,7/28/02,1
LEPIDOPTERA,PTEROPHORIDAE,8/12/02,8/14/02,2
LEPIDOPTERA,PTEROPHORIDAE,9/16/02,9/24/02,1
LEPIDOPTERA,PYRALIDAE,10/2/02,10/14/02,1
LEPIDOPTERA,PYRALIDAE,4/22/02,5/12/02,2
LEPIDOPTERA,PYRALIDAE,6/1/02,6/10/02,10
LEPIDOPTERA,PYRALIDAE,6/11/02,6/16/02,7
LEPIDOPTERA,PYRALIDAE,6/17/02,6/18/02,17
LEPIDOPTERA,PYRALIDAE,6/19/02,6/27/02,63
LEPIDOPTERA,PYRALIDAE,6/28/02,7/3/02,12
LEPIDOPTERA,PYRALIDAE,7/12/02,7/15/02,88
LEPIDOPTERA,PYRALIDAE,7/16/02,7/17/02,143
LEPIDOPTERA,PYRALIDAE,7/18/02,7/28/02,240
LEPIDOPTERA,PYRALIDAE,7/29/02,7/31/02,22
LEPIDOPTERA,PYRALIDAE,7/4/02,7/7/02,19
LEPIDOPTERA,PYRALIDAE,7/8/02,7/11/02,36
LEPIDOPTERA,PYRALIDAE,8/1/02,8/4/02,10
LEPIDOPTERA,PYRALIDAE,8/12/02,8/14/02,20
LEPIDOPTERA,PYRALIDAE,8/15/02,8/19/02,22
LEPIDOPTERA,PYRALIDAE,8/20/02,8/22/02,1
LEPIDOPTERA,PYRALIDAE,8/23/02,8/26/02,2
LEPIDOPTERA,PYRALIDAE,8/27/02,8/29/02,10
LEPIDOPTERA,PYRALIDAE,8/30/02,9/4/02,4
LEPIDOPTERA,PYRALIDAE,8/5/02,8/7/02,9
LEPIDOPTERA,PYRALIDAE,8/8/02,8/11/02,8
LEPIDOPTERA,PYRALIDAE,9/16/02,9/24/02,3
LEPIDOPTERA,PYRALIDAE,9/25/02,10/1/02,8
LEPIDOPTERA,SPHINGIDAE,5/13/02,5/23/02,4
LEPIDOPTERA,SPHINGIDAE,5/29/02,5/31/02,1
LEPIDOPTERA,SPHINGIDAE,6/11/02,6/16/02,2
LEPIDOPTERA,SPHINGIDAE,6/17/02,6/18/02,1
LEPIDOPTERA,SPHINGIDAE,7/18/02,7/28/02,2
LEPIDOPTERA,TINEIDAE,6/1/02,6/10/02,1
LEPIDOPTERA,TINEIDAE,6/11/02,6/16/02,2
LEPIDOPTERA,TINEIDAE,6/17/02,6/18/02,1
LEPIDOPTERA,TINEIDAE,6/19/02,6/27/02,1
LEPIDOPTERA,TINEIDAE,7/12/02,7/15/02,2
LEPIDOPTERA,TINEIDAE,7/16/02,7/17/02,2
LEPIDOPTERA,TINEIDAE,7/18/02,7/28/02,3
LEPIDOPTERA,TINEIDAE,7/4/02,7/7/02,3
LEPIDOPTERA,TINEIDAE,8/15/02,8/19/02,1
LEPIDOPTERA,TINEIDAE,8/27/02,8/29/02,1
LEPIDOPTERA,TORTRICIDAE,10/15/02,10/28/02,1
LEPIDOPTERA,TORTRICIDAE,10/2/02,10/14/02,1
LEPIDOPTERA,TORTRICIDAE,10/29/02,11/18/02,2
LEPIDOPTERA,TORTRICIDAE,5/13/02,5/23/02,1
LEPIDOPTERA,TORTRICIDAE,5/24/02,5/28/02,4
LEPIDOPTERA,TORTRICIDAE,5/29/02,5/31/02,1
LEPIDOPTERA,TORTRICIDAE,6/1/02,6/10/02,32
LEPIDOPTERA,TORTRICIDAE,6/11/02,6/16/02,48
LEPIDOPTERA,TORTRICIDAE,6/17/02,6/18/02,59
LEPIDOPTERA,TORTRICIDAE,6/19/02,6/27/02,162
LEPIDOPTERA,TORTRICIDAE,6/28/02,7/3/02,79
LEPIDOPTERA,TORTRICIDAE,7/12/02,7/15/02,203
LEPIDOPTERA,TORTRICIDAE,7/16/02,7/17/02,240
LEPIDOPTERA,TORTRICIDAE,7/18/02,7/28/02,312
LEPIDOPTERA,TORTRICIDAE,7/29/02,7/31/02,42
LEPIDOPTERA,TORTRICIDAE,7/4/02,7/7/02,125
LEPIDOPTERA,TORTRICIDAE,7/8/02,7/11/02,137
LEPIDOPTERA,TORTRICIDAE,8/1/02,8/4/02,39
LEPIDOPTERA,TORTRICIDAE,8/12/02,8/14/02,37
LEPIDOPTERA,TORTRICIDAE,8/15/02,8/19/02,28
LEPIDOPTERA,TORTRICIDAE,8/20/02,8/22/02,3
LEPIDOPTERA,TORTRICIDAE,8/23/02,8/26/02,5
LEPIDOPTERA,TORTRICIDAE,8/27/02,8/29/02,14
LEPIDOPTERA,TORTRICIDAE,8/30/02,9/4/02,9
LEPIDOPTERA,TORTRICIDAE,8/5/02,8/7/02,9
LEPIDOPTERA,TORTRICIDAE,8/8/02,8/11/02,19
LEPIDOPTERA,TORTRICIDAE,9/16/02,9/24/02,1
LEPIDOPTERA,TORTRICIDAE,9/25/02,10/1/02,11
LEPIDOPTERA,YPONOMEUTIDAE,10/2/02,10/14/02,4
LEPIDOPTERA,YPONOMEUTIDAE,5/13/02,5/23/02,1
LEPIDOPTERA,YPONOMEUTIDAE,5/24/02,5/28/02,2
LEPIDOPTERA,YPONOMEUTIDAE,6/1/02,6/10/02,3
LEPIDOPTERA,YPONOMEUTIDAE,6/11/02,6/16/02,7
LEPIDOPTERA,YPONOMEUTIDAE,6/17/02,6/18/02,2
LEPIDOPTERA,YPONOMEUTIDAE,6/19/02,6/27/02,17
LEPIDOPTERA,YPONOMEUTIDAE,6/28/02,7/3/02,2
LEPIDOPTERA,YPONOMEUTIDAE,7/12/02,7/15/02,248
LEPIDOPTERA,YPONOMEUTIDAE,7/16/02,7/17/02,370
LEPIDOPTERA,YPONOMEUTIDAE,7/18/02,7/28/02,594
LEPIDOPTERA,YPONOMEUTIDAE,7/29/02,7/31/02,29
LEPIDOPTERA,YPONOMEUTIDAE,7/4/02,7/7/02,44
LEPIDOPTERA,YPONOMEUTIDAE,7/8/02,7/11/02,73
LEPIDOPTERA,YPONOMEUTIDAE,8/1/02,8/4/02,14
LEPIDOPTERA,YPONOMEUTIDAE,8/12/02,8/14/02,45
LEPIDOPTERA,YPONOMEUTIDAE,8/15/02,8/19/02,30
LEPIDOPTERA,YPONOMEUTIDAE,8/20/02,8/22/02,6
LEPIDOPTERA,YPONOMEUTIDAE,8/23/02,8/26/02,7
LEPIDOPTERA,YPONOMEUTIDAE,8/27/02,8/29/02,12
LEPIDOPTERA,YPONOMEUTIDAE,8/30/02,9/4/02,4
LEPIDOPTERA,YPONOMEUTIDAE,8/8/02,8/11/02,15
LEPIDOPTERA,YPONOMEUTIDAE,9/25/02,10/1/02,1
