order,family,date1,date2,individuals
COLEOPTERA,ANOBIIDAE,3/28/03,4/21/03,1
COLEOPTERA,ANOBIIDAE,5/1/03,5/20/03,1
COLEOPTERA,ANOBIIDAE,5/27/03,6/1/03,3
COLEOPTERA,ANOBIIDAE,6/2/03,6/9/03,2
COLEOPTERA,ANOBIIDAE,6/23/03,7/10/03,1
COLEOPTERA,ANOBIIDAE,7/11/03,7/14/03,1
COLEOPTERA,ANOBIIDAE,7/25/03,7/31/03,1
COLEOPTERA,CANTHARIDAE,5/21/03,5/26/03,1
COLEOPTERA,CANTHARIDAE,5/27/03,6/1/03,2
COLEOPTERA,CANTHARIDAE,6/10/03,6/15/03,1
COLEOPTERA,CANTHARIDAE,6/2/03,6/9/03,5
COLEOPTERA,CANTHARIDAE,6/23/03,7/10/03,5
COLEOPTERA,CANTHARIDAE,7/11/03,7/14/03,4
COLEOPTERA,CANTHARIDAE,7/15/03,7/20/03,3
COLEOPTERA,CANTHARIDAE,7/21/03,7/24/03,3
COLEOPTERA,CANTHARIDAE,8/1/03,8/8/03,1
COLEOPTERA,CARABIDAE,10/1/03,10/16/03,1
COLEOPTERA,CARABIDAE,5/1/03,5/20/03,2
COLEOPTERA,CARABIDAE,6/2/03,6/9/03,3
COLEOPTERA,CARABIDAE,6/23/03,7/10/03,5
COLEOPTERA,CARABIDAE,7/11/03,7/14/03,35
COLEOPTERA,CARABIDAE,7/15/03,7/20/03,141
COLEOPTERA,CARABIDAE,7/21/03,7/24/03,106
COLEOPTERA,CARABIDAE,7/25/03,7/31/03,49
COLEOPTERA,CARABIDAE,8/1/03,8/8/03,86
COLEOPTERA,CARABIDAE,8/15/03,8/18/03,5
COLEOPTERA,CARABIDAE,8/19/03,8/28/03,3
COLEOPTERA,CARABIDAE,8/29/03,9/15/03,5
COLEOPTERA,CARABIDAE,8/9/03,8/14/03,65
COLEOPTERA,CARABIDAE,9/16/03,9/30/03,1
COLEOPTERA,CERAMBYCIDAE,7/15/03,7/20/03,1
COLEOPTERA,CERAMBYCIDAE,8/1/03,8/8/03,1
COLEOPTERA,CERAMBYCIDAE,8/9/03,8/14/03,1
COLEOPTERA,CHRYSOMELIDAE,7/15/03,7/20/03,1
COLEOPTERA,CHRYSOMELIDAE,7/25/03,7/31/03,1
COLEOPTERA,CHRYSOMELIDAE,8/1/03,8/8/03,2
COLEOPTERA,CHRYSOMELIDAE,8/9/03,8/14/03,13
COLEOPTERA,CLERIDAE,7/15/03,7/20/03,1
COLEOPTERA,CLERIDAE,7/21/03,7/24/03,1
COLEOPTERA,COCCINELLIDAE,10/17/03,10/31/03,1
COLEOPTERA,COCCINELLIDAE,3/28/03,4/21/03,1
COLEOPTERA,COCCINELLIDAE,5/1/03,5/20/03,1
COLEOPTERA,COCCINELLIDAE,5/21/03,5/26/03,3
COLEOPTERA,COCCINELLIDAE,5/27/03,6/1/03,7
COLEOPTERA,COCCINELLIDAE,6/10/03,6/15/03,5
COLEOPTERA,COCCINELLIDAE,6/16/03,6/22/03,2
COLEOPTERA,COCCINELLIDAE,6/2/03,6/9/03,14
COLEOPTERA,COCCINELLIDAE,6/23/03,7/10/03,49
COLEOPTERA,COCCINELLIDAE,7/11/03,7/14/03,19
COLEOPTERA,COCCINELLIDAE,7/15/03,7/20/03,23
COLEOPTERA,COCCINELLIDAE,7/21/03,7/24/03,6
COLEOPTERA,COCCINELLIDAE,7/25/03,7/31/03,6
COLEOPTERA,COCCINELLIDAE,8/1/03,8/8/03,6
COLEOPTERA,COCCINELLIDAE,8/15/03,8/18/03,1
COLEOPTERA,COCCINELLIDAE,8/19/03,8/28/03,14
COLEOPTERA,COCCINELLIDAE,8/29/03,9/15/03,6
COLEOPTERA,COCCINELLIDAE,8/9/03,8/14/03,8
COLEOPTERA,COCCINELLIDAE,9/16/03,9/30/03,16
COLEOPTERA,CORTICARIIDAE,8/9/03,8/14/03,1
COLEOPTERA,CRYPTOPHAGIDAE,6/23/03,7/10/03,3
COLEOPTERA,CRYPTOPHAGIDAE,7/15/03,7/20/03,62
COLEOPTERA,CRYPTOPHAGIDAE,7/21/03,7/24/03,3
COLEOPTERA,CRYPTOPHAGIDAE,8/1/03,8/8/03,1
COLEOPTERA,CRYPTOPHAGIDAE,8/9/03,8/14/03,1
COLEOPTERA,CURCULIONIDAE,5/21/03,5/26/03,1
COLEOPTERA,CURCULIONIDAE,6/2/03,6/9/03,1
COLEOPTERA,CURCULIONIDAE,6/23/03,7/10/03,11
COLEOPTERA,CURCULIONIDAE,7/11/03,7/14/03,8
COLEOPTERA,CURCULIONIDAE,7/15/03,7/20/03,7
COLEOPTERA,CURCULIONIDAE,7/21/03,7/24/03,2
COLEOPTERA,CURCULIONIDAE,7/25/03,7/31/03,2
COLEOPTERA,CURCULIONIDAE,8/1/03,8/8/03,6
COLEOPTERA,CURCULIONIDAE,8/19/03,8/28/03,1
COLEOPTERA,CURCULIONIDAE,8/9/03,8/14/03,3
COLEOPTERA,DERMESTIDAE,5/21/03,5/26/03,3
COLEOPTERA,DERMESTIDAE,5/27/03,6/1/03,3
COLEOPTERA,DERMESTIDAE,6/10/03,6/15/03,2
COLEOPTERA,DERMESTIDAE,6/16/03,6/22/03,1
COLEOPTERA,DERMESTIDAE,6/2/03,6/9/03,2
COLEOPTERA,DERMESTIDAE,6/23/03,7/10/03,4
COLEOPTERA,DERMESTIDAE,7/11/03,7/14/03,1
COLEOPTERA,DERMESTIDAE,7/15/03,7/20/03,1
COLEOPTERA,DERMESTIDAE,8/1/03,8/8/03,3
COLEOPTERA,DERMESTIDAE,8/19/03,8/28/03,1
COLEOPTERA,DERMESTIDAE,8/29/03,9/15/03,2
COLEOPTERA,DERMESTIDAE,8/9/03,8/14/03,2
COLEOPTERA,DERMESTIDAE,9/16/03,9/30/03,1
COLEOPTERA,DYTISCIDAE,6/2/03,6/9/03,1
COLEOPTERA,DYTISCIDAE,7/15/03,7/20/03,6
COLEOPTERA,DYTISCIDAE,7/21/03,7/24/03,2
COLEOPTERA,DYTISCIDAE,7/25/03,7/31/03,1
COLEOPTERA,DYTISCIDAE,8/1/03,8/8/03,3
COLEOPTERA,DYTISCIDAE,8/19/03,8/28/03,1
COLEOPTERA,DYTISCIDAE,8/9/03,8/14/03,4
COLEOPTERA,ELATERIDAE,5/21/03,5/26/03,1
COLEOPTERA,ELATERIDAE,6/10/03,6/15/03,1
COLEOPTERA,ELATERIDAE,6/23/03,7/10/03,1
COLEOPTERA,ELATERIDAE,7/11/03,7/14/03,5
COLEOPTERA,ELATERIDAE,7/15/03,7/20/03,1
COLEOPTERA,ELATERIDAE,7/21/03,7/24/03,2
COLEOPTERA,ELATERIDAE,7/25/03,7/31/03,1
COLEOPTERA,ELATERIDAE,8/1/03,8/8/03,3
COLEOPTERA,HELOPHORIDAE,8/1/03,8/8/03,1
COLEOPTERA,HELOPHORIDAE,8/19/03,8/28/03,1
COLEOPTERA,HETEROCERIDAE,6/23/03,7/10/03,1
COLEOPTERA,HETEROCERIDAE,7/15/03,7/20/03,5
COLEOPTERA,HETEROCERIDAE,7/21/03,7/24/03,3
COLEOPTERA,HETEROCERIDAE,8/1/03,8/8/03,3
COLEOPTERA,HETEROCERIDAE,8/15/03,8/18/03,3
COLEOPTERA,HETEROCERIDAE,8/19/03,8/28/03,1
COLEOPTERA,HETEROCERIDAE,8/9/03,8/14/03,9
COLEOPTERA,HYDRAENIDAE,6/16/03,6/22/03,1
COLEOPTERA,HYDRAENIDAE,8/9/03,8/14/03,1
COLEOPTERA,HYDROPHILIDAE,5/27/03,6/1/03,1
COLEOPTERA,HYDROPHILIDAE,6/10/03,6/15/03,1
COLEOPTERA,HYDROPHILIDAE,6/2/03,6/9/03,3
COLEOPTERA,HYDROPHILIDAE,6/23/03,7/10/03,11
COLEOPTERA,HYDROPHILIDAE,7/11/03,7/14/03,4
COLEOPTERA,HYDROPHILIDAE,7/15/03,7/20/03,52
COLEOPTERA,HYDROPHILIDAE,7/21/03,7/24/03,13
COLEOPTERA,HYDROPHILIDAE,7/25/03,7/31/03,4
COLEOPTERA,HYDROPHILIDAE,8/1/03,8/8/03,36
COLEOPTERA,HYDROPHILIDAE,8/15/03,8/18/03,2
COLEOPTERA,HYDROPHILIDAE,8/19/03,8/28/03,2
COLEOPTERA,HYDROPHILIDAE,8/29/03,9/15/03,2
COLEOPTERA,HYDROPHILIDAE,8/9/03,8/14/03,18
COLEOPTERA,MELYRIDAE,5/21/03,5/26/03,2
COLEOPTERA,MELYRIDAE,5/27/03,6/1/03,1
COLEOPTERA,MELYRIDAE,6/10/03,6/15/03,1
COLEOPTERA,MELYRIDAE,6/2/03,6/9/03,3
COLEOPTERA,MONOTOMIDAE,6/23/03,7/10/03,1
COLEOPTERA,MONOTOMIDAE,7/15/03,7/20/03,2
COLEOPTERA,MONOTOMIDAE,8/19/03,8/28/03,1
COLEOPTERA,NITIDULIDAE,7/11/03,7/14/03,1
COLEOPTERA,NITIDULIDAE,7/21/03,7/24/03,1
COLEOPTERA,NITIDULIDAE,7/25/03,7/31/03,1
COLEOPTERA,NITIDULIDAE,8/1/03,8/8/03,1
COLEOPTERA,NITIDULIDAE,8/19/03,8/28/03,1
COLEOPTERA,PHALACRIDAE,8/9/03,8/14/03,1
COLEOPTERA,RIPIPHORIDAE,8/9/03,8/14/03,1
COLEOPTERA,SCARABAEIDAE,5/21/03,5/26/03,2
COLEOPTERA,SCARABAEIDAE,5/27/03,6/1/03,2
COLEOPTERA,SCARABAEIDAE,6/10/03,6/15/03,4
COLEOPTERA,SCARABAEIDAE,6/16/03,6/22/03,1
COLEOPTERA,SCARABAEIDAE,6/2/03,6/9/03,1
COLEOPTERA,SCARABAEIDAE,6/23/03,7/10/03,17
COLEOPTERA,SCARABAEIDAE,7/11/03,7/14/03,7
COLEOPTERA,SCARABAEIDAE,7/15/03,7/20/03,11
COLEOPTERA,SCARABAEIDAE,7/21/03,7/24/03,2
COLEOPTERA,SCARABAEIDAE,7/25/03,7/31/03,2
COLEOPTERA,SCARABAEIDAE,8/1/03,8/8/03,3
COLEOPTERA,SCIRTIDAE,6/23/03,7/10/03,3
COLEOPTERA,SCIRTIDAE,7/11/03,7/14/03,2
COLEOPTERA,SCIRTIDAE,7/15/03,7/20/03,5
COLEOPTERA,SCIRTIDAE,7/21/03,7/24/03,1
COLEOPTERA,SCIRTIDAE,7/25/03,7/31/03,1
COLEOPTERA,SCIRTIDAE,8/19/03,8/28/03,1
COLEOPTERA,SCIRTIDAE,8/9/03,8/14/03,1
COLEOPTERA,SCRAPTIIDAE,6/23/03,7/10/03,2
COLEOPTERA,SCRAPTIIDAE,8/1/03,8/8/03,1
COLEOPTERA,SILPHIDAE,5/1/03,5/20/03,1
COLEOPTERA,SILPHIDAE,5/21/03,5/26/03,8
COLEOPTERA,SILPHIDAE,5/27/03,6/1/03,3
COLEOPTERA,SILPHIDAE,6/10/03,6/15/03,3
COLEOPTERA,SILPHIDAE,6/2/03,6/9/03,2
COLEOPTERA,SILPHIDAE,6/23/03,7/10/03,3
COLEOPTERA,SILPHIDAE,7/21/03,7/24/03,4
COLEOPTERA,STAPHYLINIDAE,11/1/03,12/2/03,1
COLEOPTERA,STAPHYLINIDAE,5/21/03,5/26/03,1
COLEOPTERA,STAPHYLINIDAE,6/23/03,7/10/03,23
COLEOPTERA,STAPHYLINIDAE,7/11/03,7/14/03,10
COLEOPTERA,STAPHYLINIDAE,7/15/03,7/20/03,308
COLEOPTERA,STAPHYLINIDAE,7/21/03,7/24/03,38
COLEOPTERA,STAPHYLINIDAE,7/25/03,7/31/03,14
COLEOPTERA,STAPHYLINIDAE,8/1/03,8/8/03,18
COLEOPTERA,STAPHYLINIDAE,8/15/03,8/18/03,4
COLEOPTERA,STAPHYLINIDAE,8/19/03,8/28/03,3
COLEOPTERA,STAPHYLINIDAE,8/9/03,8/14/03,52
COLEOPTERA,STAPHYLINIDAE,9/16/03,9/30/03,1
COLEOPTERA,TENEBRIONIDAE,6/23/03,7/10/03,62
COLEOPTERA,TENEBRIONIDAE,7/11/03,7/14/03,43
COLEOPTERA,TENEBRIONIDAE,7/15/03,7/20/03,59
COLEOPTERA,TENEBRIONIDAE,7/21/03,7/24/03,12
COLEOPTERA,TENEBRIONIDAE,7/25/03,7/31/03,9
COLEOPTERA,TENEBRIONIDAE,8/1/03,8/8/03,3
COLEOPTERA,TENEBRIONIDAE,8/9/03,8/14/03,1
COLEOPTERA,TENEBRIONIDAE,9/16/03,9/30/03,2
COLEOPTERA,THROSCIDAE,8/19/03,8/28/03,1
LEPIDOPTERA,ACROLEPIIDAE,8/19/03,8/28/03,1
LEPIDOPTERA,ADELIDAE,5/21/03,5/26/03,1
LEPIDOPTERA,AGONOXENIDAE,6/10/03,6/15/03,2
LEPIDOPTERA,AGONOXENIDAE,6/23/03,7/10/03,4
LEPIDOPTERA,ALUCITIDAE,5/21/03,5/26/03,1
LEPIDOPTERA,ARCTIIDAE,6/2/03,6/9/03,1
LEPIDOPTERA,ARCTIIDAE,6/23/03,7/10/03,2
LEPIDOPTERA,ARCTIIDAE,7/11/03,7/14/03,1
LEPIDOPTERA,ARCTIIDAE,7/15/03,7/20/03,2
LEPIDOPTERA,ARCTIIDAE,7/21/03,7/24/03,7
LEPIDOPTERA,ARCTIIDAE,7/25/03,7/31/03,5
LEPIDOPTERA,ARCTIIDAE,8/1/03,8/8/03,2
LEPIDOPTERA,ARCTIIDAE,8/19/03,8/28/03,1
LEPIDOPTERA,AUTOSTICHIDAE,8/1/03,8/8/03,5
LEPIDOPTERA,AUTOSTICHIDAE,8/19/03,8/28/03,1
LEPIDOPTERA,AUTOSTICHIDAE,8/9/03,8/14/03,3
LEPIDOPTERA,BATRACHEDRIDAE,6/16/03,6/22/03,1
LEPIDOPTERA,BATRACHEDRIDAE,6/23/03,7/10/03,3
LEPIDOPTERA,BATRACHEDRIDAE,7/11/03,7/14/03,2
LEPIDOPTERA,BATRACHEDRIDAE,7/15/03,7/20/03,1
LEPIDOPTERA,BATRACHEDRIDAE,7/21/03,7/24/03,1
LEPIDOPTERA,BATRACHEDRIDAE,7/25/03,7/31/03,3
LEPIDOPTERA,BATRACHEDRIDAE,8/1/03,8/8/03,7
LEPIDOPTERA,BATRACHEDRIDAE,8/29/03,9/15/03,1
LEPIDOPTERA,BATRACHEDRIDAE,8/9/03,8/14/03,2
LEPIDOPTERA,BEDELLIIDAE,6/23/03,7/10/03,1
LEPIDOPTERA,BEDELLIIDAE,8/29/03,9/15/03,1
LEPIDOPTERA,BUCCULATRICIDAE,5/21/03,5/26/03,5
LEPIDOPTERA,BUCCULATRICIDAE,5/27/03,6/1/03,4
LEPIDOPTERA,BUCCULATRICIDAE,6/10/03,6/15/03,2
LEPIDOPTERA,BUCCULATRICIDAE,6/2/03,6/9/03,4
LEPIDOPTERA,BUCCULATRICIDAE,7/15/03,7/20/03,1
LEPIDOPTERA,BUCCULATRICIDAE,7/25/03,7/31/03,1
LEPIDOPTERA,BUCCULATRICIDAE,8/1/03,8/8/03,17
LEPIDOPTERA,BUCCULATRICIDAE,8/19/03,8/28/03,3
LEPIDOPTERA,BUCCULATRICIDAE,8/9/03,8/14/03,8
LEPIDOPTERA,CHIMABACHIDAE,5/1/03,5/20/03,1
LEPIDOPTERA,COLEOPHORIDAE,6/10/03,6/15/03,45
LEPIDOPTERA,COLEOPHORIDAE,6/16/03,6/22/03,3
LEPIDOPTERA,COLEOPHORIDAE,6/2/03,6/9/03,30
LEPIDOPTERA,COLEOPHORIDAE,6/23/03,7/10/03,72
LEPIDOPTERA,COLEOPHORIDAE,7/11/03,7/14/03,76
LEPIDOPTERA,COLEOPHORIDAE,7/15/03,7/20/03,30
LEPIDOPTERA,COLEOPHORIDAE,7/21/03,7/24/03,34
LEPIDOPTERA,COLEOPHORIDAE,7/25/03,7/31/03,21
LEPIDOPTERA,COLEOPHORIDAE,8/1/03,8/8/03,39
LEPIDOPTERA,COLEOPHORIDAE,8/15/03,8/18/03,1
LEPIDOPTERA,COLEOPHORIDAE,8/29/03,9/15/03,1
LEPIDOPTERA,COLEOPHORIDAE,8/9/03,8/14/03,7
LEPIDOPTERA,COSSIDAE,6/23/03,7/10/03,1
LEPIDOPTERA,DEPRESSARIIDAE,3/14/03,3/27/03,1
LEPIDOPTERA,DEPRESSARIIDAE,5/1/03,5/20/03,1
LEPIDOPTERA,DEPRESSARIIDAE,6/23/03,7/10/03,1
LEPIDOPTERA,DREPANIDAE,5/1/03,5/20/03,1
LEPIDOPTERA,DREPANIDAE,5/27/03,6/1/03,3
LEPIDOPTERA,DREPANIDAE,6/23/03,7/10/03,2
LEPIDOPTERA,DREPANIDAE,7/11/03,7/14/03,2
LEPIDOPTERA,DREPANIDAE,7/15/03,7/20/03,3
LEPIDOPTERA,DREPANIDAE,7/21/03,7/24/03,5
LEPIDOPTERA,DREPANIDAE,7/25/03,7/31/03,5
LEPIDOPTERA,DREPANIDAE,8/19/03,8/28/03,1
LEPIDOPTERA,DREPANIDAE,8/29/03,9/15/03,3
LEPIDOPTERA,ELACHISTIDAE,7/15/03,7/20/03,1
LEPIDOPTERA,ELACHISTIDAE,7/21/03,7/24/03,2
LEPIDOPTERA,ELACHISTIDAE,8/1/03,8/8/03,1
LEPIDOPTERA,ELACHISTIDAE,8/15/03,8/18/03,1
LEPIDOPTERA,GELECHIIDAE,5/1/03,5/20/03,1
LEPIDOPTERA,GELECHIIDAE,6/10/03,6/15/03,5
LEPIDOPTERA,GELECHIIDAE,6/16/03,6/22/03,3
LEPIDOPTERA,GELECHIIDAE,6/23/03,7/10/03,59
LEPIDOPTERA,GELECHIIDAE,7/11/03,7/14/03,18
LEPIDOPTERA,GELECHIIDAE,7/15/03,7/20/03,25
LEPIDOPTERA,GELECHIIDAE,7/21/03,7/24/03,20
LEPIDOPTERA,GELECHIIDAE,7/25/03,7/31/03,23
LEPIDOPTERA,GELECHIIDAE,8/1/03,8/8/03,56
LEPIDOPTERA,GELECHIIDAE,8/15/03,8/18/03,7
LEPIDOPTERA,GELECHIIDAE,8/19/03,8/28/03,4
LEPIDOPTERA,GELECHIIDAE,8/29/03,9/15/03,1
LEPIDOPTERA,GELECHIIDAE,8/9/03,8/14/03,30
LEPIDOPTERA,GEOMETRIDAE,11/1/03,12/2/03,2
LEPIDOPTERA,GEOMETRIDAE,3/14/03,3/27/03,12
LEPIDOPTERA,GEOMETRIDAE,3/28/03,4/21/03,2
LEPIDOPTERA,GEOMETRIDAE,5/1/03,5/20/03,7
LEPIDOPTERA,GEOMETRIDAE,5/21/03,5/26/03,13
LEPIDOPTERA,GEOMETRIDAE,5/27/03,6/1/03,19
LEPIDOPTERA,GEOMETRIDAE,6/10/03,6/15/03,17
LEPIDOPTERA,GEOMETRIDAE,6/16/03,6/22/03,11
LEPIDOPTERA,GEOMETRIDAE,6/2/03,6/9/03,40
LEPIDOPTERA,GEOMETRIDAE,6/23/03,7/10/03,145
LEPIDOPTERA,GEOMETRIDAE,7/11/03,7/14/03,35
LEPIDOPTERA,GEOMETRIDAE,7/15/03,7/20/03,49
LEPIDOPTERA,GEOMETRIDAE,7/21/03,7/24/03,49
LEPIDOPTERA,GEOMETRIDAE,7/25/03,7/31/03,39
LEPIDOPTERA,GEOMETRIDAE,8/1/03,8/8/03,64
LEPIDOPTERA,GEOMETRIDAE,8/15/03,8/18/03,4
LEPIDOPTERA,GEOMETRIDAE,8/19/03,8/28/03,20
LEPIDOPTERA,GEOMETRIDAE,8/29/03,9/15/03,22
LEPIDOPTERA,GEOMETRIDAE,8/9/03,8/14/03,38
LEPIDOPTERA,GEOMETRIDAE,9/16/03,9/30/03,14
LEPIDOPTERA,GRACILLARIIDAE,10/1/03,10/16/03,1
LEPIDOPTERA,GRACILLARIIDAE,4/22/03,4/30/03,1
LEPIDOPTERA,GRACILLARIIDAE,5/1/03,5/20/03,6
LEPIDOPTERA,GRACILLARIIDAE,5/21/03,5/26/03,5
LEPIDOPTERA,GRACILLARIIDAE,5/27/03,6/1/03,11
LEPIDOPTERA,GRACILLARIIDAE,6/10/03,6/15/03,15
LEPIDOPTERA,GRACILLARIIDAE,6/16/03,6/22/03,6
LEPIDOPTERA,GRACILLARIIDAE,6/2/03,6/9/03,12
LEPIDOPTERA,GRACILLARIIDAE,6/23/03,7/10/03,29
LEPIDOPTERA,GRACILLARIIDAE,7/11/03,7/14/03,21
LEPIDOPTERA,GRACILLARIIDAE,7/15/03,7/20/03,13
LEPIDOPTERA,GRACILLARIIDAE,7/21/03,7/24/03,19
LEPIDOPTERA,GRACILLARIIDAE,7/25/03,7/31/03,15
LEPIDOPTERA,GRACILLARIIDAE,8/1/03,8/8/03,58
LEPIDOPTERA,GRACILLARIIDAE,8/15/03,8/18/03,13
LEPIDOPTERA,GRACILLARIIDAE,8/19/03,8/28/03,29
LEPIDOPTERA,GRACILLARIIDAE,8/29/03,9/15/03,25
LEPIDOPTERA,GRACILLARIIDAE,8/9/03,8/14/03,29
LEPIDOPTERA,GRACILLARIIDAE,9/16/03,9/30/03,11
LEPIDOPTERA,HELIOZELIDAE,5/1/03,5/20/03,1
LEPIDOPTERA,HEPIALIDAE,5/21/03,5/26/03,1
LEPIDOPTERA,HEPIALIDAE,5/27/03,6/1/03,1
LEPIDOPTERA,HEPIALIDAE,6/10/03,6/15/03,1
LEPIDOPTERA,INCURVARIIDAE,5/21/03,5/26/03,1
LEPIDOPTERA,LIMACODIDAE,6/23/03,7/10/03,1
LEPIDOPTERA,LYMANTRIIDAE,6/2/03,6/9/03,1
LEPIDOPTERA,LYMANTRIIDAE,7/21/03,7/24/03,3
LEPIDOPTERA,LYMANTRIIDAE,7/25/03,7/31/03,3
LEPIDOPTERA,LYMANTRIIDAE,8/19/03,8/28/03,1
LEPIDOPTERA,LYONETIDAE,6/10/03,6/15/03,2
LEPIDOPTERA,LYONETIDAE,6/23/03,7/10/03,10
LEPIDOPTERA,LYONETIDAE,7/11/03,7/14/03,3
LEPIDOPTERA,LYONETIDAE,8/1/03,8/8/03,3
LEPIDOPTERA,LYONETIDAE,8/9/03,8/14/03,2
LEPIDOPTERA,MOMPHIDAE,4/22/03,4/30/03,1
LEPIDOPTERA,MOMPHIDAE,5/1/03,5/20/03,2
LEPIDOPTERA,MOMPHIDAE,5/21/03,5/26/03,1
LEPIDOPTERA,MOMPHIDAE,5/27/03,6/1/03,3
LEPIDOPTERA,MOMPHIDAE,6/10/03,6/15/03,1
LEPIDOPTERA,MOMPHIDAE,6/23/03,7/10/03,5
LEPIDOPTERA,MOMPHIDAE,7/11/03,7/14/03,3
LEPIDOPTERA,MOMPHIDAE,7/15/03,7/20/03,3
LEPIDOPTERA,MOMPHIDAE,7/21/03,7/24/03,1
LEPIDOPTERA,MOMPHIDAE,7/25/03,7/31/03,1
LEPIDOPTERA,MOMPHIDAE,8/1/03,8/8/03,4
LEPIDOPTERA,MOMPHIDAE,8/15/03,8/18/03,1
LEPIDOPTERA,MOMPHIDAE,8/19/03,8/28/03,1
LEPIDOPTERA,MOMPHIDAE,8/29/03,9/15/03,1
LEPIDOPTERA,NEPTICULIDAE,10/1/03,10/16/03,1
LEPIDOPTERA,NEPTICULIDAE,5/21/03,5/26/03,1
LEPIDOPTERA,NEPTICULIDAE,5/27/03,6/1/03,4
LEPIDOPTERA,NEPTICULIDAE,6/10/03,6/15/03,5
LEPIDOPTERA,NEPTICULIDAE,6/16/03,6/22/03,4
LEPIDOPTERA,NEPTICULIDAE,6/2/03,6/9/03,5
LEPIDOPTERA,NEPTICULIDAE,6/23/03,7/10/03,471
LEPIDOPTERA,NEPTICULIDAE,7/11/03,7/14/03,15
LEPIDOPTERA,NEPTICULIDAE,7/15/03,7/20/03,1
LEPIDOPTERA,NEPTICULIDAE,7/25/03,7/31/03,5
LEPIDOPTERA,NEPTICULIDAE,8/1/03,8/8/03,11
LEPIDOPTERA,NEPTICULIDAE,8/19/03,8/28/03,4
LEPIDOPTERA,NEPTICULIDAE,8/9/03,8/14/03,9
LEPIDOPTERA,NOCTUIDAE,10/1/03,10/16/03,21
LEPIDOPTERA,NOCTUIDAE,10/17/03,10/31/03,4
LEPIDOPTERA,NOCTUIDAE,11/1/03,12/2/03,3
LEPIDOPTERA,NOCTUIDAE,3/14/03,3/27/03,9
LEPIDOPTERA,NOCTUIDAE,3/28/03,4/21/03,97
LEPIDOPTERA,NOCTUIDAE,4/22/03,4/30/03,28
LEPIDOPTERA,NOCTUIDAE,5/1/03,5/20/03,49
LEPIDOPTERA,NOCTUIDAE,5/21/03,5/26/03,19
LEPIDOPTERA,NOCTUIDAE,5/27/03,6/1/03,50
LEPIDOPTERA,NOCTUIDAE,6/10/03,6/15/03,129
LEPIDOPTERA,NOCTUIDAE,6/16/03,6/22/03,89
LEPIDOPTERA,NOCTUIDAE,6/2/03,6/9/03,132
LEPIDOPTERA,NOCTUIDAE,6/23/03,7/10/03,549
LEPIDOPTERA,NOCTUIDAE,7/11/03,7/14/03,139
LEPIDOPTERA,NOCTUIDAE,7/15/03,7/20/03,279
LEPIDOPTERA,NOCTUIDAE,7/21/03,7/24/03,321
LEPIDOPTERA,NOCTUIDAE,7/25/03,7/31/03,196
LEPIDOPTERA,NOCTUIDAE,8/1/03,8/8/03,241
LEPIDOPTERA,NOCTUIDAE,8/15/03,8/18/03,167
LEPIDOPTERA,NOCTUIDAE,8/19/03,8/28/03,821
LEPIDOPTERA,NOCTUIDAE,8/29/03,9/15/03,395
LEPIDOPTERA,NOCTUIDAE,8/9/03,8/14/03,162
LEPIDOPTERA,NOCTUIDAE,9/16/03,9/30/03,137
LEPIDOPTERA,NOLIDAE,5/27/03,6/1/03,1
LEPIDOPTERA,NOLIDAE,6/10/03,6/15/03,1
LEPIDOPTERA,NOLIDAE,6/16/03,6/22/03,1
LEPIDOPTERA,NOLIDAE,6/2/03,6/9/03,2
LEPIDOPTERA,NOLIDAE,6/23/03,7/10/03,3
LEPIDOPTERA,NOLIDAE,7/11/03,7/14/03,2
LEPIDOPTERA,NOLIDAE,7/15/03,7/20/03,1
LEPIDOPTERA,NOLIDAE,7/21/03,7/24/03,1
LEPIDOPTERA,NOLIDAE,7/25/03,7/31/03,1
LEPIDOPTERA,NOLIDAE,8/1/03,8/8/03,1
LEPIDOPTERA,NOTODONTIDAE,5/1/03,5/20/03,2
LEPIDOPTERA,NOTODONTIDAE,5/21/03,5/26/03,1
LEPIDOPTERA,NOTODONTIDAE,5/27/03,6/1/03,5
LEPIDOPTERA,NOTODONTIDAE,6/10/03,6/15/03,2
LEPIDOPTERA,NOTODONTIDAE,6/16/03,6/22/03,2
LEPIDOPTERA,NOTODONTIDAE,6/2/03,6/9/03,2
LEPIDOPTERA,NOTODONTIDAE,6/23/03,7/10/03,2
LEPIDOPTERA,NOTODONTIDAE,7/15/03,7/20/03,1
LEPIDOPTERA,NOTODONTIDAE,7/21/03,7/24/03,4
LEPIDOPTERA,NOTODONTIDAE,8/1/03,8/8/03,4
LEPIDOPTERA,NOTODONTIDAE,8/15/03,8/18/03,2
LEPIDOPTERA,NOTODONTIDAE,8/9/03,8/14/03,4
LEPIDOPTERA,NYMPHALIDAE,8/29/03,9/15/03,1
LEPIDOPTERA,OECOPHORIDAE,5/21/03,5/26/03,2
LEPIDOPTERA,OECOPHORIDAE,5/27/03,6/1/03,2
LEPIDOPTERA,OECOPHORIDAE,6/16/03,6/22/03,3
LEPIDOPTERA,OECOPHORIDAE,6/2/03,6/9/03,6
LEPIDOPTERA,OECOPHORIDAE,6/23/03,7/10/03,36
LEPIDOPTERA,OECOPHORIDAE,7/11/03,7/14/03,29
LEPIDOPTERA,OECOPHORIDAE,7/15/03,7/20/03,23
LEPIDOPTERA,OECOPHORIDAE,7/21/03,7/24/03,36
LEPIDOPTERA,OECOPHORIDAE,7/25/03,7/31/03,42
LEPIDOPTERA,OECOPHORIDAE,8/1/03,8/8/03,100
LEPIDOPTERA,OECOPHORIDAE,8/15/03,8/18/03,4
LEPIDOPTERA,OECOPHORIDAE,8/19/03,8/28/03,7
LEPIDOPTERA,OECOPHORIDAE,8/29/03,9/15/03,2
LEPIDOPTERA,OECOPHORIDAE,8/9/03,8/14/03,25
LEPIDOPTERA,PLUTELLIDAE,11/1/03,12/2/03,1
LEPIDOPTERA,PLUTELLIDAE,5/1/03,5/20/03,1
LEPIDOPTERA,PLUTELLIDAE,5/27/03,6/1/03,2
LEPIDOPTERA,PLUTELLIDAE,6/10/03,6/15/03,1
LEPIDOPTERA,PLUTELLIDAE,6/16/03,6/22/03,2
LEPIDOPTERA,PLUTELLIDAE,6/2/03,6/9/03,4
LEPIDOPTERA,PLUTELLIDAE,6/23/03,7/10/03,42
LEPIDOPTERA,PLUTELLIDAE,7/11/03,7/14/03,15
LEPIDOPTERA,PLUTELLIDAE,7/15/03,7/20/03,22
LEPIDOPTERA,PLUTELLIDAE,7/21/03,7/24/03,13
LEPIDOPTERA,PLUTELLIDAE,7/25/03,7/31/03,6
LEPIDOPTERA,PLUTELLIDAE,8/1/03,8/8/03,32
LEPIDOPTERA,PLUTELLIDAE,8/15/03,8/18/03,3
LEPIDOPTERA,PLUTELLIDAE,8/19/03,8/28/03,1
LEPIDOPTERA,PLUTELLIDAE,8/29/03,9/15/03,2
LEPIDOPTERA,PLUTELLIDAE,8/9/03,8/14/03,12
LEPIDOPTERA,PTEROPHORIDAE,5/1/03,5/20/03,1
LEPIDOPTERA,PTEROPHORIDAE,8/15/03,8/18/03,1
LEPIDOPTERA,PYRALIDAE,5/1/03,5/20/03,4
LEPIDOPTERA,PYRALIDAE,5/21/03,5/26/03,3
LEPIDOPTERA,PYRALIDAE,6/10/03,6/15/03,4
LEPIDOPTERA,PYRALIDAE,6/16/03,6/22/03,12
LEPIDOPTERA,PYRALIDAE,6/2/03,6/9/03,3
LEPIDOPTERA,PYRALIDAE,6/23/03,7/10/03,181
LEPIDOPTERA,PYRALIDAE,7/11/03,7/14/03,90
LEPIDOPTERA,PYRALIDAE,7/15/03,7/20/03,146
LEPIDOPTERA,PYRALIDAE,7/21/03,7/24/03,119
LEPIDOPTERA,PYRALIDAE,7/25/03,7/31/03,99
LEPIDOPTERA,PYRALIDAE,8/1/03,8/8/03,188
LEPIDOPTERA,PYRALIDAE,8/15/03,8/18/03,8
LEPIDOPTERA,PYRALIDAE,8/19/03,8/28/03,16
LEPIDOPTERA,PYRALIDAE,8/29/03,9/15/03,10
LEPIDOPTERA,PYRALIDAE,8/9/03,8/14/03,78
LEPIDOPTERA,PYRALIDAE,9/16/03,9/30/03,7
LEPIDOPTERA,SPHINGIDAE,5/1/03,5/20/03,2
LEPIDOPTERA,SPHINGIDAE,5/21/03,5/26/03,1
LEPIDOPTERA,SPHINGIDAE,6/10/03,6/15/03,1
LEPIDOPTERA,SPHINGIDAE,6/16/03,6/22/03,1
LEPIDOPTERA,SPHINGIDAE,6/2/03,6/9/03,1
LEPIDOPTERA,SPHINGIDAE,6/23/03,7/10/03,6
LEPIDOPTERA,SPHINGIDAE,7/25/03,7/31/03,1
LEPIDOPTERA,TINEIDAE,5/21/03,5/26/03,3
LEPIDOPTERA,TINEIDAE,6/10/03,6/15/03,4
LEPIDOPTERA,TINEIDAE,6/16/03,6/22/03,3
LEPIDOPTERA,TINEIDAE,6/2/03,6/9/03,1
LEPIDOPTERA,TINEIDAE,6/23/03,7/10/03,6
LEPIDOPTERA,TINEIDAE,7/11/03,7/14/03,4
LEPIDOPTERA,TINEIDAE,7/15/03,7/20/03,3
LEPIDOPTERA,TINEIDAE,7/21/03,7/24/03,1
LEPIDOPTERA,TINEIDAE,8/1/03,8/8/03,1
LEPIDOPTERA,TINEIDAE,8/15/03,8/18/03,2
LEPIDOPTERA,TINEIDAE,8/19/03,8/28/03,4
LEPIDOPTERA,TINEIDAE,8/9/03,8/14/03,3
LEPIDOPTERA,TINEIDAE,9/16/03,9/30/03,1
LEPIDOPTERA,TISCHERIIDAE,6/10/03,6/15/03,1
LEPIDOPTERA,TISCHERIIDAE,6/23/03,7/10/03,3
LEPIDOPTERA,TISCHERIIDAE,7/11/03,7/14/03,1
LEPIDOPTERA,TISCHERIIDAE,8/9/03,8/14/03,1
LEPIDOPTERA,TORTRICIDAE,10/1/03,10/16/03,2
LEPIDOPTERA,TORTRICIDAE,11/1/03,12/2/03,2
LEPIDOPTERA,TORTRICIDAE,5/21/03,5/26/03,3
LEPIDOPTERA,TORTRICIDAE,5/27/03,6/1/03,7
LEPIDOPTERA,TORTRICIDAE,6/10/03,6/15/03,51
LEPIDOPTERA,TORTRICIDAE,6/16/03,6/22/03,52
LEPIDOPTERA,TORTRICIDAE,6/2/03,6/9/03,31
LEPIDOPTERA,TORTRICIDAE,6/23/03,7/10/03,658
LEPIDOPTERA,TORTRICIDAE,7/11/03,7/14/03,262
LEPIDOPTERA,TORTRICIDAE,7/15/03,7/20/03,286
LEPIDOPTERA,TORTRICIDAE,7/21/03,7/24/03,271
LEPIDOPTERA,TORTRICIDAE,7/25/03,7/31/03,153
LEPIDOPTERA,TORTRICIDAE,8/1/03,8/8/03,238
LEPIDOPTERA,TORTRICIDAE,8/15/03,8/18/03,18
LEPIDOPTERA,TORTRICIDAE,8/19/03,8/28/03,38
LEPIDOPTERA,TORTRICIDAE,8/29/03,9/15/03,15
LEPIDOPTERA,TORTRICIDAE,8/9/03,8/14/03,69
LEPIDOPTERA,TORTRICIDAE,9/16/03,9/30/03,23
LEPIDOPTERA,YPONOMEUTIDAE,5/1/03,5/20/03,1
LEPIDOPTERA,YPONOMEUTIDAE,5/21/03,5/26/03,1
LEPIDOPTERA,YPONOMEUTIDAE,5/27/03,6/1/03,7
LEPIDOPTERA,YPONOMEUTIDAE,6/10/03,6/15/03,1
LEPIDOPTERA,YPONOMEUTIDAE,6/16/03,6/22/03,3
LEPIDOPTERA,YPONOMEUTIDAE,6/2/03,6/9/03,6
LEPIDOPTERA,YPONOMEUTIDAE,6/23/03,7/10/03,201
LEPIDOPTERA,YPONOMEUTIDAE,7/11/03,7/14/03,254
LEPIDOPTERA,YPONOMEUTIDAE,7/15/03,7/20/03,674
LEPIDOPTERA,YPONOMEUTIDAE,7/21/03,7/24/03,1358
LEPIDOPTERA,YPONOMEUTIDAE,7/25/03,7/31/03,205
LEPIDOPTERA,YPONOMEUTIDAE,8/1/03,8/8/03,282
LEPIDOPTERA,YPONOMEUTIDAE,8/15/03,8/18/03,14
LEPIDOPTERA,YPONOMEUTIDAE,8/19/03,8/28/03,90
LEPIDOPTERA,YPONOMEUTIDAE,8/29/03,9/15/03,33
LEPIDOPTERA,YPONOMEUTIDAE,8/9/03,8/14/03,89
LEPIDOPTERA,YPONOMEUTIDAE,9/16/03,9/30/03,3
