order,family,date1,date2,individuals
COLEOPTERA,ANOBIIDAE,5/18/04,6/7/04,1
COLEOPTERA,ANOBIIDAE,6/8/04,6/10/04,1
COLEOPTERA,ANOBIIDAE,7/5/04,7/14/04,1
COLEOPTERA,ANTHICIDAE,8/13/04,8/15/04,1
COLEOPTERA,BRACHYPTERIDAE,5/18/04,6/7/04,1
COLEOPTERA,CANTHARIDAE,5/18/04,6/7/04,3
COLEOPTERA,CANTHARIDAE,6/11/04,6/14/04,2
COLEOPTERA,CANTHARIDAE,6/8/04,6/10/04,1
COLEOPTERA,CANTHARIDAE,7/30/04,8/1/04,3
COLEOPTERA,CANTHARIDAE,8/2/04,8/3/04,1
COLEOPTERA,CANTHARIDAE,8/6/04,8/8/04,1
COLEOPTERA,CARABIDAE,7/15/04,7/18/04,169
COLEOPTERA,CARABIDAE,7/19/04,7/21/04,12
COLEOPTERA,CARABIDAE,7/22/04,7/25/04,83
COLEOPTERA,CARABIDAE,7/26/04,7/27/04,14
COLEOPTERA,CARABIDAE,7/28/04,7/29/04,29
COLEOPTERA,CARABIDAE,7/30/04,8/1/04,795
COLEOPTERA,CARABIDAE,7/5/04,7/14/04,3
COLEOPTERA,CARABIDAE,8/11/04,8/12/04,6
COLEOPTERA,CARABIDAE,8/13/04,8/15/04,1
COLEOPTERA,CARABIDAE,8/16/04,8/17/04,21
COLEOPTERA,CARABIDAE,8/18/04,8/22/04,5
COLEOPTERA,CARABIDAE,8/2/04,8/3/04,45
COLEOPTERA,CARABIDAE,8/23/04,8/26/04,4
COLEOPTERA,CARABIDAE,8/4/04,8/5/04,20
COLEOPTERA,CARABIDAE,8/6/04,8/8/04,6
COLEOPTERA,CARABIDAE,8/9/04,8/10/04,15
COLEOPTERA,CARABIDAE,9/17/04,10/4/04,2
COLEOPTERA,CARABIDAE,9/2/04,9/5/04,4
COLEOPTERA,CARABIDAE,9/6/04,9/16/04,7
COLEOPTERA,COCCINELLIDAE,10/20/04,10/31/04,1
COLEOPTERA,COCCINELLIDAE,10/5/04,10/19/04,1
COLEOPTERA,COCCINELLIDAE,5/18/04,6/7/04,1
COLEOPTERA,COCCINELLIDAE,6/11/04,6/14/04,7
COLEOPTERA,COCCINELLIDAE,6/24/04,6/27/04,3
COLEOPTERA,COCCINELLIDAE,6/28/04,6/30/04,7
COLEOPTERA,COCCINELLIDAE,6/8/04,6/10/04,14
COLEOPTERA,COCCINELLIDAE,7/15/04,7/18/04,74
COLEOPTERA,COCCINELLIDAE,7/19/04,7/21/04,8
COLEOPTERA,COCCINELLIDAE,7/22/04,7/25/04,79
COLEOPTERA,COCCINELLIDAE,7/26/04,7/27/04,14
COLEOPTERA,COCCINELLIDAE,7/28/04,7/29/04,19
COLEOPTERA,COCCINELLIDAE,7/30/04,8/1/04,91
COLEOPTERA,COCCINELLIDAE,7/5/04,7/14/04,8
COLEOPTERA,COCCINELLIDAE,8/11/04,8/12/04,7
COLEOPTERA,COCCINELLIDAE,8/13/04,8/15/04,5
COLEOPTERA,COCCINELLIDAE,8/16/04,8/17/04,9
COLEOPTERA,COCCINELLIDAE,8/18/04,8/22/04,4
COLEOPTERA,COCCINELLIDAE,8/2/04,8/3/04,22
COLEOPTERA,COCCINELLIDAE,8/23/04,8/26/04,8
COLEOPTERA,COCCINELLIDAE,8/27/04,8/29/04,2
COLEOPTERA,COCCINELLIDAE,8/30/04,9/1/04,2
COLEOPTERA,COCCINELLIDAE,8/4/04,8/5/04,15
COLEOPTERA,COCCINELLIDAE,8/6/04,8/8/04,18
COLEOPTERA,COCCINELLIDAE,8/9/04,8/10/04,6
COLEOPTERA,COCCINELLIDAE,9/17/04,10/4/04,8
COLEOPTERA,COCCINELLIDAE,9/2/04,9/5/04,7
COLEOPTERA,COCCINELLIDAE,9/6/04,9/16/04,11
COLEOPTERA,COLYDIIDAE,7/30/04,8/1/04,1
COLEOPTERA,CRYPTOPHAGIDAE,10/20/04,10/31/04,1
COLEOPTERA,CRYPTOPHAGIDAE,6/8/04,6/10/04,1
COLEOPTERA,CRYPTOPHAGIDAE,7/15/04,7/18/04,7
COLEOPTERA,CRYPTOPHAGIDAE,7/22/04,7/25/04,3
COLEOPTERA,CRYPTOPHAGIDAE,7/28/04,7/29/04,3
COLEOPTERA,CRYPTOPHAGIDAE,7/30/04,8/1/04,3
COLEOPTERA,CRYPTOPHAGIDAE,7/5/04,7/14/04,2
COLEOPTERA,CRYPTOPHAGIDAE,8/4/04,8/5/04,3
COLEOPTERA,CRYPTOPHAGIDAE,8/9/04,8/10/04,7
COLEOPTERA,CURCULIONIDAE,7/22/04,7/25/04,1
COLEOPTERA,CURCULIONIDAE,7/28/04,7/29/04,4
COLEOPTERA,CURCULIONIDAE,7/30/04,8/1/04,8
COLEOPTERA,CURCULIONIDAE,8/2/04,8/3/04,2
COLEOPTERA,CURCULIONIDAE,8/4/04,8/5/04,5
COLEOPTERA,CURCULIONIDAE,8/9/04,8/10/04,2
COLEOPTERA,CURCULIONIDAE,9/6/04,9/16/04,2
COLEOPTERA,DERMESTIDAE,5/18/04,6/7/04,3
COLEOPTERA,DERMESTIDAE,5/6/04,5/17/04,2
COLEOPTERA,DERMESTIDAE,6/11/04,6/14/04,1
COLEOPTERA,DERMESTIDAE,6/28/04,6/30/04,1
COLEOPTERA,DERMESTIDAE,6/8/04,6/10/04,2
COLEOPTERA,DERMESTIDAE,7/15/04,7/18/04,3
COLEOPTERA,DERMESTIDAE,7/22/04,7/25/04,1
COLEOPTERA,DERMESTIDAE,7/26/04,7/27/04,1
COLEOPTERA,DERMESTIDAE,7/28/04,7/29/04,2
COLEOPTERA,DERMESTIDAE,7/30/04,8/1/04,1
COLEOPTERA,DERMESTIDAE,7/5/04,7/14/04,2
COLEOPTERA,DERMESTIDAE,9/2/04,9/5/04,2
COLEOPTERA,DYTISCIDAE,7/15/04,7/18/04,1
COLEOPTERA,DYTISCIDAE,7/22/04,7/25/04,1
COLEOPTERA,DYTISCIDAE,7/30/04,8/1/04,4
COLEOPTERA,DYTISCIDAE,8/18/04,8/22/04,1
COLEOPTERA,DYTISCIDAE,8/2/04,8/3/04,1
COLEOPTERA,DYTISCIDAE,8/4/04,8/5/04,1
COLEOPTERA,DYTISCIDAE,8/6/04,8/8/04,1
COLEOPTERA,ELATERIDAE,7/30/04,8/1/04,2
COLEOPTERA,ELATERIDAE,7/5/04,7/14/04,1
COLEOPTERA,ELATERIDAE,8/13/04,8/15/04,1
COLEOPTERA,ELATERIDAE,8/2/04,8/3/04,1
COLEOPTERA,ELATERIDAE,8/6/04,8/8/04,2
COLEOPTERA,GYRINIDAE,7/30/04,8/1/04,1
COLEOPTERA,HELOPHORIDAE,7/28/04,7/29/04,1
COLEOPTERA,HELOPHORIDAE,8/9/04,8/10/04,1
COLEOPTERA,HELOPHORIDAE,9/6/04,9/16/04,1
COLEOPTERA,HETEROCERIDAE,6/8/04,6/10/04,2
COLEOPTERA,HETEROCERIDAE,7/15/04,7/18/04,2
COLEOPTERA,HETEROCERIDAE,7/28/04,7/29/04,2
COLEOPTERA,HETEROCERIDAE,7/30/04,8/1/04,8
COLEOPTERA,HETEROCERIDAE,8/6/04,8/8/04,2
COLEOPTERA,HETEROCERIDAE,8/9/04,8/10/04,8
COLEOPTERA,HYDRAENIDAE,8/9/04,8/10/04,1
COLEOPTERA,HYDROPHILIDAE,5/18/04,6/7/04,1
COLEOPTERA,HYDROPHILIDAE,5/6/04,5/17/04,1
COLEOPTERA,HYDROPHILIDAE,7/15/04,7/18/04,4
COLEOPTERA,HYDROPHILIDAE,7/22/04,7/25/04,5
COLEOPTERA,HYDROPHILIDAE,7/26/04,7/27/04,11
COLEOPTERA,HYDROPHILIDAE,7/28/04,7/29/04,4
COLEOPTERA,HYDROPHILIDAE,7/30/04,8/1/04,6
COLEOPTERA,HYDROPHILIDAE,7/5/04,7/14/04,1
COLEOPTERA,HYDROPHILIDAE,8/11/04,8/12/04,4
COLEOPTERA,HYDROPHILIDAE,8/13/04,8/15/04,1
COLEOPTERA,HYDROPHILIDAE,8/16/04,8/17/04,6
COLEOPTERA,HYDROPHILIDAE,8/18/04,8/22/04,3
COLEOPTERA,HYDROPHILIDAE,8/2/04,8/3/04,4
COLEOPTERA,HYDROPHILIDAE,8/23/04,8/26/04,1
COLEOPTERA,HYDROPHILIDAE,8/4/04,8/5/04,2
COLEOPTERA,HYDROPHILIDAE,8/6/04,8/8/04,1
COLEOPTERA,HYDROPHILIDAE,8/9/04,8/10/04,9
COLEOPTERA,HYDROPHILIDAE,9/17/04,10/4/04,1
COLEOPTERA,HYDROPHILIDAE,9/2/04,9/5/04,3
COLEOPTERA,HYDROPHILIDAE,9/6/04,9/16/04,2
COLEOPTERA,MELANDRYIDAE,8/2/04,8/3/04,1
COLEOPTERA,MELYRIDAE,5/18/04,6/7/04,8
COLEOPTERA,MELYRIDAE,5/6/04,5/17/04,27
COLEOPTERA,MELYRIDAE,6/11/04,6/14/04,4
COLEOPTERA,MELYRIDAE,6/15/04,6/23/04,1
COLEOPTERA,MELYRIDAE,6/28/04,6/30/04,1
COLEOPTERA,MELYRIDAE,6/8/04,6/10/04,7
COLEOPTERA,MELYRIDAE,7/1/04,7/4/04,1
COLEOPTERA,MELYRIDAE,7/22/04,7/25/04,1
COLEOPTERA,MELYRIDAE,7/5/04,7/14/04,1
COLEOPTERA,MONOTOMIDAE,8/4/04,8/5/04,1
COLEOPTERA,MONOTOMIDAE,8/6/04,8/8/04,2
COLEOPTERA,MONOTOMIDAE,8/9/04,8/10/04,2
COLEOPTERA,MONOTOMIDAE,9/17/04,10/4/04,1
COLEOPTERA,NITIDULIDAE,5/18/04,6/7/04,1
COLEOPTERA,NITIDULIDAE,6/8/04,6/10/04,1
COLEOPTERA,NITIDULIDAE,7/30/04,8/1/04,1
COLEOPTERA,NITIDULIDAE,8/6/04,8/8/04,1
COLEOPTERA,NITIDULIDAE,8/9/04,8/10/04,1
COLEOPTERA,SCARABAEIDAE,5/18/04,6/7/04,4
COLEOPTERA,SCARABAEIDAE,5/6/04,5/17/04,6
COLEOPTERA,SCARABAEIDAE,6/15/04,6/23/04,2
COLEOPTERA,SCARABAEIDAE,6/28/04,6/30/04,1
COLEOPTERA,SCARABAEIDAE,7/15/04,7/18/04,12
COLEOPTERA,SCARABAEIDAE,7/19/04,7/21/04,6
COLEOPTERA,SCARABAEIDAE,7/22/04,7/25/04,12
COLEOPTERA,SCARABAEIDAE,7/26/04,7/27/04,1
COLEOPTERA,SCARABAEIDAE,7/28/04,7/29/04,3
COLEOPTERA,SCARABAEIDAE,7/30/04,8/1/04,8
COLEOPTERA,SCARABAEIDAE,7/5/04,7/14/04,6
COLEOPTERA,SCARABAEIDAE,8/2/04,8/3/04,2
COLEOPTERA,SCARABAEIDAE,9/2/04,9/5/04,1
COLEOPTERA,SCIRTIDAE,6/15/04,6/23/04,1
COLEOPTERA,SCIRTIDAE,6/8/04,6/10/04,5
COLEOPTERA,SCIRTIDAE,7/22/04,7/25/04,1
COLEOPTERA,SCIRTIDAE,7/30/04,8/1/04,1
COLEOPTERA,SCIRTIDAE,8/16/04,8/17/04,1
COLEOPTERA,SCRAPTIIDAE,6/8/04,6/10/04,2
COLEOPTERA,SCRAPTIIDAE,7/30/04,8/1/04,1
COLEOPTERA,SILPHIDAE,5/6/04,5/17/04,3
COLEOPTERA,SILPHIDAE,6/8/04,6/10/04,1
COLEOPTERA,SILPHIDAE,7/15/04,7/18/04,3
COLEOPTERA,SILPHIDAE,8/13/04,8/15/04,3
COLEOPTERA,SILPHIDAE,8/16/04,8/17/04,3
COLEOPTERA,SILPHIDAE,8/18/04,8/22/04,2
COLEOPTERA,SILPHIDAE,8/23/04,8/26/04,3
COLEOPTERA,SILPHIDAE,8/27/04,8/29/04,1
COLEOPTERA,SILPHIDAE,8/30/04,9/1/04,1
COLEOPTERA,STAPHYLINIDAE,5/6/04,5/17/04,1
COLEOPTERA,STAPHYLINIDAE,6/11/04,6/14/04,1
COLEOPTERA,STAPHYLINIDAE,6/15/04,6/23/04,1
COLEOPTERA,STAPHYLINIDAE,6/24/04,6/27/04,1
COLEOPTERA,STAPHYLINIDAE,6/28/04,6/30/04,1
COLEOPTERA,STAPHYLINIDAE,7/15/04,7/18/04,1
COLEOPTERA,STAPHYLINIDAE,7/28/04,7/29/04,5
COLEOPTERA,STAPHYLINIDAE,7/30/04,8/1/04,7
COLEOPTERA,STAPHYLINIDAE,8/11/04,8/12/04,6
COLEOPTERA,STAPHYLINIDAE,8/16/04,8/17/04,2
COLEOPTERA,STAPHYLINIDAE,8/2/04,8/3/04,2
COLEOPTERA,STAPHYLINIDAE,8/4/04,8/5/04,4
COLEOPTERA,STAPHYLINIDAE,8/6/04,8/8/04,26
COLEOPTERA,STAPHYLINIDAE,8/9/04,8/10/04,33
COLEOPTERA,STAPHYLINIDAE,9/2/04,9/5/04,1
COLEOPTERA,STAPHYLINIDAE,9/6/04,9/16/04,1
COLEOPTERA,TENEBRIONIDAE,7/15/04,7/18/04,80
COLEOPTERA,TENEBRIONIDAE,7/19/04,7/21/04,11
COLEOPTERA,TENEBRIONIDAE,7/22/04,7/25/04,46
COLEOPTERA,TENEBRIONIDAE,7/26/04,7/27/04,10
COLEOPTERA,TENEBRIONIDAE,7/28/04,7/29/04,9
COLEOPTERA,TENEBRIONIDAE,7/30/04,8/1/04,52
COLEOPTERA,TENEBRIONIDAE,7/5/04,7/14/04,4
COLEOPTERA,TENEBRIONIDAE,8/16/04,8/17/04,1
COLEOPTERA,TENEBRIONIDAE,8/2/04,8/3/04,15
COLEOPTERA,TENEBRIONIDAE,8/4/04,8/5/04,1
COLEOPTERA,TENEBRIONIDAE,8/6/04,8/8/04,3
COLEOPTERA,TENEBRIONIDAE,8/9/04,8/10/04,1
COLEOPTERA,THROSCIDAE,7/28/04,7/29/04,1
LEPIDOPTERA,ACROLEPIIDAE,7/26/04,7/27/04,1
LEPIDOPTERA,ADELIDAE,5/18/04,6/7/04,1
LEPIDOPTERA,ADELIDAE,5/6/04,5/17/04,1
LEPIDOPTERA,ADELIDAE,6/8/04,6/10/04,1
LEPIDOPTERA,AGONOXENIDAE,6/28/04,6/30/04,1
LEPIDOPTERA,AGONOXENIDAE,7/30/04,8/1/04,2
LEPIDOPTERA,AGONOXENIDAE,8/2/04,8/3/04,1
LEPIDOPTERA,ALUCITIDAE,5/18/04,6/7/04,1
LEPIDOPTERA,ARCTIIDAE,5/18/04,6/7/04,1
LEPIDOPTERA,ARCTIIDAE,6/24/04,6/27/04,1
LEPIDOPTERA,ARCTIIDAE,7/15/04,7/18/04,1
LEPIDOPTERA,ARCTIIDAE,7/19/04,7/21/04,1
LEPIDOPTERA,ARCTIIDAE,7/22/04,7/25/04,1
LEPIDOPTERA,ARCTIIDAE,7/30/04,8/1/04,4
LEPIDOPTERA,ARCTIIDAE,8/2/04,8/3/04,10
LEPIDOPTERA,ARCTIIDAE,8/6/04,8/8/04,2
LEPIDOPTERA,ARCTIIDAE,8/9/04,8/10/04,1
LEPIDOPTERA,AUTOSTICHIDAE,7/15/04,7/18/04,1
LEPIDOPTERA,AUTOSTICHIDAE,8/16/04,8/17/04,1
LEPIDOPTERA,BATRACHEDRIDAE,7/15/04,7/18/04,3
LEPIDOPTERA,BATRACHEDRIDAE,7/19/04,7/21/04,1
LEPIDOPTERA,BATRACHEDRIDAE,7/22/04,7/25/04,2
LEPIDOPTERA,BATRACHEDRIDAE,7/30/04,8/1/04,6
LEPIDOPTERA,BATRACHEDRIDAE,8/13/04,8/15/04,3
LEPIDOPTERA,BATRACHEDRIDAE,8/16/04,8/17/04,3
LEPIDOPTERA,BATRACHEDRIDAE,8/18/04,8/22/04,1
LEPIDOPTERA,BATRACHEDRIDAE,8/2/04,8/3/04,1
LEPIDOPTERA,BUCCULATRICIDAE,6/8/04,6/10/04,1
LEPIDOPTERA,BUCCULATRICIDAE,7/28/04,7/29/04,1
LEPIDOPTERA,BUCCULATRICIDAE,7/30/04,8/1/04,2
LEPIDOPTERA,BUCCULATRICIDAE,8/16/04,8/17/04,1
LEPIDOPTERA,BUCCULATRICIDAE,8/6/04,8/8/04,1
LEPIDOPTERA,COLEOPHORIDAE,5/18/04,6/7/04,1
LEPIDOPTERA,COLEOPHORIDAE,6/11/04,6/14/04,6
LEPIDOPTERA,COLEOPHORIDAE,6/15/04,6/23/04,2
LEPIDOPTERA,COLEOPHORIDAE,6/24/04,6/27/04,1
LEPIDOPTERA,COLEOPHORIDAE,6/28/04,6/30/04,1
LEPIDOPTERA,COLEOPHORIDAE,6/8/04,6/10/04,34
LEPIDOPTERA,COLEOPHORIDAE,7/1/04,7/4/04,2
LEPIDOPTERA,COLEOPHORIDAE,7/15/04,7/18/04,35
LEPIDOPTERA,COLEOPHORIDAE,7/19/04,7/21/04,8
LEPIDOPTERA,COLEOPHORIDAE,7/22/04,7/25/04,38
LEPIDOPTERA,COLEOPHORIDAE,7/26/04,7/27/04,11
LEPIDOPTERA,COLEOPHORIDAE,7/28/04,7/29/04,42
LEPIDOPTERA,COLEOPHORIDAE,7/30/04,8/1/04,148
LEPIDOPTERA,COLEOPHORIDAE,7/5/04,7/14/04,8
LEPIDOPTERA,COLEOPHORIDAE,8/13/04,8/15/04,1
LEPIDOPTERA,COLEOPHORIDAE,8/2/04,8/3/04,35
LEPIDOPTERA,COLEOPHORIDAE,8/4/04,8/5/04,3
LEPIDOPTERA,COLEOPHORIDAE,8/6/04,8/8/04,9
LEPIDOPTERA,COLEOPHORIDAE,8/9/04,8/10/04,3
LEPIDOPTERA,COSMOPTERIGIDAE,7/15/04,7/18/04,1
LEPIDOPTERA,COSMOPTERIGIDAE,7/22/04,7/25/04,2
LEPIDOPTERA,COSMOPTERIGIDAE,7/30/04,8/1/04,3
LEPIDOPTERA,DREPANIDAE,5/18/04,6/7/04,1
LEPIDOPTERA,DREPANIDAE,5/6/04,5/17/04,1
LEPIDOPTERA,DREPANIDAE,7/1/04,7/4/04,1
LEPIDOPTERA,DREPANIDAE,7/15/04,7/18/04,1
LEPIDOPTERA,DREPANIDAE,7/19/04,7/21/04,1
LEPIDOPTERA,DREPANIDAE,7/22/04,7/25/04,1
LEPIDOPTERA,DREPANIDAE,7/28/04,7/29/04,1
LEPIDOPTERA,DREPANIDAE,7/30/04,8/1/04,1
LEPIDOPTERA,DREPANIDAE,7/5/04,7/14/04,1
LEPIDOPTERA,DREPANIDAE,8/2/04,8/3/04,2
LEPIDOPTERA,ELACHISTIDAE,7/30/04,8/1/04,1
LEPIDOPTERA,ELACHISTIDAE,7/5/04,7/14/04,1
LEPIDOPTERA,ELACHISTIDAE,8/23/04,8/26/04,1
LEPIDOPTERA,ELACHISTIDAE,8/6/04,8/8/04,1
LEPIDOPTERA,EPERMENIIDAE,5/6/04,5/17/04,1
LEPIDOPTERA,ERIOCRANIIDAE,5/6/04,5/17/04,1
LEPIDOPTERA,GELECHIIDAE,5/3/04,5/5/04,1
LEPIDOPTERA,GELECHIIDAE,5/6/04,5/17/04,1
LEPIDOPTERA,GELECHIIDAE,6/15/04,6/23/04,1
LEPIDOPTERA,GELECHIIDAE,6/24/04,6/27/04,1
LEPIDOPTERA,GELECHIIDAE,6/28/04,6/30/04,2
LEPIDOPTERA,GELECHIIDAE,6/8/04,6/10/04,1
LEPIDOPTERA,GELECHIIDAE,7/1/04,7/4/04,1
LEPIDOPTERA,GELECHIIDAE,7/15/04,7/18/04,21
LEPIDOPTERA,GELECHIIDAE,7/19/04,7/21/04,8
LEPIDOPTERA,GELECHIIDAE,7/22/04,7/25/04,15
LEPIDOPTERA,GELECHIIDAE,7/26/04,7/27/04,5
LEPIDOPTERA,GELECHIIDAE,7/28/04,7/29/04,12
LEPIDOPTERA,GELECHIIDAE,7/30/04,8/1/04,52
LEPIDOPTERA,GELECHIIDAE,7/5/04,7/14/04,7
LEPIDOPTERA,GELECHIIDAE,8/11/04,8/12/04,2
LEPIDOPTERA,GELECHIIDAE,8/13/04,8/15/04,6
LEPIDOPTERA,GELECHIIDAE,8/16/04,8/17/04,10
LEPIDOPTERA,GELECHIIDAE,8/18/04,8/22/04,7
LEPIDOPTERA,GELECHIIDAE,8/2/04,8/3/04,13
LEPIDOPTERA,GELECHIIDAE,8/23/04,8/26/04,5
LEPIDOPTERA,GELECHIIDAE,8/27/04,8/29/04,3
LEPIDOPTERA,GELECHIIDAE,8/30/04,9/1/04,2
LEPIDOPTERA,GELECHIIDAE,8/4/04,8/5/04,4
LEPIDOPTERA,GELECHIIDAE,8/6/04,8/8/04,3
LEPIDOPTERA,GELECHIIDAE,8/9/04,8/10/04,7
LEPIDOPTERA,GELECHIIDAE,9/2/04,9/5/04,6
LEPIDOPTERA,GELECHIIDAE,9/6/04,9/16/04,2
LEPIDOPTERA,GEOMETRIDAE,10/5/04,10/19/04,2
LEPIDOPTERA,GEOMETRIDAE,11/1/04,12/9/04,4
LEPIDOPTERA,GEOMETRIDAE,5/18/04,6/7/04,26
LEPIDOPTERA,GEOMETRIDAE,5/6/04,5/17/04,6
LEPIDOPTERA,GEOMETRIDAE,6/11/04,6/14/04,7
LEPIDOPTERA,GEOMETRIDAE,6/15/04,6/23/04,3
LEPIDOPTERA,GEOMETRIDAE,6/24/04,6/27/04,4
LEPIDOPTERA,GEOMETRIDAE,6/28/04,6/30/04,7
LEPIDOPTERA,GEOMETRIDAE,6/8/04,6/10/04,6
LEPIDOPTERA,GEOMETRIDAE,7/1/04,7/4/04,9
LEPIDOPTERA,GEOMETRIDAE,7/15/04,7/18/04,23
LEPIDOPTERA,GEOMETRIDAE,7/19/04,7/21/04,20
LEPIDOPTERA,GEOMETRIDAE,7/22/04,7/25/04,35
LEPIDOPTERA,GEOMETRIDAE,7/26/04,7/27/04,16
LEPIDOPTERA,GEOMETRIDAE,7/28/04,7/29/04,9
LEPIDOPTERA,GEOMETRIDAE,7/30/04,8/1/04,26
LEPIDOPTERA,GEOMETRIDAE,7/5/04,7/14/04,22
LEPIDOPTERA,GEOMETRIDAE,8/11/04,8/12/04,1
LEPIDOPTERA,GEOMETRIDAE,8/13/04,8/15/04,5
LEPIDOPTERA,GEOMETRIDAE,8/18/04,8/22/04,3
LEPIDOPTERA,GEOMETRIDAE,8/2/04,8/3/04,8
LEPIDOPTERA,GEOMETRIDAE,8/23/04,8/26/04,5
LEPIDOPTERA,GEOMETRIDAE,8/27/04,8/29/04,2
LEPIDOPTERA,GEOMETRIDAE,8/30/04,9/1/04,1
LEPIDOPTERA,GEOMETRIDAE,8/4/04,8/5/04,1
LEPIDOPTERA,GEOMETRIDAE,8/6/04,8/8/04,5
LEPIDOPTERA,GEOMETRIDAE,8/9/04,8/10/04,3
LEPIDOPTERA,GEOMETRIDAE,9/2/04,9/5/04,2
LEPIDOPTERA,GEOMETRIDAE,9/6/04,9/16/04,4
LEPIDOPTERA,GLYPHIPTERIGIDAE,6/11/04,6/14/04,1
LEPIDOPTERA,GRACILLARIIDAE,10/5/04,10/19/04,1
LEPIDOPTERA,GRACILLARIIDAE,4/14/04,5/2/04,1
LEPIDOPTERA,GRACILLARIIDAE,5/18/04,6/7/04,21
LEPIDOPTERA,GRACILLARIIDAE,5/3/04,5/5/04,1
LEPIDOPTERA,GRACILLARIIDAE,5/6/04,5/17/04,23
LEPIDOPTERA,GRACILLARIIDAE,6/11/04,6/14/04,4
LEPIDOPTERA,GRACILLARIIDAE,6/15/04,6/23/04,5
LEPIDOPTERA,GRACILLARIIDAE,6/28/04,6/30/04,1
LEPIDOPTERA,GRACILLARIIDAE,6/8/04,6/10/04,19
LEPIDOPTERA,GRACILLARIIDAE,7/1/04,7/4/04,1
LEPIDOPTERA,GRACILLARIIDAE,7/15/04,7/18/04,11
LEPIDOPTERA,GRACILLARIIDAE,7/19/04,7/21/04,12
LEPIDOPTERA,GRACILLARIIDAE,7/22/04,7/25/04,19
LEPIDOPTERA,GRACILLARIIDAE,7/26/04,7/27/04,26
LEPIDOPTERA,GRACILLARIIDAE,7/28/04,7/29/04,34
LEPIDOPTERA,GRACILLARIIDAE,7/30/04,8/1/04,92
LEPIDOPTERA,GRACILLARIIDAE,7/5/04,7/14/04,11
LEPIDOPTERA,GRACILLARIIDAE,8/11/04,8/12/04,1
LEPIDOPTERA,GRACILLARIIDAE,8/13/04,8/15/04,18
LEPIDOPTERA,GRACILLARIIDAE,8/16/04,8/17/04,8
LEPIDOPTERA,GRACILLARIIDAE,8/18/04,8/22/04,9
LEPIDOPTERA,GRACILLARIIDAE,8/2/04,8/3/04,46
LEPIDOPTERA,GRACILLARIIDAE,8/23/04,8/26/04,6
LEPIDOPTERA,GRACILLARIIDAE,8/27/04,8/29/04,2
LEPIDOPTERA,GRACILLARIIDAE,8/30/04,9/1/04,2
LEPIDOPTERA,GRACILLARIIDAE,8/4/04,8/5/04,8
LEPIDOPTERA,GRACILLARIIDAE,8/6/04,8/8/04,6
LEPIDOPTERA,GRACILLARIIDAE,8/9/04,8/10/04,14
LEPIDOPTERA,GRACILLARIIDAE,9/17/04,10/4/04,2
LEPIDOPTERA,GRACILLARIIDAE,9/2/04,9/5/04,2
LEPIDOPTERA,GRACILLARIIDAE,9/6/04,9/16/04,10
LEPIDOPTERA,HEPIALIDAE,5/18/04,6/7/04,1
LEPIDOPTERA,LASIOCAMPIDAE,11/1/04,12/9/04,1
LEPIDOPTERA,LIMACODIDAE,8/2/04,8/3/04,2
LEPIDOPTERA,LYMANTRIIDAE,7/30/04,8/1/04,1
LEPIDOPTERA,LYMANTRIIDAE,8/4/04,8/5/04,1
LEPIDOPTERA,LYONETIDAE,10/20/04,10/31/04,1
LEPIDOPTERA,LYONETIDAE,10/5/04,10/19/04,1
LEPIDOPTERA,LYONETIDAE,6/15/04,6/23/04,1
LEPIDOPTERA,LYONETIDAE,7/1/04,7/4/04,1
LEPIDOPTERA,LYONETIDAE,7/15/04,7/18/04,2
LEPIDOPTERA,LYONETIDAE,7/19/04,7/21/04,2
LEPIDOPTERA,LYONETIDAE,7/5/04,7/14/04,1
LEPIDOPTERA,LYONETIDAE,8/16/04,8/17/04,2
LEPIDOPTERA,LYONETIDAE,8/18/04,8/22/04,3
LEPIDOPTERA,LYONETIDAE,8/23/04,8/26/04,1
LEPIDOPTERA,LYONETIDAE,9/17/04,10/4/04,1
LEPIDOPTERA,LYONETIDAE,9/2/04,9/5/04,1
LEPIDOPTERA,LYONETIDAE,9/6/04,9/16/04,1
LEPIDOPTERA,MOMPHIDAE,5/18/04,6/7/04,3
LEPIDOPTERA,MOMPHIDAE,5/6/04,5/17/04,1
LEPIDOPTERA,MOMPHIDAE,6/11/04,6/14/04,1
LEPIDOPTERA,MOMPHIDAE,6/15/04,6/23/04,2
LEPIDOPTERA,MOMPHIDAE,6/24/04,6/27/04,1
LEPIDOPTERA,MOMPHIDAE,6/8/04,6/10/04,2
LEPIDOPTERA,MOMPHIDAE,7/1/04,7/4/04,1
LEPIDOPTERA,MOMPHIDAE,7/26/04,7/27/04,2
LEPIDOPTERA,MOMPHIDAE,8/13/04,8/15/04,2
LEPIDOPTERA,MOMPHIDAE,8/16/04,8/17/04,1
LEPIDOPTERA,MOMPHIDAE,8/18/04,8/22/04,1
LEPIDOPTERA,MOMPHIDAE,8/27/04,8/29/04,1
LEPIDOPTERA,MOMPHIDAE,8/9/04,8/10/04,1
LEPIDOPTERA,MOMPHIDAE,9/6/04,9/16/04,1
LEPIDOPTERA,NEPTICULIDAE,5/18/04,6/7/04,13
LEPIDOPTERA,NEPTICULIDAE,5/6/04,5/17/04,2
LEPIDOPTERA,NEPTICULIDAE,6/11/04,6/14/04,4
LEPIDOPTERA,NEPTICULIDAE,6/28/04,6/30/04,1
LEPIDOPTERA,NEPTICULIDAE,6/8/04,6/10/04,15
LEPIDOPTERA,NEPTICULIDAE,7/26/04,7/27/04,1
LEPIDOPTERA,NEPTICULIDAE,7/28/04,7/29/04,2
LEPIDOPTERA,NEPTICULIDAE,7/30/04,8/1/04,5
LEPIDOPTERA,NEPTICULIDAE,8/2/04,8/3/04,1
LEPIDOPTERA,NEPTICULIDAE,8/9/04,8/10/04,1
LEPIDOPTERA,NEPTICULIDAE,9/6/04,9/16/04,1
LEPIDOPTERA,NOCTUIDAE,10/20/04,10/31/04,5
LEPIDOPTERA,NOCTUIDAE,10/5/04,10/19/04,17
LEPIDOPTERA,NOCTUIDAE,11/1/04,12/9/04,7
LEPIDOPTERA,NOCTUIDAE,4/14/04,5/2/04,50
LEPIDOPTERA,NOCTUIDAE,5/18/04,6/7/04,168
LEPIDOPTERA,NOCTUIDAE,5/3/04,5/5/04,5
LEPIDOPTERA,NOCTUIDAE,5/6/04,5/17/04,45
LEPIDOPTERA,NOCTUIDAE,6/11/04,6/14/04,66
LEPIDOPTERA,NOCTUIDAE,6/15/04,6/23/04,177
LEPIDOPTERA,NOCTUIDAE,6/24/04,6/27/04,96
LEPIDOPTERA,NOCTUIDAE,6/28/04,6/30/04,91
LEPIDOPTERA,NOCTUIDAE,6/8/04,6/10/04,65
LEPIDOPTERA,NOCTUIDAE,7/1/04,7/4/04,86
LEPIDOPTERA,NOCTUIDAE,7/15/04,7/18/04,149
LEPIDOPTERA,NOCTUIDAE,7/19/04,7/21/04,106
LEPIDOPTERA,NOCTUIDAE,7/22/04,7/25/04,234
LEPIDOPTERA,NOCTUIDAE,7/26/04,7/27/04,74
LEPIDOPTERA,NOCTUIDAE,7/28/04,7/29/04,98
LEPIDOPTERA,NOCTUIDAE,7/30/04,8/1/04,162
LEPIDOPTERA,NOCTUIDAE,7/5/04,7/14/04,247
LEPIDOPTERA,NOCTUIDAE,8/11/04,8/12/04,23
LEPIDOPTERA,NOCTUIDAE,8/13/04,8/15/04,61
LEPIDOPTERA,NOCTUIDAE,8/16/04,8/17/04,68
LEPIDOPTERA,NOCTUIDAE,8/18/04,8/22/04,75
LEPIDOPTERA,NOCTUIDAE,8/2/04,8/3/04,120
LEPIDOPTERA,NOCTUIDAE,8/23/04,8/26/04,95
LEPIDOPTERA,NOCTUIDAE,8/27/04,8/29/04,24
LEPIDOPTERA,NOCTUIDAE,8/30/04,9/1/04,42
LEPIDOPTERA,NOCTUIDAE,8/4/04,8/5/04,35
LEPIDOPTERA,NOCTUIDAE,8/6/04,8/8/04,66
LEPIDOPTERA,NOCTUIDAE,8/9/04,8/10/04,54
LEPIDOPTERA,NOCTUIDAE,9/17/04,10/4/04,139
LEPIDOPTERA,NOCTUIDAE,9/2/04,9/5/04,114
LEPIDOPTERA,NOCTUIDAE,9/6/04,9/16/04,140
LEPIDOPTERA,NOLIDAE,11/1/04,12/9/04,1
LEPIDOPTERA,NOLIDAE,5/6/04,5/17/04,1
LEPIDOPTERA,NOLIDAE,7/1/04,7/4/04,2
LEPIDOPTERA,NOLIDAE,7/15/04,7/18/04,3
LEPIDOPTERA,NOLIDAE,7/19/04,7/21/04,2
LEPIDOPTERA,NOLIDAE,7/22/04,7/25/04,4
LEPIDOPTERA,NOLIDAE,7/26/04,7/27/04,1
LEPIDOPTERA,NOLIDAE,7/28/04,7/29/04,4
LEPIDOPTERA,NOLIDAE,7/30/04,8/1/04,7
LEPIDOPTERA,NOLIDAE,7/5/04,7/14/04,1
LEPIDOPTERA,NOLIDAE,9/17/04,10/4/04,1
LEPIDOPTERA,NOTODONTIDAE,5/18/04,6/7/04,2
LEPIDOPTERA,NOTODONTIDAE,5/6/04,5/17/04,1
LEPIDOPTERA,NOTODONTIDAE,6/11/04,6/14/04,1
LEPIDOPTERA,NOTODONTIDAE,7/26/04,7/27/04,1
LEPIDOPTERA,NOTODONTIDAE,8/13/04,8/15/04,1
LEPIDOPTERA,NOTODONTIDAE,8/16/04,8/17/04,1
LEPIDOPTERA,NOTODONTIDAE,8/2/04,8/3/04,2
LEPIDOPTERA,NOTODONTIDAE,8/6/04,8/8/04,1
LEPIDOPTERA,OECOPHORIDAE,5/18/04,6/7/04,6
LEPIDOPTERA,OECOPHORIDAE,5/6/04,5/17/04,4
LEPIDOPTERA,OECOPHORIDAE,6/11/04,6/14/04,2
LEPIDOPTERA,OECOPHORIDAE,6/15/04,6/23/04,4
LEPIDOPTERA,OECOPHORIDAE,6/24/04,6/27/04,3
LEPIDOPTERA,OECOPHORIDAE,6/28/04,6/30/04,1
LEPIDOPTERA,OECOPHORIDAE,6/8/04,6/10/04,3
LEPIDOPTERA,OECOPHORIDAE,7/1/04,7/4/04,2
LEPIDOPTERA,OECOPHORIDAE,7/15/04,7/18/04,14
LEPIDOPTERA,OECOPHORIDAE,7/19/04,7/21/04,4
LEPIDOPTERA,OECOPHORIDAE,7/22/04,7/25/04,22
LEPIDOPTERA,OECOPHORIDAE,7/26/04,7/27/04,9
LEPIDOPTERA,OECOPHORIDAE,7/28/04,7/29/04,15
LEPIDOPTERA,OECOPHORIDAE,7/30/04,8/1/04,87
LEPIDOPTERA,OECOPHORIDAE,7/5/04,7/14/04,7
LEPIDOPTERA,OECOPHORIDAE,8/11/04,8/12/04,2
LEPIDOPTERA,OECOPHORIDAE,8/13/04,8/15/04,11
LEPIDOPTERA,OECOPHORIDAE,8/16/04,8/17/04,7
LEPIDOPTERA,OECOPHORIDAE,8/18/04,8/22/04,4
LEPIDOPTERA,OECOPHORIDAE,8/2/04,8/3/04,9
LEPIDOPTERA,OECOPHORIDAE,8/23/04,8/26/04,1
LEPIDOPTERA,OECOPHORIDAE,8/4/04,8/5/04,6
LEPIDOPTERA,OECOPHORIDAE,8/6/04,8/8/04,7
LEPIDOPTERA,OECOPHORIDAE,8/9/04,8/10/04,14
LEPIDOPTERA,OECOPHORIDAE,9/17/04,10/4/04,1
LEPIDOPTERA,OECOPHORIDAE,9/2/04,9/5/04,3
LEPIDOPTERA,OECOPHORIDAE,9/6/04,9/16/04,1
LEPIDOPTERA,PLUTELLIDAE,4/14/04,5/2/04,1
LEPIDOPTERA,PLUTELLIDAE,5/6/04,5/17/04,1
LEPIDOPTERA,PLUTELLIDAE,7/15/04,7/18/04,1
LEPIDOPTERA,PLUTELLIDAE,7/19/04,7/21/04,2
LEPIDOPTERA,PLUTELLIDAE,7/22/04,7/25/04,1
LEPIDOPTERA,PLUTELLIDAE,7/26/04,7/27/04,1
LEPIDOPTERA,PLUTELLIDAE,7/28/04,7/29/04,1
LEPIDOPTERA,PLUTELLIDAE,7/30/04,8/1/04,3
LEPIDOPTERA,PLUTELLIDAE,8/11/04,8/12/04,4
LEPIDOPTERA,PLUTELLIDAE,8/16/04,8/17/04,1
LEPIDOPTERA,PLUTELLIDAE,8/2/04,8/3/04,1
LEPIDOPTERA,PLUTELLIDAE,8/4/04,8/5/04,2
LEPIDOPTERA,PLUTELLIDAE,8/6/04,8/8/04,2
LEPIDOPTERA,PLUTELLIDAE,8/9/04,8/10/04,4
LEPIDOPTERA,PLUTELLIDAE,9/17/04,10/4/04,1
LEPIDOPTERA,PTEROPHORIDAE,5/6/04,5/17/04,2
LEPIDOPTERA,PTEROPHORIDAE,7/28/04,7/29/04,1
LEPIDOPTERA,PTEROPHORIDAE,7/30/04,8/1/04,1
LEPIDOPTERA,PTEROPHORIDAE,9/6/04,9/16/04,1
LEPIDOPTERA,PYRALIDAE,4/14/04,5/2/04,1
LEPIDOPTERA,PYRALIDAE,5/18/04,6/7/04,4
LEPIDOPTERA,PYRALIDAE,6/11/04,6/14/04,9
LEPIDOPTERA,PYRALIDAE,6/15/04,6/23/04,3
LEPIDOPTERA,PYRALIDAE,6/28/04,6/30/04,15
LEPIDOPTERA,PYRALIDAE,6/8/04,6/10/04,1
LEPIDOPTERA,PYRALIDAE,7/1/04,7/4/04,3
LEPIDOPTERA,PYRALIDAE,7/15/04,7/18/04,72
LEPIDOPTERA,PYRALIDAE,7/19/04,7/21/04,37
LEPIDOPTERA,PYRALIDAE,7/22/04,7/25/04,107
LEPIDOPTERA,PYRALIDAE,7/26/04,7/27/04,34
LEPIDOPTERA,PYRALIDAE,7/28/04,7/29/04,83
LEPIDOPTERA,PYRALIDAE,7/30/04,8/1/04,366
LEPIDOPTERA,PYRALIDAE,7/5/04,7/14/04,58
LEPIDOPTERA,PYRALIDAE,8/11/04,8/12/04,5
LEPIDOPTERA,PYRALIDAE,8/13/04,8/15/04,19
LEPIDOPTERA,PYRALIDAE,8/16/04,8/17/04,10
LEPIDOPTERA,PYRALIDAE,8/18/04,8/22/04,7
LEPIDOPTERA,PYRALIDAE,8/2/04,8/3/04,159
LEPIDOPTERA,PYRALIDAE,8/23/04,8/26/04,6
LEPIDOPTERA,PYRALIDAE,8/4/04,8/5/04,14
LEPIDOPTERA,PYRALIDAE,8/6/04,8/8/04,37
LEPIDOPTERA,PYRALIDAE,8/9/04,8/10/04,32
LEPIDOPTERA,PYRALIDAE,9/17/04,10/4/04,2
LEPIDOPTERA,PYRALIDAE,9/2/04,9/5/04,2
LEPIDOPTERA,PYRALIDAE,9/6/04,9/16/04,2
LEPIDOPTERA,SPHINGIDAE,5/6/04,5/17/04,1
LEPIDOPTERA,SPHINGIDAE,6/11/04,6/14/04,3
LEPIDOPTERA,SPHINGIDAE,6/8/04,6/10/04,2
LEPIDOPTERA,SPHINGIDAE,7/1/04,7/4/04,1
LEPIDOPTERA,SPHINGIDAE,7/30/04,8/1/04,1
LEPIDOPTERA,TINEIDAE,5/18/04,6/7/04,2
LEPIDOPTERA,TINEIDAE,7/28/04,7/29/04,1
LEPIDOPTERA,TINEIDAE,7/30/04,8/1/04,2
LEPIDOPTERA,TINEIDAE,8/2/04,8/3/04,2
LEPIDOPTERA,TINEIDAE,8/23/04,8/26/04,1
LEPIDOPTERA,TISCHERIIDAE,6/24/04,6/27/04,1
LEPIDOPTERA,TORTRICIDAE,10/20/04,10/31/04,1
LEPIDOPTERA,TORTRICIDAE,11/1/04,12/9/04,1
LEPIDOPTERA,TORTRICIDAE,5/18/04,6/7/04,11
LEPIDOPTERA,TORTRICIDAE,6/11/04,6/14/04,23
LEPIDOPTERA,TORTRICIDAE,6/15/04,6/23/04,25
LEPIDOPTERA,TORTRICIDAE,6/24/04,6/27/04,29
LEPIDOPTERA,TORTRICIDAE,6/28/04,6/30/04,36
LEPIDOPTERA,TORTRICIDAE,6/8/04,6/10/04,18
LEPIDOPTERA,TORTRICIDAE,7/1/04,7/4/04,29
LEPIDOPTERA,TORTRICIDAE,7/15/04,7/18/04,155
LEPIDOPTERA,TORTRICIDAE,7/19/04,7/21/04,51
LEPIDOPTERA,TORTRICIDAE,7/22/04,7/25/04,148
LEPIDOPTERA,TORTRICIDAE,7/26/04,7/27/04,50
LEPIDOPTERA,TORTRICIDAE,7/28/04,7/29/04,83
LEPIDOPTERA,TORTRICIDAE,7/30/04,8/1/04,283
LEPIDOPTERA,TORTRICIDAE,7/5/04,7/14/04,112
LEPIDOPTERA,TORTRICIDAE,8/11/04,8/12/04,6
LEPIDOPTERA,TORTRICIDAE,8/13/04,8/15/04,49
LEPIDOPTERA,TORTRICIDAE,8/16/04,8/17/04,33
LEPIDOPTERA,TORTRICIDAE,8/18/04,8/22/04,16
LEPIDOPTERA,TORTRICIDAE,8/2/04,8/3/04,76
LEPIDOPTERA,TORTRICIDAE,8/23/04,8/26/04,15
LEPIDOPTERA,TORTRICIDAE,8/27/04,8/29/04,4
LEPIDOPTERA,TORTRICIDAE,8/30/04,9/1/04,6
LEPIDOPTERA,TORTRICIDAE,8/4/04,8/5/04,33
LEPIDOPTERA,TORTRICIDAE,8/6/04,8/8/04,74
LEPIDOPTERA,TORTRICIDAE,8/9/04,8/10/04,72
LEPIDOPTERA,TORTRICIDAE,9/17/04,10/4/04,7
LEPIDOPTERA,TORTRICIDAE,9/2/04,9/5/04,10
LEPIDOPTERA,TORTRICIDAE,9/6/04,9/16/04,11
LEPIDOPTERA,YPONOMEUTIDAE,11/1/04,12/9/04,1
LEPIDOPTERA,YPONOMEUTIDAE,5/18/04,6/7/04,7
LEPIDOPTERA,YPONOMEUTIDAE,6/11/04,6/14/04,1
LEPIDOPTERA,YPONOMEUTIDAE,6/15/04,6/23/04,4
LEPIDOPTERA,YPONOMEUTIDAE,6/24/04,6/27/04,3
LEPIDOPTERA,YPONOMEUTIDAE,6/28/04,6/30/04,2
LEPIDOPTERA,YPONOMEUTIDAE,6/8/04,6/10/04,6
LEPIDOPTERA,YPONOMEUTIDAE,7/15/04,7/18/04,82
LEPIDOPTERA,YPONOMEUTIDAE,7/19/04,7/21/04,58
LEPIDOPTERA,YPONOMEUTIDAE,7/22/04,7/25/04,246
LEPIDOPTERA,YPONOMEUTIDAE,7/26/04,7/27/04,84
LEPIDOPTERA,YPONOMEUTIDAE,7/28/04,7/29/04,137
LEPIDOPTERA,YPONOMEUTIDAE,7/30/04,8/1/04,1149
LEPIDOPTERA,YPONOMEUTIDAE,7/5/04,7/14/04,12
LEPIDOPTERA,YPONOMEUTIDAE,8/11/04,8/12/04,37
LEPIDOPTERA,YPONOMEUTIDAE,8/13/04,8/15/04,93
LEPIDOPTERA,YPONOMEUTIDAE,8/16/04,8/17/04,41
LEPIDOPTERA,YPONOMEUTIDAE,8/18/04,8/22/04,16
LEPIDOPTERA,YPONOMEUTIDAE,8/2/04,8/3/04,2173
LEPIDOPTERA,YPONOMEUTIDAE,8/23/04,8/26/04,17
LEPIDOPTERA,YPONOMEUTIDAE,8/27/04,8/29/04,3
LEPIDOPTERA,YPONOMEUTIDAE,8/30/04,9/1/04,5
LEPIDOPTERA,YPONOMEUTIDAE,8/4/04,8/5/04,209
LEPIDOPTERA,YPONOMEUTIDAE,8/6/04,8/8/04,170
LEPIDOPTERA,YPONOMEUTIDAE,8/9/04,8/10/04,115
LEPIDOPTERA,YPONOMEUTIDAE,9/17/04,10/4/04,8
LEPIDOPTERA,YPONOMEUTIDAE,9/2/04,9/5/04,14
LEPIDOPTERA,YPONOMEUTIDAE,9/6/04,9/16/04,3
