order,family,date1,date2,individuals
COLEOPTERA,ANOBIIDAE,4/11/05,5/2/05,1
COLEOPTERA,ANOBIIDAE,5/18/05,5/24/05,1
COLEOPTERA,ANOBIIDAE,5/3/05,5/17/05,1
COLEOPTERA,ANOBIIDAE,6/27/05,6/30/05,1
COLEOPTERA,ANOBIIDAE,7/11/05,7/11/05,1
COLEOPTERA,ANOBIIDAE,7/12/05,7/14/05,1
COLEOPTERA,ANTHICIDAE,8/26/05,8/29/05,1
COLEOPTERA,CANTHARIDAE,5/18/05,5/24/05,1
COLEOPTERA,CANTHARIDAE,5/25/05,5/29/05,4
COLEOPTERA,CANTHARIDAE,5/3/05,5/17/05,1
COLEOPTERA,CANTHARIDAE,5/30/05,6/2/05,2
COLEOPTERA,CANTHARIDAE,6/18/05,6/21/05,4
COLEOPTERA,CANTHARIDAE,6/22/05,6/26/05,9
COLEOPTERA,CANTHARIDAE,6/9/05,6/14/05,2
COLEOPTERA,CANTHARIDAE,7/1/05,7/3/05,2
COLEOPTERA,CANTHARIDAE,7/11/05,7/11/05,7
COLEOPTERA,CANTHARIDAE,7/12/05,7/14/05,65
COLEOPTERA,CANTHARIDAE,7/15/05,7/17/05,2
COLEOPTERA,CANTHARIDAE,7/18/05,7/19/05,2
COLEOPTERA,CANTHARIDAE,7/22/05,7/26/05,1
COLEOPTERA,CANTHARIDAE,7/8/05,7/10/05,4
COLEOPTERA,CARABIDAE,5/25/05,5/29/05,1
COLEOPTERA,CARABIDAE,6/22/05,6/26/05,6
COLEOPTERA,CARABIDAE,7/11/05,7/11/05,4
COLEOPTERA,CARABIDAE,7/12/05,7/14/05,17
COLEOPTERA,CARABIDAE,7/15/05,7/17/05,1
COLEOPTERA,CARABIDAE,7/18/05,7/19/05,59
COLEOPTERA,CARABIDAE,7/20/05,7/21/05,2
COLEOPTERA,CARABIDAE,7/22/05,7/26/05,2
COLEOPTERA,CARABIDAE,7/27/05,7/29/05,5
COLEOPTERA,CARABIDAE,7/30/05,8/2/05,6
COLEOPTERA,CARABIDAE,7/7/05,7/7/05,1
COLEOPTERA,CARABIDAE,7/8/05,7/10/05,27
COLEOPTERA,CARABIDAE,8/15/05,8/16/05,15
COLEOPTERA,CARABIDAE,8/17/05,8/18/05,3
COLEOPTERA,CARABIDAE,8/19/05,8/22/05,225
COLEOPTERA,CARABIDAE,8/23/05,8/25/05,22
COLEOPTERA,CARABIDAE,8/26/05,8/29/05,7
COLEOPTERA,CARABIDAE,8/3/05,8/5/05,39
COLEOPTERA,CARABIDAE,8/30/05,9/1/05,2
COLEOPTERA,CARABIDAE,8/6/05,8/14/05,97
COLEOPTERA,CARABIDAE,9/16/05,9/18/05,1
COLEOPTERA,CARABIDAE,9/19/05,9/21/05,2
COLEOPTERA,CARABIDAE,9/2/05,9/4/05,16
COLEOPTERA,CARABIDAE,9/7/05,9/8/05,1
COLEOPTERA,CARABIDAE,9/9/05,9/15/05,2
COLEOPTERA,CERAMBYCIDAE,8/3/05,8/5/05,1
COLEOPTERA,CHRYSOMELIDAE,7/8/05,7/10/05,1
COLEOPTERA,CLERIDAE,7/12/05,7/14/05,2
COLEOPTERA,COCCINELLIDAE,10/3/05,10/9/05,1
COLEOPTERA,COCCINELLIDAE,5/25/05,5/29/05,4
COLEOPTERA,COCCINELLIDAE,5/3/05,5/17/05,1
COLEOPTERA,COCCINELLIDAE,6/16/05,6/17/05,4
COLEOPTERA,COCCINELLIDAE,6/18/05,6/21/05,5
COLEOPTERA,COCCINELLIDAE,6/22/05,6/26/05,27
COLEOPTERA,COCCINELLIDAE,6/27/05,6/30/05,3
COLEOPTERA,COCCINELLIDAE,6/9/05,6/14/05,5
COLEOPTERA,COCCINELLIDAE,7/1/05,7/3/05,5
COLEOPTERA,COCCINELLIDAE,7/11/05,7/11/05,11
COLEOPTERA,COCCINELLIDAE,7/12/05,7/14/05,13
COLEOPTERA,COCCINELLIDAE,7/15/05,7/17/05,4
COLEOPTERA,COCCINELLIDAE,7/18/05,7/19/05,4
COLEOPTERA,COCCINELLIDAE,7/22/05,7/26/05,4
COLEOPTERA,COCCINELLIDAE,7/4/05,7/6/05,2
COLEOPTERA,COCCINELLIDAE,7/7/05,7/7/05,3
COLEOPTERA,COCCINELLIDAE,7/8/05,7/10/05,10
COLEOPTERA,COCCINELLIDAE,8/15/05,8/16/05,2
COLEOPTERA,COCCINELLIDAE,8/19/05,8/22/05,7
COLEOPTERA,COCCINELLIDAE,8/26/05,8/29/05,1
COLEOPTERA,COCCINELLIDAE,8/3/05,8/5/05,2
COLEOPTERA,COCCINELLIDAE,8/6/05,8/14/05,6
COLEOPTERA,COCCINELLIDAE,9/16/05,9/18/05,2
COLEOPTERA,COCCINELLIDAE,9/19/05,9/21/05,3
COLEOPTERA,COCCINELLIDAE,9/2/05,9/4/05,3
COLEOPTERA,COCCINELLIDAE,9/26/05,10/2/05,2
COLEOPTERA,COCCINELLIDAE,9/5/05,9/6/05,1
COLEOPTERA,COCCINELLIDAE,9/7/05,9/8/05,6
COLEOPTERA,COCCINELLIDAE,9/9/05,9/15/05,1
COLEOPTERA,CORTICARIIDAE,8/19/05,8/22/05,2
COLEOPTERA,CORTICARIIDAE,9/7/05,9/8/05,1
COLEOPTERA,CRYPTOPHAGIDAE,5/25/05,5/29/05,1
COLEOPTERA,CRYPTOPHAGIDAE,6/22/05,6/26/05,2
COLEOPTERA,CRYPTOPHAGIDAE,7/12/05,7/14/05,10
COLEOPTERA,CRYPTOPHAGIDAE,7/18/05,7/19/05,2
COLEOPTERA,CRYPTOPHAGIDAE,7/8/05,7/10/05,1
COLEOPTERA,CRYPTOPHAGIDAE,8/19/05,8/22/05,7
COLEOPTERA,CRYPTOPHAGIDAE,8/23/05,8/25/05,2
COLEOPTERA,CRYPTOPHAGIDAE,8/26/05,8/29/05,1
COLEOPTERA,CRYPTOPHAGIDAE,8/3/05,8/5/05,2
COLEOPTERA,CRYPTOPHAGIDAE,8/6/05,8/14/05,2
COLEOPTERA,CRYPTOPHAGIDAE,9/2/05,9/4/05,1
COLEOPTERA,CURCULIONIDAE,6/22/05,6/26/05,5
COLEOPTERA,CURCULIONIDAE,6/27/05,6/30/05,1
COLEOPTERA,CURCULIONIDAE,7/12/05,7/14/05,16
COLEOPTERA,CURCULIONIDAE,7/18/05,7/19/05,5
COLEOPTERA,CURCULIONIDAE,7/30/05,8/2/05,2
COLEOPTERA,CURCULIONIDAE,7/8/05,7/10/05,4
COLEOPTERA,CURCULIONIDAE,8/19/05,8/22/05,14
COLEOPTERA,CURCULIONIDAE,8/6/05,8/14/05,1
COLEOPTERA,DERMESTIDAE,5/25/05,5/29/05,1
COLEOPTERA,DERMESTIDAE,6/16/05,6/17/05,1
COLEOPTERA,DERMESTIDAE,6/18/05,6/21/05,1
COLEOPTERA,DERMESTIDAE,6/27/05,6/30/05,1
COLEOPTERA,DERMESTIDAE,7/8/05,7/10/05,1
COLEOPTERA,DERMESTIDAE,9/16/05,9/18/05,1
COLEOPTERA,DERMESTIDAE,9/5/05,9/6/05,1
COLEOPTERA,DERMESTIDAE,9/7/05,9/8/05,4
COLEOPTERA,DRYOPIDAE,7/12/05,7/14/05,1
COLEOPTERA,DYTISCIDAE,7/11/05,7/11/05,1
COLEOPTERA,DYTISCIDAE,7/12/05,7/14/05,2
COLEOPTERA,DYTISCIDAE,7/8/05,7/10/05,2
COLEOPTERA,DYTISCIDAE,8/15/05,8/16/05,1
COLEOPTERA,DYTISCIDAE,8/19/05,8/22/05,3
COLEOPTERA,DYTISCIDAE,8/6/05,8/14/05,1
COLEOPTERA,ELATERIDAE,5/25/05,5/29/05,2
COLEOPTERA,ELATERIDAE,6/16/05,6/17/05,1
COLEOPTERA,ELATERIDAE,7/1/05,7/3/05,1
COLEOPTERA,ELATERIDAE,7/11/05,7/11/05,3
COLEOPTERA,ELATERIDAE,7/12/05,7/14/05,6
COLEOPTERA,ELATERIDAE,7/15/05,7/17/05,1
COLEOPTERA,ELATERIDAE,7/20/05,7/21/05,1
COLEOPTERA,ELATERIDAE,7/22/05,7/26/05,1
COLEOPTERA,ELATERIDAE,7/7/05,7/7/05,1
COLEOPTERA,ELATERIDAE,7/8/05,7/10/05,2
COLEOPTERA,GYRINIDAE,6/27/05,6/30/05,1
COLEOPTERA,GYRINIDAE,7/8/05,7/10/05,1
COLEOPTERA,HALIPLIDAE,7/12/05,7/14/05,1
COLEOPTERA,HALIPLIDAE,7/18/05,7/19/05,1
COLEOPTERA,HELOPHORIDAE,6/22/05,6/26/05,1
COLEOPTERA,HELOPHORIDAE,7/12/05,7/14/05,7
COLEOPTERA,HELOPHORIDAE,7/15/05,7/17/05,1
COLEOPTERA,HELOPHORIDAE,7/18/05,7/19/05,1
COLEOPTERA,HELOPHORIDAE,7/8/05,7/10/05,3
COLEOPTERA,HETEROCERIDAE,6/22/05,6/26/05,4
COLEOPTERA,HETEROCERIDAE,7/1/05,7/3/05,2
COLEOPTERA,HETEROCERIDAE,7/11/05,7/11/05,1
COLEOPTERA,HETEROCERIDAE,7/12/05,7/14/05,23
COLEOPTERA,HETEROCERIDAE,7/15/05,7/17/05,1
COLEOPTERA,HETEROCERIDAE,7/18/05,7/19/05,19
COLEOPTERA,HETEROCERIDAE,7/27/05,7/29/05,1
COLEOPTERA,HETEROCERIDAE,7/7/05,7/7/05,1
COLEOPTERA,HETEROCERIDAE,7/8/05,7/10/05,6
COLEOPTERA,HETEROCERIDAE,8/15/05,8/16/05,3
COLEOPTERA,HETEROCERIDAE,8/19/05,8/22/05,4
COLEOPTERA,HETEROCERIDAE,8/6/05,8/14/05,3
COLEOPTERA,HYDRAENIDAE,7/12/05,7/14/05,1
COLEOPTERA,HYDRAENIDAE,7/18/05,7/19/05,1
COLEOPTERA,HYDRAENIDAE,7/8/05,7/10/05,1
COLEOPTERA,HYDRAENIDAE,8/23/05,8/25/05,1
COLEOPTERA,HYDRAENIDAE,8/3/05,8/5/05,1
COLEOPTERA,HYDRAENIDAE,8/6/05,8/14/05,1
COLEOPTERA,HYDROPHILIDAE,6/18/05,6/21/05,1
COLEOPTERA,HYDROPHILIDAE,6/22/05,6/26/05,6
COLEOPTERA,HYDROPHILIDAE,6/27/05,6/30/05,3
COLEOPTERA,HYDROPHILIDAE,7/11/05,7/11/05,5
COLEOPTERA,HYDROPHILIDAE,7/12/05,7/14/05,28
COLEOPTERA,HYDROPHILIDAE,7/18/05,7/19/05,46
COLEOPTERA,HYDROPHILIDAE,7/27/05,7/29/05,3
COLEOPTERA,HYDROPHILIDAE,7/7/05,7/7/05,3
COLEOPTERA,HYDROPHILIDAE,7/8/05,7/10/05,19
COLEOPTERA,HYDROPHILIDAE,8/19/05,8/22/05,11
COLEOPTERA,HYDROPHILIDAE,8/26/05,8/29/05,1
COLEOPTERA,HYDROPHILIDAE,8/3/05,8/5/05,3
COLEOPTERA,HYDROPHILIDAE,8/6/05,8/14/05,8
COLEOPTERA,HYDROPHILIDAE,9/2/05,9/4/05,3
COLEOPTERA,HYDROPHILIDAE,9/26/05,10/2/05,1
COLEOPTERA,HYDROPHILIDAE,9/5/05,9/6/05,1
COLEOPTERA,HYDROPHILIDAE,9/7/05,9/8/05,1
COLEOPTERA,HYDROPHILIDAE,9/9/05,9/15/05,1
COLEOPTERA,LEIODIDAE,7/8/05,7/10/05,1
COLEOPTERA,LEIODIDAE,8/15/05,8/16/05,1
COLEOPTERA,MELANDRYIDAE,7/12/05,7/14/05,1
COLEOPTERA,MELYRIDAE,5/25/05,5/29/05,33
COLEOPTERA,MELYRIDAE,5/3/05,5/17/05,1
COLEOPTERA,MELYRIDAE,6/22/05,6/26/05,1
COLEOPTERA,MELYRIDAE,6/27/05,6/30/05,1
COLEOPTERA,MELYRIDAE,7/1/05,7/3/05,1
COLEOPTERA,MELYRIDAE,7/7/05,7/7/05,1
COLEOPTERA,MONOTOMIDAE,7/12/05,7/14/05,3
COLEOPTERA,MONOTOMIDAE,7/18/05,7/19/05,3
COLEOPTERA,MONOTOMIDAE,8/15/05,8/16/05,2
COLEOPTERA,MONOTOMIDAE,8/19/05,8/22/05,4
COLEOPTERA,MONOTOMIDAE,8/23/05,8/25/05,1
COLEOPTERA,MONOTOMIDAE,8/6/05,8/14/05,1
COLEOPTERA,NITIDULIDAE,6/22/05,6/26/05,1
COLEOPTERA,NITIDULIDAE,7/18/05,7/19/05,2
COLEOPTERA,NITIDULIDAE,7/8/05,7/10/05,1
COLEOPTERA,PHALACRIDAE,8/19/05,8/22/05,1
COLEOPTERA,PHALACRIDAE,8/26/05,8/29/05,1
COLEOPTERA,PHALACRIDAE,9/2/05,9/4/05,2
COLEOPTERA,SCARABAEIDAE,5/18/05,5/24/05,10
COLEOPTERA,SCARABAEIDAE,5/25/05,5/29/05,5
COLEOPTERA,SCARABAEIDAE,6/16/05,6/17/05,1
COLEOPTERA,SCARABAEIDAE,6/18/05,6/21/05,1
COLEOPTERA,SCARABAEIDAE,6/22/05,6/26/05,5
COLEOPTERA,SCARABAEIDAE,6/27/05,6/30/05,9
COLEOPTERA,SCARABAEIDAE,6/9/05,6/14/05,3
COLEOPTERA,SCARABAEIDAE,7/1/05,7/3/05,7
COLEOPTERA,SCARABAEIDAE,7/11/05,7/11/05,1
COLEOPTERA,SCARABAEIDAE,7/12/05,7/14/05,9
COLEOPTERA,SCARABAEIDAE,7/15/05,7/17/05,4
COLEOPTERA,SCARABAEIDAE,7/20/05,7/21/05,2
COLEOPTERA,SCARABAEIDAE,7/22/05,7/26/05,2
COLEOPTERA,SCARABAEIDAE,7/4/05,7/6/05,2
COLEOPTERA,SCARABAEIDAE,7/7/05,7/7/05,7
COLEOPTERA,SCARABAEIDAE,7/8/05,7/10/05,22
COLEOPTERA,SCARABAEIDAE,8/19/05,8/22/05,2
COLEOPTERA,SCARABAEIDAE,9/2/05,9/4/05,1
COLEOPTERA,SCIRTIDAE,6/22/05,6/26/05,2
COLEOPTERA,SCIRTIDAE,7/12/05,7/14/05,9
COLEOPTERA,SCIRTIDAE,7/18/05,7/19/05,3
COLEOPTERA,SCIRTIDAE,7/30/05,8/2/05,1
COLEOPTERA,SCIRTIDAE,7/8/05,7/10/05,3
COLEOPTERA,SCIRTIDAE,8/6/05,8/14/05,1
COLEOPTERA,SCIRTIDAE,9/9/05,9/15/05,1
COLEOPTERA,SCRAPTIIDAE,6/16/05,6/17/05,1
COLEOPTERA,SCRAPTIIDAE,6/18/05,6/21/05,1
COLEOPTERA,SCRAPTIIDAE,6/9/05,6/14/05,1
COLEOPTERA,SILPHIDAE,4/11/05,5/2/05,1
COLEOPTERA,SILPHIDAE,5/18/05,5/24/05,1
COLEOPTERA,SILPHIDAE,5/25/05,5/29/05,9
COLEOPTERA,SILPHIDAE,6/22/05,6/26/05,1
COLEOPTERA,SILPHIDAE,6/9/05,6/14/05,1
COLEOPTERA,SILPHIDAE,7/12/05,7/14/05,1
COLEOPTERA,SILPHIDAE,7/22/05,7/26/05,2
COLEOPTERA,SILPHIDAE,7/27/05,7/29/05,1
COLEOPTERA,SILPHIDAE,8/3/05,8/5/05,1
COLEOPTERA,SILPHIDAE,8/6/05,8/14/05,1
COLEOPTERA,SILPHIDAE,9/19/05,9/21/05,1
COLEOPTERA,SILPHIDAE,9/7/05,9/8/05,2
COLEOPTERA,STAPHYLINIDAE,11/10/05,11/22/05,1
COLEOPTERA,STAPHYLINIDAE,5/18/05,5/24/05,3
COLEOPTERA,STAPHYLINIDAE,5/25/05,5/29/05,2
COLEOPTERA,STAPHYLINIDAE,6/18/05,6/21/05,2
COLEOPTERA,STAPHYLINIDAE,6/22/05,6/26/05,12
COLEOPTERA,STAPHYLINIDAE,7/1/05,7/3/05,3
COLEOPTERA,STAPHYLINIDAE,7/11/05,7/11/05,31
COLEOPTERA,STAPHYLINIDAE,7/12/05,7/14/05,332
COLEOPTERA,STAPHYLINIDAE,7/15/05,7/17/05,9
COLEOPTERA,STAPHYLINIDAE,7/18/05,7/19/05,733
COLEOPTERA,STAPHYLINIDAE,7/20/05,7/21/05,10
COLEOPTERA,STAPHYLINIDAE,7/22/05,7/26/05,2
COLEOPTERA,STAPHYLINIDAE,7/27/05,7/29/05,2
COLEOPTERA,STAPHYLINIDAE,7/30/05,8/2/05,2
COLEOPTERA,STAPHYLINIDAE,7/8/05,7/10/05,154
COLEOPTERA,STAPHYLINIDAE,8/15/05,8/16/05,2
COLEOPTERA,STAPHYLINIDAE,8/19/05,8/22/05,27
COLEOPTERA,STAPHYLINIDAE,8/23/05,8/25/05,4
COLEOPTERA,STAPHYLINIDAE,8/26/05,8/29/05,1
COLEOPTERA,STAPHYLINIDAE,8/3/05,8/5/05,1
COLEOPTERA,STAPHYLINIDAE,8/6/05,8/14/05,2
COLEOPTERA,STAPHYLINIDAE,9/16/05,9/18/05,1
COLEOPTERA,STAPHYLINIDAE,9/2/05,9/4/05,2
COLEOPTERA,STAPHYLINIDAE,9/7/05,9/8/05,3
COLEOPTERA,TENEBRIONIDAE,6/27/05,6/30/05,2
COLEOPTERA,TENEBRIONIDAE,7/11/05,7/11/05,50
COLEOPTERA,TENEBRIONIDAE,7/12/05,7/14/05,80
COLEOPTERA,TENEBRIONIDAE,7/15/05,7/17/05,18
COLEOPTERA,TENEBRIONIDAE,7/18/05,7/19/05,47
COLEOPTERA,TENEBRIONIDAE,7/20/05,7/21/05,6
COLEOPTERA,TENEBRIONIDAE,7/22/05,7/26/05,9
COLEOPTERA,TENEBRIONIDAE,7/27/05,7/29/05,6
COLEOPTERA,TENEBRIONIDAE,7/30/05,8/2/05,5
COLEOPTERA,TENEBRIONIDAE,7/4/05,7/6/05,3
COLEOPTERA,TENEBRIONIDAE,7/7/05,7/7/05,19
COLEOPTERA,TENEBRIONIDAE,7/8/05,7/10/05,67
COLEOPTERA,TENEBRIONIDAE,8/3/05,8/5/05,2
COLEOPTERA,TENEBRIONIDAE,8/6/05,8/14/05,1
COLEOPTERA,THROSCIDAE,7/27/05,7/29/05,1
COLEOPTERA,THROSCIDAE,8/26/05,8/29/05,2
LEPIDOPTERA,ADELIDAE,4/11/05,5/2/05,1
LEPIDOPTERA,ADELIDAE,5/25/05,5/29/05,1
LEPIDOPTERA,AGONOXENIDAE,6/18/05,6/21/05,5
LEPIDOPTERA,AGONOXENIDAE,6/22/05,6/26/05,1
LEPIDOPTERA,AGONOXENIDAE,6/27/05,6/30/05,2
LEPIDOPTERA,AGONOXENIDAE,7/11/05,7/11/05,1
LEPIDOPTERA,AGONOXENIDAE,7/22/05,7/26/05,1
LEPIDOPTERA,AGONOXENIDAE,7/7/05,7/7/05,2
LEPIDOPTERA,AGONOXENIDAE,7/8/05,7/10/05,1
LEPIDOPTERA,ALUCITIDAE,7/22/05,7/26/05,1
LEPIDOPTERA,ARCTIIDAE,5/30/05,6/2/05,1
LEPIDOPTERA,ARCTIIDAE,6/22/05,6/26/05,1
LEPIDOPTERA,ARCTIIDAE,6/9/05,6/14/05,1
LEPIDOPTERA,ARCTIIDAE,7/12/05,7/14/05,1
LEPIDOPTERA,ARCTIIDAE,7/18/05,7/19/05,1
LEPIDOPTERA,ARCTIIDAE,7/27/05,7/29/05,1
LEPIDOPTERA,ARCTIIDAE,7/30/05,8/2/05,1
LEPIDOPTERA,ARCTIIDAE,7/8/05,7/10/05,3
LEPIDOPTERA,ARCTIIDAE,8/3/05,8/5/05,2
LEPIDOPTERA,ARCTIIDAE,9/19/05,9/21/05,1
LEPIDOPTERA,AUTOSTICHIDAE,6/27/05,6/30/05,1
LEPIDOPTERA,AUTOSTICHIDAE,7/12/05,7/14/05,1
LEPIDOPTERA,AUTOSTICHIDAE,7/20/05,7/21/05,1
LEPIDOPTERA,AUTOSTICHIDAE,7/22/05,7/26/05,2
LEPIDOPTERA,AUTOSTICHIDAE,7/27/05,7/29/05,1
LEPIDOPTERA,AUTOSTICHIDAE,7/30/05,8/2/05,1
LEPIDOPTERA,AUTOSTICHIDAE,8/15/05,8/16/05,1
LEPIDOPTERA,AUTOSTICHIDAE,8/6/05,8/14/05,1
LEPIDOPTERA,BATRACHEDRIDAE,7/11/05,7/11/05,2
LEPIDOPTERA,BATRACHEDRIDAE,7/12/05,7/14/05,8
LEPIDOPTERA,BATRACHEDRIDAE,7/15/05,7/17/05,2
LEPIDOPTERA,BATRACHEDRIDAE,7/30/05,8/2/05,2
LEPIDOPTERA,BATRACHEDRIDAE,7/7/05,7/7/05,2
LEPIDOPTERA,BATRACHEDRIDAE,7/8/05,7/10/05,9
LEPIDOPTERA,BATRACHEDRIDAE,8/17/05,8/18/05,1
LEPIDOPTERA,BATRACHEDRIDAE,8/19/05,8/22/05,4
LEPIDOPTERA,BATRACHEDRIDAE,8/26/05,8/29/05,3
LEPIDOPTERA,BATRACHEDRIDAE,8/3/05,8/5/05,7
LEPIDOPTERA,BATRACHEDRIDAE,8/6/05,8/14/05,2
LEPIDOPTERA,BUCCULATRICIDAE,5/25/05,5/29/05,1
LEPIDOPTERA,BUCCULATRICIDAE,6/18/05,6/21/05,1
LEPIDOPTERA,BUCCULATRICIDAE,6/22/05,6/26/05,2
LEPIDOPTERA,BUCCULATRICIDAE,7/30/05,8/2/05,1
LEPIDOPTERA,BUCCULATRICIDAE,8/17/05,8/18/05,1
LEPIDOPTERA,BUCCULATRICIDAE,8/26/05,8/29/05,2
LEPIDOPTERA,BUCCULATRICIDAE,8/3/05,8/5/05,1
LEPIDOPTERA,COLEOPHORIDAE,6/16/05,6/17/05,19
LEPIDOPTERA,COLEOPHORIDAE,6/18/05,6/21/05,22
LEPIDOPTERA,COLEOPHORIDAE,6/22/05,6/26/05,38
LEPIDOPTERA,COLEOPHORIDAE,6/27/05,6/30/05,2
LEPIDOPTERA,COLEOPHORIDAE,6/9/05,6/14/05,2
LEPIDOPTERA,COLEOPHORIDAE,7/1/05,7/3/05,2
LEPIDOPTERA,COLEOPHORIDAE,7/11/05,7/11/05,12
LEPIDOPTERA,COLEOPHORIDAE,7/12/05,7/14/05,46
LEPIDOPTERA,COLEOPHORIDAE,7/15/05,7/17/05,36
LEPIDOPTERA,COLEOPHORIDAE,7/18/05,7/19/05,12
LEPIDOPTERA,COLEOPHORIDAE,7/20/05,7/21/05,15
LEPIDOPTERA,COLEOPHORIDAE,7/22/05,7/26/05,43
LEPIDOPTERA,COLEOPHORIDAE,7/27/05,7/29/05,26
LEPIDOPTERA,COLEOPHORIDAE,7/30/05,8/2/05,22
LEPIDOPTERA,COLEOPHORIDAE,7/4/05,7/6/05,1
LEPIDOPTERA,COLEOPHORIDAE,7/7/05,7/7/05,10
LEPIDOPTERA,COLEOPHORIDAE,7/8/05,7/10/05,14
LEPIDOPTERA,COLEOPHORIDAE,8/15/05,8/16/05,1
LEPIDOPTERA,COLEOPHORIDAE,8/17/05,8/18/05,2
LEPIDOPTERA,COLEOPHORIDAE,8/19/05,8/22/05,1
LEPIDOPTERA,COLEOPHORIDAE,8/3/05,8/5/05,8
LEPIDOPTERA,COLEOPHORIDAE,8/6/05,8/14/05,9
LEPIDOPTERA,DEPRESSARIIDAE,5/18/05,5/24/05,1
LEPIDOPTERA,DEPRESSARIIDAE,8/19/05,8/22/05,1
LEPIDOPTERA,DEPRESSARIIDAE,8/6/05,8/14/05,1
LEPIDOPTERA,DEPRESSARIIDAE,9/5/05,9/6/05,1
LEPIDOPTERA,DREPANIDAE,6/18/05,6/21/05,1
LEPIDOPTERA,DREPANIDAE,7/1/05,7/3/05,1
LEPIDOPTERA,DREPANIDAE,7/12/05,7/14/05,1
LEPIDOPTERA,DREPANIDAE,7/18/05,7/19/05,1
LEPIDOPTERA,DREPANIDAE,7/22/05,7/26/05,1
LEPIDOPTERA,DREPANIDAE,7/27/05,7/29/05,1
LEPIDOPTERA,DREPANIDAE,7/8/05,7/10/05,2
LEPIDOPTERA,DREPANIDAE,8/6/05,8/14/05,1
LEPIDOPTERA,ELACHISTIDAE,5/25/05,5/29/05,1
LEPIDOPTERA,ELACHISTIDAE,6/18/05,6/21/05,1
LEPIDOPTERA,ELACHISTIDAE,6/22/05,6/26/05,1
LEPIDOPTERA,ELACHISTIDAE,6/9/05,6/14/05,1
LEPIDOPTERA,GELECHIIDAE,5/25/05,5/29/05,1
LEPIDOPTERA,GELECHIIDAE,6/18/05,6/21/05,3
LEPIDOPTERA,GELECHIIDAE,6/22/05,6/26/05,4
LEPIDOPTERA,GELECHIIDAE,6/27/05,6/30/05,6
LEPIDOPTERA,GELECHIIDAE,7/1/05,7/3/05,2
LEPIDOPTERA,GELECHIIDAE,7/11/05,7/11/05,5
LEPIDOPTERA,GELECHIIDAE,7/12/05,7/14/05,34
LEPIDOPTERA,GELECHIIDAE,7/15/05,7/17/05,14
LEPIDOPTERA,GELECHIIDAE,7/18/05,7/19/05,11
LEPIDOPTERA,GELECHIIDAE,7/22/05,7/26/05,12
LEPIDOPTERA,GELECHIIDAE,7/27/05,7/29/05,5
LEPIDOPTERA,GELECHIIDAE,7/30/05,8/2/05,14
LEPIDOPTERA,GELECHIIDAE,7/4/05,7/6/05,2
LEPIDOPTERA,GELECHIIDAE,7/7/05,7/7/05,5
LEPIDOPTERA,GELECHIIDAE,7/8/05,7/10/05,18
LEPIDOPTERA,GELECHIIDAE,8/15/05,8/16/05,4
LEPIDOPTERA,GELECHIIDAE,8/17/05,8/18/05,7
LEPIDOPTERA,GELECHIIDAE,8/19/05,8/22/05,5
LEPIDOPTERA,GELECHIIDAE,8/23/05,8/25/05,1
LEPIDOPTERA,GELECHIIDAE,8/26/05,8/29/05,1
LEPIDOPTERA,GELECHIIDAE,8/3/05,8/5/05,11
LEPIDOPTERA,GELECHIIDAE,8/30/05,9/1/05,2
LEPIDOPTERA,GELECHIIDAE,8/6/05,8/14/05,21
LEPIDOPTERA,GELECHIIDAE,9/2/05,9/4/05,2
LEPIDOPTERA,GELECHIIDAE,9/7/05,9/8/05,2
LEPIDOPTERA,GEOMETRIDAE,10/31/05,11/9/05,1
LEPIDOPTERA,GEOMETRIDAE,11/10/05,11/22/05,4
LEPIDOPTERA,GEOMETRIDAE,4/11/05,5/2/05,1
LEPIDOPTERA,GEOMETRIDAE,5/18/05,5/24/05,5
LEPIDOPTERA,GEOMETRIDAE,5/25/05,5/29/05,20
LEPIDOPTERA,GEOMETRIDAE,5/3/05,5/17/05,1
LEPIDOPTERA,GEOMETRIDAE,5/30/05,6/2/05,4
LEPIDOPTERA,GEOMETRIDAE,6/16/05,6/17/05,14
LEPIDOPTERA,GEOMETRIDAE,6/18/05,6/21/05,14
LEPIDOPTERA,GEOMETRIDAE,6/22/05,6/26/05,35
LEPIDOPTERA,GEOMETRIDAE,6/27/05,6/30/05,14
LEPIDOPTERA,GEOMETRIDAE,6/3/05,6/8/05,11
LEPIDOPTERA,GEOMETRIDAE,6/9/05,6/14/05,13
LEPIDOPTERA,GEOMETRIDAE,7/1/05,7/3/05,17
LEPIDOPTERA,GEOMETRIDAE,7/11/05,7/11/05,15
LEPIDOPTERA,GEOMETRIDAE,7/12/05,7/14/05,36
LEPIDOPTERA,GEOMETRIDAE,7/15/05,7/17/05,24
LEPIDOPTERA,GEOMETRIDAE,7/18/05,7/19/05,10
LEPIDOPTERA,GEOMETRIDAE,7/20/05,7/21/05,3
LEPIDOPTERA,GEOMETRIDAE,7/22/05,7/26/05,22
LEPIDOPTERA,GEOMETRIDAE,7/27/05,7/29/05,16
LEPIDOPTERA,GEOMETRIDAE,7/30/05,8/2/05,6
LEPIDOPTERA,GEOMETRIDAE,7/4/05,7/6/05,15
LEPIDOPTERA,GEOMETRIDAE,7/7/05,7/7/05,23
LEPIDOPTERA,GEOMETRIDAE,7/8/05,7/10/05,24
LEPIDOPTERA,GEOMETRIDAE,8/15/05,8/16/05,10
LEPIDOPTERA,GEOMETRIDAE,8/17/05,8/18/05,5
LEPIDOPTERA,GEOMETRIDAE,8/19/05,8/22/05,7
LEPIDOPTERA,GEOMETRIDAE,8/23/05,8/25/05,4
LEPIDOPTERA,GEOMETRIDAE,8/26/05,8/29/05,7
LEPIDOPTERA,GEOMETRIDAE,8/3/05,8/5/05,20
LEPIDOPTERA,GEOMETRIDAE,8/30/05,9/1/05,1
LEPIDOPTERA,GEOMETRIDAE,8/6/05,8/14/05,27
LEPIDOPTERA,GEOMETRIDAE,9/16/05,9/18/05,4
LEPIDOPTERA,GEOMETRIDAE,9/19/05,9/21/05,6
LEPIDOPTERA,GEOMETRIDAE,9/2/05,9/4/05,3
LEPIDOPTERA,GEOMETRIDAE,9/26/05,10/2/05,2
LEPIDOPTERA,GEOMETRIDAE,9/5/05,9/6/05,1
LEPIDOPTERA,GEOMETRIDAE,9/7/05,9/8/05,5
LEPIDOPTERA,GEOMETRIDAE,9/9/05,9/15/05,2
LEPIDOPTERA,GRACILLARIIDAE,11/10/05,11/22/05,1
LEPIDOPTERA,GRACILLARIIDAE,4/11/05,5/2/05,1
LEPIDOPTERA,GRACILLARIIDAE,5/18/05,5/24/05,7
LEPIDOPTERA,GRACILLARIIDAE,5/25/05,5/29/05,22
LEPIDOPTERA,GRACILLARIIDAE,5/3/05,5/17/05,3
LEPIDOPTERA,GRACILLARIIDAE,5/30/05,6/2/05,3
LEPIDOPTERA,GRACILLARIIDAE,6/16/05,6/17/05,4
LEPIDOPTERA,GRACILLARIIDAE,6/18/05,6/21/05,11
LEPIDOPTERA,GRACILLARIIDAE,6/22/05,6/26/05,19
LEPIDOPTERA,GRACILLARIIDAE,6/27/05,6/30/05,3
LEPIDOPTERA,GRACILLARIIDAE,6/3/05,6/8/05,6
LEPIDOPTERA,GRACILLARIIDAE,6/9/05,6/14/05,6
LEPIDOPTERA,GRACILLARIIDAE,7/1/05,7/3/05,5
LEPIDOPTERA,GRACILLARIIDAE,7/11/05,7/11/05,5
LEPIDOPTERA,GRACILLARIIDAE,7/12/05,7/14/05,25
LEPIDOPTERA,GRACILLARIIDAE,7/15/05,7/17/05,9
LEPIDOPTERA,GRACILLARIIDAE,7/18/05,7/19/05,7
LEPIDOPTERA,GRACILLARIIDAE,7/20/05,7/21/05,5
LEPIDOPTERA,GRACILLARIIDAE,7/22/05,7/26/05,12
LEPIDOPTERA,GRACILLARIIDAE,7/27/05,7/29/05,6
LEPIDOPTERA,GRACILLARIIDAE,7/30/05,8/2/05,13
LEPIDOPTERA,GRACILLARIIDAE,7/4/05,7/6/05,1
LEPIDOPTERA,GRACILLARIIDAE,7/7/05,7/7/05,2
LEPIDOPTERA,GRACILLARIIDAE,7/8/05,7/10/05,10
LEPIDOPTERA,GRACILLARIIDAE,8/15/05,8/16/05,7
LEPIDOPTERA,GRACILLARIIDAE,8/17/05,8/18/05,7
LEPIDOPTERA,GRACILLARIIDAE,8/19/05,8/22/05,14
LEPIDOPTERA,GRACILLARIIDAE,8/23/05,8/25/05,7
LEPIDOPTERA,GRACILLARIIDAE,8/26/05,8/29/05,12
LEPIDOPTERA,GRACILLARIIDAE,8/3/05,8/5/05,13
LEPIDOPTERA,GRACILLARIIDAE,8/30/05,9/1/05,2
LEPIDOPTERA,GRACILLARIIDAE,8/6/05,8/14/05,31
LEPIDOPTERA,GRACILLARIIDAE,9/16/05,9/18/05,1
LEPIDOPTERA,GRACILLARIIDAE,9/19/05,9/21/05,1
LEPIDOPTERA,GRACILLARIIDAE,9/2/05,9/4/05,10
LEPIDOPTERA,GRACILLARIIDAE,9/26/05,10/2/05,1
LEPIDOPTERA,GRACILLARIIDAE,9/7/05,9/8/05,5
LEPIDOPTERA,GRACILLARIIDAE,9/9/05,9/15/05,5
LEPIDOPTERA,HEPIALIDAE,5/25/05,5/29/05,1
LEPIDOPTERA,HEPIALIDAE,6/3/05,6/8/05,1
LEPIDOPTERA,HEPIALIDAE,6/9/05,6/14/05,1
LEPIDOPTERA,LASIOCAMPIDAE,11/10/05,11/22/05,1
LEPIDOPTERA,LYMANTRIIDAE,7/12/05,7/14/05,1
LEPIDOPTERA,LYMANTRIIDAE,7/22/05,7/26/05,1
LEPIDOPTERA,LYONETIDAE,4/11/05,5/2/05,1
LEPIDOPTERA,LYONETIDAE,5/25/05,5/29/05,1
LEPIDOPTERA,LYONETIDAE,6/22/05,6/26/05,7
LEPIDOPTERA,LYONETIDAE,6/27/05,6/30/05,3
LEPIDOPTERA,LYONETIDAE,7/1/05,7/3/05,3
LEPIDOPTERA,LYONETIDAE,7/11/05,7/11/05,1
LEPIDOPTERA,LYONETIDAE,7/12/05,7/14/05,1
LEPIDOPTERA,LYONETIDAE,7/15/05,7/17/05,1
LEPIDOPTERA,LYONETIDAE,7/20/05,7/21/05,2
LEPIDOPTERA,LYONETIDAE,7/22/05,7/26/05,4
LEPIDOPTERA,LYONETIDAE,7/27/05,7/29/05,3
LEPIDOPTERA,LYONETIDAE,7/30/05,8/2/05,12
LEPIDOPTERA,LYONETIDAE,7/8/05,7/10/05,4
LEPIDOPTERA,LYONETIDAE,8/15/05,8/16/05,15
LEPIDOPTERA,LYONETIDAE,8/17/05,8/18/05,10
LEPIDOPTERA,LYONETIDAE,8/19/05,8/22/05,11
LEPIDOPTERA,LYONETIDAE,8/23/05,8/25/05,2
LEPIDOPTERA,LYONETIDAE,8/26/05,8/29/05,1
LEPIDOPTERA,LYONETIDAE,8/3/05,8/5/05,4
LEPIDOPTERA,LYONETIDAE,8/6/05,8/14/05,50
LEPIDOPTERA,LYONETIDAE,9/2/05,9/4/05,1
LEPIDOPTERA,LYONETIDAE,9/7/05,9/8/05,2
LEPIDOPTERA,LYONETIDAE,9/9/05,9/15/05,1
LEPIDOPTERA,MOMPHIDAE,5/18/05,5/24/05,1
LEPIDOPTERA,MOMPHIDAE,5/25/05,5/29/05,2
LEPIDOPTERA,MOMPHIDAE,6/22/05,6/26/05,2
LEPIDOPTERA,MOMPHIDAE,6/9/05,6/14/05,1
LEPIDOPTERA,MOMPHIDAE,7/12/05,7/14/05,4
LEPIDOPTERA,MOMPHIDAE,7/15/05,7/17/05,2
LEPIDOPTERA,MOMPHIDAE,7/18/05,7/19/05,1
LEPIDOPTERA,MOMPHIDAE,7/20/05,7/21/05,1
LEPIDOPTERA,MOMPHIDAE,7/22/05,7/26/05,2
LEPIDOPTERA,MOMPHIDAE,7/27/05,7/29/05,4
LEPIDOPTERA,MOMPHIDAE,7/8/05,7/10/05,3
LEPIDOPTERA,MOMPHIDAE,8/15/05,8/16/05,1
LEPIDOPTERA,MOMPHIDAE,8/17/05,8/18/05,1
LEPIDOPTERA,MOMPHIDAE,8/19/05,8/22/05,2
LEPIDOPTERA,MOMPHIDAE,8/26/05,8/29/05,1
LEPIDOPTERA,MOMPHIDAE,8/3/05,8/5/05,1
LEPIDOPTERA,MOMPHIDAE,8/30/05,9/1/05,1
LEPIDOPTERA,MOMPHIDAE,8/6/05,8/14/05,2
LEPIDOPTERA,MOMPHIDAE,9/2/05,9/4/05,1
LEPIDOPTERA,MOMPHIDAE,9/5/05,9/6/05,1
LEPIDOPTERA,MOMPHIDAE,9/7/05,9/8/05,3
LEPIDOPTERA,NEPTICULIDAE,5/18/05,5/24/05,1
LEPIDOPTERA,NEPTICULIDAE,5/25/05,5/29/05,6
LEPIDOPTERA,NEPTICULIDAE,5/30/05,6/2/05,1
LEPIDOPTERA,NEPTICULIDAE,6/16/05,6/17/05,3
LEPIDOPTERA,NEPTICULIDAE,6/18/05,6/21/05,1
LEPIDOPTERA,NEPTICULIDAE,6/22/05,6/26/05,3
LEPIDOPTERA,NEPTICULIDAE,6/27/05,6/30/05,2
LEPIDOPTERA,NEPTICULIDAE,7/12/05,7/14/05,3
LEPIDOPTERA,NEPTICULIDAE,7/30/05,8/2/05,1
LEPIDOPTERA,NEPTICULIDAE,8/15/05,8/16/05,1
LEPIDOPTERA,NEPTICULIDAE,8/17/05,8/18/05,2
LEPIDOPTERA,NEPTICULIDAE,8/19/05,8/22/05,1
LEPIDOPTERA,NEPTICULIDAE,8/3/05,8/5/05,1
LEPIDOPTERA,NEPTICULIDAE,8/6/05,8/14/05,2
LEPIDOPTERA,NOCTUIDAE,10/10/05,10/13/05,1
LEPIDOPTERA,NOCTUIDAE,10/14/05,10/20/05,3
LEPIDOPTERA,NOCTUIDAE,10/21/05,10/30/05,4
LEPIDOPTERA,NOCTUIDAE,10/3/05,10/9/05,15
LEPIDOPTERA,NOCTUIDAE,10/31/05,11/9/05,4
LEPIDOPTERA,NOCTUIDAE,11/10/05,11/22/05,1
LEPIDOPTERA,NOCTUIDAE,4/11/05,5/2/05,53
LEPIDOPTERA,NOCTUIDAE,5/18/05,5/24/05,19
LEPIDOPTERA,NOCTUIDAE,5/25/05,5/29/05,55
LEPIDOPTERA,NOCTUIDAE,5/3/05,5/17/05,9
LEPIDOPTERA,NOCTUIDAE,5/30/05,6/2/05,35
LEPIDOPTERA,NOCTUIDAE,6/16/05,6/17/05,37
LEPIDOPTERA,NOCTUIDAE,6/18/05,6/21/05,107
LEPIDOPTERA,NOCTUIDAE,6/22/05,6/26/05,109
LEPIDOPTERA,NOCTUIDAE,6/27/05,6/30/05,67
LEPIDOPTERA,NOCTUIDAE,6/3/05,6/8/05,46
LEPIDOPTERA,NOCTUIDAE,6/9/05,6/14/05,44
LEPIDOPTERA,NOCTUIDAE,7/1/05,7/3/05,62
LEPIDOPTERA,NOCTUIDAE,7/11/05,7/11/05,27
LEPIDOPTERA,NOCTUIDAE,7/12/05,7/14/05,150
LEPIDOPTERA,NOCTUIDAE,7/15/05,7/17/05,79
LEPIDOPTERA,NOCTUIDAE,7/18/05,7/19/05,52
LEPIDOPTERA,NOCTUIDAE,7/20/05,7/21/05,41
LEPIDOPTERA,NOCTUIDAE,7/22/05,7/26/05,123
LEPIDOPTERA,NOCTUIDAE,7/27/05,7/29/05,60
LEPIDOPTERA,NOCTUIDAE,7/30/05,8/2/05,93
LEPIDOPTERA,NOCTUIDAE,7/4/05,7/6/05,60
LEPIDOPTERA,NOCTUIDAE,7/7/05,7/7/05,42
LEPIDOPTERA,NOCTUIDAE,7/8/05,7/10/05,107
LEPIDOPTERA,NOCTUIDAE,8/15/05,8/16/05,149
LEPIDOPTERA,NOCTUIDAE,8/17/05,8/18/05,76
LEPIDOPTERA,NOCTUIDAE,8/19/05,8/22/05,120
LEPIDOPTERA,NOCTUIDAE,8/23/05,8/25/05,144
LEPIDOPTERA,NOCTUIDAE,8/26/05,8/29/05,172
LEPIDOPTERA,NOCTUIDAE,8/3/05,8/5/05,110
LEPIDOPTERA,NOCTUIDAE,8/30/05,9/1/05,45
LEPIDOPTERA,NOCTUIDAE,8/6/05,8/14/05,321
LEPIDOPTERA,NOCTUIDAE,9/16/05,9/18/05,67
LEPIDOPTERA,NOCTUIDAE,9/19/05,9/21/05,118
LEPIDOPTERA,NOCTUIDAE,9/2/05,9/4/05,185
LEPIDOPTERA,NOCTUIDAE,9/22/05,9/25/05,52
LEPIDOPTERA,NOCTUIDAE,9/26/05,10/2/05,54
LEPIDOPTERA,NOCTUIDAE,9/5/05,9/6/05,41
LEPIDOPTERA,NOCTUIDAE,9/7/05,9/8/05,137
LEPIDOPTERA,NOCTUIDAE,9/9/05,9/15/05,104
LEPIDOPTERA,NOLIDAE,4/11/05,5/2/05,1
LEPIDOPTERA,NOLIDAE,6/18/05,6/21/05,1
LEPIDOPTERA,NOLIDAE,6/22/05,6/26/05,3
LEPIDOPTERA,NOLIDAE,6/27/05,6/30/05,1
LEPIDOPTERA,NOLIDAE,7/11/05,7/11/05,1
LEPIDOPTERA,NOLIDAE,7/12/05,7/14/05,3
LEPIDOPTERA,NOLIDAE,7/22/05,7/26/05,2
LEPIDOPTERA,NOLIDAE,7/4/05,7/6/05,2
LEPIDOPTERA,NOLIDAE,7/8/05,7/10/05,5
LEPIDOPTERA,NOLIDAE,8/6/05,8/14/05,1
LEPIDOPTERA,NOTODONTIDAE,5/18/05,5/24/05,3
LEPIDOPTERA,NOTODONTIDAE,5/3/05,5/17/05,2
LEPIDOPTERA,NOTODONTIDAE,5/30/05,6/2/05,2
LEPIDOPTERA,NOTODONTIDAE,6/16/05,6/17/05,1
LEPIDOPTERA,NOTODONTIDAE,6/18/05,6/21/05,3
LEPIDOPTERA,NOTODONTIDAE,6/27/05,6/30/05,1
LEPIDOPTERA,NOTODONTIDAE,6/3/05,6/8/05,2
LEPIDOPTERA,NOTODONTIDAE,6/9/05,6/14/05,1
LEPIDOPTERA,NOTODONTIDAE,7/1/05,7/3/05,1
LEPIDOPTERA,NOTODONTIDAE,7/12/05,7/14/05,2
LEPIDOPTERA,NOTODONTIDAE,7/15/05,7/17/05,2
LEPIDOPTERA,NOTODONTIDAE,7/18/05,7/19/05,1
LEPIDOPTERA,NOTODONTIDAE,7/22/05,7/26/05,2
LEPIDOPTERA,NOTODONTIDAE,7/30/05,8/2/05,1
LEPIDOPTERA,NOTODONTIDAE,7/7/05,7/7/05,1
LEPIDOPTERA,NOTODONTIDAE,8/15/05,8/16/05,3
LEPIDOPTERA,NOTODONTIDAE,8/17/05,8/18/05,4
LEPIDOPTERA,NOTODONTIDAE,8/19/05,8/22/05,1
LEPIDOPTERA,NOTODONTIDAE,8/3/05,8/5/05,1
LEPIDOPTERA,NOTODONTIDAE,8/30/05,9/1/05,1
LEPIDOPTERA,NOTODONTIDAE,8/6/05,8/14/05,5
LEPIDOPTERA,OECOPHORIDAE,4/11/05,5/2/05,1
LEPIDOPTERA,OECOPHORIDAE,5/25/05,5/29/05,3
LEPIDOPTERA,OECOPHORIDAE,6/16/05,6/17/05,6
LEPIDOPTERA,OECOPHORIDAE,6/18/05,6/21/05,9
LEPIDOPTERA,OECOPHORIDAE,6/22/05,6/26/05,11
LEPIDOPTERA,OECOPHORIDAE,6/27/05,6/30/05,3
LEPIDOPTERA,OECOPHORIDAE,6/3/05,6/8/05,1
LEPIDOPTERA,OECOPHORIDAE,6/9/05,6/14/05,3
LEPIDOPTERA,OECOPHORIDAE,7/1/05,7/3/05,7
LEPIDOPTERA,OECOPHORIDAE,7/11/05,7/11/05,44
LEPIDOPTERA,OECOPHORIDAE,7/12/05,7/14/05,116
LEPIDOPTERA,OECOPHORIDAE,7/15/05,7/17/05,19
LEPIDOPTERA,OECOPHORIDAE,7/18/05,7/19/05,14
LEPIDOPTERA,OECOPHORIDAE,7/20/05,7/21/05,10
LEPIDOPTERA,OECOPHORIDAE,7/22/05,7/26/05,26
LEPIDOPTERA,OECOPHORIDAE,7/27/05,7/29/05,12
LEPIDOPTERA,OECOPHORIDAE,7/30/05,8/2/05,10
LEPIDOPTERA,OECOPHORIDAE,7/4/05,7/6/05,6
LEPIDOPTERA,OECOPHORIDAE,7/7/05,7/7/05,11
LEPIDOPTERA,OECOPHORIDAE,7/8/05,7/10/05,50
LEPIDOPTERA,OECOPHORIDAE,8/15/05,8/16/05,5
LEPIDOPTERA,OECOPHORIDAE,8/17/05,8/18/05,3
LEPIDOPTERA,OECOPHORIDAE,8/19/05,8/22/05,4
LEPIDOPTERA,OECOPHORIDAE,8/23/05,8/25/05,2
LEPIDOPTERA,OECOPHORIDAE,8/26/05,8/29/05,1
LEPIDOPTERA,OECOPHORIDAE,8/3/05,8/5/05,14
LEPIDOPTERA,OECOPHORIDAE,8/30/05,9/1/05,2
LEPIDOPTERA,OECOPHORIDAE,8/6/05,8/14/05,22
LEPIDOPTERA,OECOPHORIDAE,9/19/05,9/21/05,1
LEPIDOPTERA,OECOPHORIDAE,9/2/05,9/4/05,1
LEPIDOPTERA,PLUTELLIDAE,10/14/05,10/20/05,1
LEPIDOPTERA,PLUTELLIDAE,10/3/05,10/9/05,1
LEPIDOPTERA,PLUTELLIDAE,10/31/05,11/9/05,1
LEPIDOPTERA,PLUTELLIDAE,11/10/05,11/22/05,1
LEPIDOPTERA,PLUTELLIDAE,5/3/05,5/17/05,1
LEPIDOPTERA,PLUTELLIDAE,7/15/05,7/17/05,1
LEPIDOPTERA,PLUTELLIDAE,7/20/05,7/21/05,1
LEPIDOPTERA,PLUTELLIDAE,8/15/05,8/16/05,1
LEPIDOPTERA,PLUTELLIDAE,8/17/05,8/18/05,1
LEPIDOPTERA,PLUTELLIDAE,8/19/05,8/22/05,1
LEPIDOPTERA,PLUTELLIDAE,9/2/05,9/4/05,1
LEPIDOPTERA,PTEROPHORIDAE,5/3/05,5/17/05,1
LEPIDOPTERA,PYRALIDAE,5/25/05,5/29/05,1
LEPIDOPTERA,PYRALIDAE,6/16/05,6/17/05,6
LEPIDOPTERA,PYRALIDAE,6/18/05,6/21/05,5
LEPIDOPTERA,PYRALIDAE,6/22/05,6/26/05,41
LEPIDOPTERA,PYRALIDAE,6/27/05,6/30/05,18
LEPIDOPTERA,PYRALIDAE,6/9/05,6/14/05,2
LEPIDOPTERA,PYRALIDAE,7/1/05,7/3/05,26
LEPIDOPTERA,PYRALIDAE,7/11/05,7/11/05,59
LEPIDOPTERA,PYRALIDAE,7/12/05,7/14/05,1803
LEPIDOPTERA,PYRALIDAE,7/15/05,7/17/05,160
LEPIDOPTERA,PYRALIDAE,7/18/05,7/19/05,373
LEPIDOPTERA,PYRALIDAE,7/20/05,7/21/05,21
LEPIDOPTERA,PYRALIDAE,7/22/05,7/26/05,111
LEPIDOPTERA,PYRALIDAE,7/27/05,7/29/05,46
LEPIDOPTERA,PYRALIDAE,7/30/05,8/2/05,29
LEPIDOPTERA,PYRALIDAE,7/4/05,7/6/05,23
LEPIDOPTERA,PYRALIDAE,7/7/05,7/7/05,61
LEPIDOPTERA,PYRALIDAE,7/8/05,7/10/05,897
LEPIDOPTERA,PYRALIDAE,8/15/05,8/16/05,15
LEPIDOPTERA,PYRALIDAE,8/17/05,8/18/05,20
LEPIDOPTERA,PYRALIDAE,8/19/05,8/22/05,41
LEPIDOPTERA,PYRALIDAE,8/23/05,8/25/05,10
LEPIDOPTERA,PYRALIDAE,8/26/05,8/29/05,7
LEPIDOPTERA,PYRALIDAE,8/3/05,8/5/05,59
LEPIDOPTERA,PYRALIDAE,8/30/05,9/1/05,2
LEPIDOPTERA,PYRALIDAE,8/6/05,8/14/05,56
LEPIDOPTERA,PYRALIDAE,9/2/05,9/4/05,3
LEPIDOPTERA,PYRALIDAE,9/5/05,9/6/05,1
LEPIDOPTERA,PYRALIDAE,9/7/05,9/8/05,6
LEPIDOPTERA,PYRALIDAE,9/9/05,9/15/05,1
LEPIDOPTERA,SPHINGIDAE,5/18/05,5/24/05,2
LEPIDOPTERA,SPHINGIDAE,5/25/05,5/29/05,2
LEPIDOPTERA,SPHINGIDAE,6/16/05,6/17/05,1
LEPIDOPTERA,SPHINGIDAE,6/18/05,6/21/05,2
LEPIDOPTERA,SPHINGIDAE,6/22/05,6/26/05,2
LEPIDOPTERA,SPHINGIDAE,6/27/05,6/30/05,1
LEPIDOPTERA,SPHINGIDAE,6/9/05,6/14/05,1
LEPIDOPTERA,SPHINGIDAE,7/4/05,7/6/05,1
LEPIDOPTERA,SPHINGIDAE,8/19/05,8/22/05,1
LEPIDOPTERA,SPHINGIDAE,9/7/05,9/8/05,1
LEPIDOPTERA,TINEIDAE,6/18/05,6/21/05,1
LEPIDOPTERA,TINEIDAE,6/22/05,6/26/05,1
LEPIDOPTERA,TINEIDAE,6/27/05,6/30/05,1
LEPIDOPTERA,TINEIDAE,6/3/05,6/8/05,1
LEPIDOPTERA,TINEIDAE,7/1/05,7/3/05,1
LEPIDOPTERA,TINEIDAE,7/11/05,7/11/05,2
LEPIDOPTERA,TINEIDAE,7/12/05,7/14/05,7
LEPIDOPTERA,TINEIDAE,7/30/05,8/2/05,2
LEPIDOPTERA,TINEIDAE,7/7/05,7/7/05,2
LEPIDOPTERA,TINEIDAE,7/8/05,7/10/05,2
LEPIDOPTERA,TINEIDAE,8/23/05,8/25/05,1
LEPIDOPTERA,TINEIDAE,8/30/05,9/1/05,1
LEPIDOPTERA,TINEIDAE,8/6/05,8/14/05,1
LEPIDOPTERA,TISCHERIIDAE,6/22/05,6/26/05,2
LEPIDOPTERA,TISCHERIIDAE,7/11/05,7/11/05,1
LEPIDOPTERA,TISCHERIIDAE,7/15/05,7/17/05,1
LEPIDOPTERA,TORTRICIDAE,10/31/05,11/9/05,1
LEPIDOPTERA,TORTRICIDAE,11/10/05,11/22/05,1
LEPIDOPTERA,TORTRICIDAE,4/11/05,5/2/05,2
LEPIDOPTERA,TORTRICIDAE,5/18/05,5/24/05,2
LEPIDOPTERA,TORTRICIDAE,5/25/05,5/29/05,5
LEPIDOPTERA,TORTRICIDAE,5/30/05,6/2/05,1
LEPIDOPTERA,TORTRICIDAE,6/16/05,6/17/05,6
LEPIDOPTERA,TORTRICIDAE,6/18/05,6/21/05,20
LEPIDOPTERA,TORTRICIDAE,6/22/05,6/26/05,73
LEPIDOPTERA,TORTRICIDAE,6/27/05,6/30/05,73
LEPIDOPTERA,TORTRICIDAE,6/3/05,6/8/05,2
LEPIDOPTERA,TORTRICIDAE,6/9/05,6/14/05,3
LEPIDOPTERA,TORTRICIDAE,7/1/05,7/3/05,62
LEPIDOPTERA,TORTRICIDAE,7/11/05,7/11/05,76
LEPIDOPTERA,TORTRICIDAE,7/12/05,7/14/05,309
LEPIDOPTERA,TORTRICIDAE,7/15/05,7/17/05,78
LEPIDOPTERA,TORTRICIDAE,7/18/05,7/19/05,43
LEPIDOPTERA,TORTRICIDAE,7/20/05,7/21/05,21
LEPIDOPTERA,TORTRICIDAE,7/22/05,7/26/05,99
LEPIDOPTERA,TORTRICIDAE,7/27/05,7/29/05,60
LEPIDOPTERA,TORTRICIDAE,7/30/05,8/2/05,64
LEPIDOPTERA,TORTRICIDAE,7/4/05,7/6/05,32
LEPIDOPTERA,TORTRICIDAE,7/7/05,7/7/05,65
LEPIDOPTERA,TORTRICIDAE,7/8/05,7/10/05,212
LEPIDOPTERA,TORTRICIDAE,8/15/05,8/16/05,37
LEPIDOPTERA,TORTRICIDAE,8/17/05,8/18/05,25
LEPIDOPTERA,TORTRICIDAE,8/19/05,8/22/05,34
LEPIDOPTERA,TORTRICIDAE,8/23/05,8/25/05,20
LEPIDOPTERA,TORTRICIDAE,8/26/05,8/29/05,20
LEPIDOPTERA,TORTRICIDAE,8/3/05,8/5/05,66
LEPIDOPTERA,TORTRICIDAE,8/30/05,9/1/05,3
LEPIDOPTERA,TORTRICIDAE,8/6/05,8/14/05,128
LEPIDOPTERA,TORTRICIDAE,9/16/05,9/18/05,1
LEPIDOPTERA,TORTRICIDAE,9/19/05,9/21/05,7
LEPIDOPTERA,TORTRICIDAE,9/2/05,9/4/05,11
LEPIDOPTERA,TORTRICIDAE,9/22/05,9/25/05,3
LEPIDOPTERA,TORTRICIDAE,9/5/05,9/6/05,1
LEPIDOPTERA,TORTRICIDAE,9/7/05,9/8/05,7
LEPIDOPTERA,TORTRICIDAE,9/9/05,9/15/05,3
LEPIDOPTERA,YPONOMEUTIDAE,5/25/05,5/29/05,4
LEPIDOPTERA,YPONOMEUTIDAE,5/30/05,6/2/05,2
LEPIDOPTERA,YPONOMEUTIDAE,6/16/05,6/17/05,5
LEPIDOPTERA,YPONOMEUTIDAE,6/22/05,6/26/05,7
LEPIDOPTERA,YPONOMEUTIDAE,6/27/05,6/30/05,4
LEPIDOPTERA,YPONOMEUTIDAE,6/3/05,6/8/05,2
LEPIDOPTERA,YPONOMEUTIDAE,6/9/05,6/14/05,4
LEPIDOPTERA,YPONOMEUTIDAE,7/1/05,7/3/05,3
LEPIDOPTERA,YPONOMEUTIDAE,7/11/05,7/11/05,273
LEPIDOPTERA,YPONOMEUTIDAE,7/12/05,7/14/05,1317
LEPIDOPTERA,YPONOMEUTIDAE,7/15/05,7/17/05,257
LEPIDOPTERA,YPONOMEUTIDAE,7/18/05,7/19/05,292
LEPIDOPTERA,YPONOMEUTIDAE,7/20/05,7/21/05,95
LEPIDOPTERA,YPONOMEUTIDAE,7/22/05,7/26/05,925
LEPIDOPTERA,YPONOMEUTIDAE,7/27/05,7/29/05,372
LEPIDOPTERA,YPONOMEUTIDAE,7/30/05,8/2/05,463
LEPIDOPTERA,YPONOMEUTIDAE,7/4/05,7/6/05,23
LEPIDOPTERA,YPONOMEUTIDAE,7/7/05,7/7/05,467
LEPIDOPTERA,YPONOMEUTIDAE,7/8/05,7/10/05,531
LEPIDOPTERA,YPONOMEUTIDAE,8/15/05,8/16/05,189
LEPIDOPTERA,YPONOMEUTIDAE,8/17/05,8/18/05,153
LEPIDOPTERA,YPONOMEUTIDAE,8/19/05,8/22/05,113
LEPIDOPTERA,YPONOMEUTIDAE,8/23/05,8/25/05,53
LEPIDOPTERA,YPONOMEUTIDAE,8/26/05,8/29/05,33
LEPIDOPTERA,YPONOMEUTIDAE,8/3/05,8/5/05,360
LEPIDOPTERA,YPONOMEUTIDAE,8/30/05,9/1/05,7
LEPIDOPTERA,YPONOMEUTIDAE,8/6/05,8/14/05,675
LEPIDOPTERA,YPONOMEUTIDAE,9/16/05,9/18/05,6
LEPIDOPTERA,YPONOMEUTIDAE,9/19/05,9/21/05,5
LEPIDOPTERA,YPONOMEUTIDAE,9/2/05,9/4/05,27
LEPIDOPTERA,YPONOMEUTIDAE,9/22/05,9/25/05,1
LEPIDOPTERA,YPONOMEUTIDAE,9/5/05,9/6/05,1
LEPIDOPTERA,YPONOMEUTIDAE,9/7/05,9/8/05,12
LEPIDOPTERA,YPONOMEUTIDAE,9/9/05,9/15/05,10
