order,family,date1,date2,individuals
COLEOPTERA,ADERIDAE,7/7/06,7/9/06,1
COLEOPTERA,ANOBIIDAE,4/5/06,5/1/06,1
COLEOPTERA,ANOBIIDAE,6/1/06,6/8/06,1
COLEOPTERA,ANOBIIDAE,6/12/06,6/13/06,1
COLEOPTERA,ANOBIIDAE,6/14/06,6/20/06,2
COLEOPTERA,ANOBIIDAE,7/7/06,7/9/06,1
COLEOPTERA,ANOBIIDAE,8/17/06,8/24/06,1
COLEOPTERA,ANOBIIDAE,8/7/06,8/10/06,1
COLEOPTERA,ANTHICIDAE,8/7/06,8/10/06,6
COLEOPTERA,CANTHARIDAE,6/1/06,6/8/06,3
COLEOPTERA,CANTHARIDAE,6/12/06,6/13/06,2
COLEOPTERA,CANTHARIDAE,6/14/06,6/20/06,8
COLEOPTERA,CANTHARIDAE,6/21/06,6/25/06,1
COLEOPTERA,CANTHARIDAE,6/29/06,7/2/06,1
COLEOPTERA,CANTHARIDAE,6/9/06,6/11/06,3
COLEOPTERA,CANTHARIDAE,7/14/06,7/20/06,16
COLEOPTERA,CANTHARIDAE,7/21/06,7/27/06,22
COLEOPTERA,CANTHARIDAE,7/28/06,8/3/06,1
COLEOPTERA,CANTHARIDAE,7/3/06,7/6/06,9
COLEOPTERA,CANTHARIDAE,7/7/06,7/9/06,4
COLEOPTERA,CARABIDAE,4/5/06,5/1/06,1
COLEOPTERA,CARABIDAE,6/12/06,6/13/06,1
COLEOPTERA,CARABIDAE,6/14/06,6/20/06,1
COLEOPTERA,CARABIDAE,6/21/06,6/25/06,2
COLEOPTERA,CARABIDAE,7/10/06,7/13/06,2
COLEOPTERA,CARABIDAE,7/14/06,7/20/06,19
COLEOPTERA,CARABIDAE,7/21/06,7/27/06,236
COLEOPTERA,CARABIDAE,7/28/06,8/3/06,128
COLEOPTERA,CARABIDAE,7/3/06,7/6/06,10
COLEOPTERA,CARABIDAE,7/7/06,7/9/06,26
COLEOPTERA,CARABIDAE,8/11/06,8/16/06,10
COLEOPTERA,CARABIDAE,8/17/06,8/24/06,133
COLEOPTERA,CARABIDAE,8/25/06,8/31/06,34
COLEOPTERA,CARABIDAE,8/4/06,8/6/06,78
COLEOPTERA,CARABIDAE,8/7/06,8/10/06,310
COLEOPTERA,CARABIDAE,9/1/06,9/6/06,5
COLEOPTERA,CARABIDAE,9/14/06,9/21/06,3
COLEOPTERA,CARABIDAE,9/22/06,10/2/06,6
COLEOPTERA,CARABIDAE,9/7/06,9/13/06,1
COLEOPTERA,CERAMBYCIDAE,7/10/06,7/13/06,1
COLEOPTERA,CERAMBYCIDAE,7/21/06,7/27/06,1
COLEOPTERA,CERAMBYCIDAE,7/28/06,8/3/06,1
COLEOPTERA,CHRYSOMELIDAE,7/21/06,7/27/06,2
COLEOPTERA,CHRYSOMELIDAE,7/28/06,8/3/06,1
COLEOPTERA,CIIDAE,6/29/06,7/2/06,1
COLEOPTERA,CLERIDAE,10/18/06,11/2/06,1
COLEOPTERA,COCCINELLIDAE,6/1/06,6/8/06,2
COLEOPTERA,COCCINELLIDAE,6/12/06,6/13/06,7
COLEOPTERA,COCCINELLIDAE,6/14/06,6/20/06,40
COLEOPTERA,COCCINELLIDAE,6/21/06,6/25/06,11
COLEOPTERA,COCCINELLIDAE,6/26/06,6/28/06,2
COLEOPTERA,COCCINELLIDAE,6/29/06,7/2/06,6
COLEOPTERA,COCCINELLIDAE,6/9/06,6/11/06,19
COLEOPTERA,COCCINELLIDAE,7/10/06,7/13/06,9
COLEOPTERA,COCCINELLIDAE,7/14/06,7/20/06,21
COLEOPTERA,COCCINELLIDAE,7/21/06,7/27/06,48
COLEOPTERA,COCCINELLIDAE,7/28/06,8/3/06,32
COLEOPTERA,COCCINELLIDAE,7/3/06,7/6/06,14
COLEOPTERA,COCCINELLIDAE,7/7/06,7/9/06,24
COLEOPTERA,COCCINELLIDAE,8/11/06,8/16/06,4
COLEOPTERA,COCCINELLIDAE,8/17/06,8/24/06,4
COLEOPTERA,COCCINELLIDAE,8/25/06,8/31/06,4
COLEOPTERA,COCCINELLIDAE,8/4/06,8/6/06,22
COLEOPTERA,COCCINELLIDAE,8/7/06,8/10/06,17
COLEOPTERA,COCCINELLIDAE,9/1/06,9/6/06,8
COLEOPTERA,COCCINELLIDAE,9/22/06,10/2/06,5
COLEOPTERA,COLYDIIDAE,7/3/06,7/6/06,2
COLEOPTERA,CORTICARIIDAE,6/14/06,6/20/06,3
COLEOPTERA,CORTICARIIDAE,8/7/06,8/10/06,2
COLEOPTERA,CRYPTOPHAGIDAE,6/12/06,6/13/06,1
COLEOPTERA,CRYPTOPHAGIDAE,6/21/06,6/25/06,1
COLEOPTERA,CRYPTOPHAGIDAE,6/29/06,7/2/06,1
COLEOPTERA,CRYPTOPHAGIDAE,7/21/06,7/27/06,8
COLEOPTERA,CRYPTOPHAGIDAE,7/28/06,8/3/06,5
COLEOPTERA,CRYPTOPHAGIDAE,7/3/06,7/6/06,1
COLEOPTERA,CRYPTOPHAGIDAE,7/7/06,7/9/06,1
COLEOPTERA,CRYPTOPHAGIDAE,8/17/06,8/24/06,4
COLEOPTERA,CRYPTOPHAGIDAE,8/4/06,8/6/06,1
COLEOPTERA,CRYPTOPHAGIDAE,8/7/06,8/10/06,11
COLEOPTERA,CRYPTOPHAGIDAE,9/14/06,9/21/06,1
COLEOPTERA,CURCULIONIDAE,6/12/06,6/13/06,1
COLEOPTERA,CURCULIONIDAE,7/14/06,7/20/06,5
COLEOPTERA,CURCULIONIDAE,7/21/06,7/27/06,19
COLEOPTERA,CURCULIONIDAE,7/28/06,8/3/06,7
COLEOPTERA,CURCULIONIDAE,7/3/06,7/6/06,2
COLEOPTERA,CURCULIONIDAE,7/7/06,7/9/06,2
COLEOPTERA,CURCULIONIDAE,8/4/06,8/6/06,2
COLEOPTERA,CURCULIONIDAE,8/7/06,8/10/06,5
COLEOPTERA,DERMESTIDAE,6/1/06,6/8/06,2
COLEOPTERA,DERMESTIDAE,6/14/06,6/20/06,2
COLEOPTERA,DERMESTIDAE,6/21/06,6/25/06,1
COLEOPTERA,DERMESTIDAE,6/26/06,6/28/06,1
COLEOPTERA,DERMESTIDAE,6/29/06,7/2/06,1
COLEOPTERA,DERMESTIDAE,6/9/06,6/11/06,1
COLEOPTERA,DERMESTIDAE,7/21/06,7/27/06,2
COLEOPTERA,DERMESTIDAE,7/3/06,7/6/06,1
COLEOPTERA,DERMESTIDAE,8/25/06,8/31/06,1
COLEOPTERA,DERMESTIDAE,8/4/06,8/6/06,1
COLEOPTERA,DERMESTIDAE,9/1/06,9/6/06,1
COLEOPTERA,DERMESTIDAE,9/22/06,10/2/06,2
COLEOPTERA,DYTISCIDAE,6/9/06,6/11/06,1
COLEOPTERA,DYTISCIDAE,7/14/06,7/20/06,2
COLEOPTERA,DYTISCIDAE,7/21/06,7/27/06,2
COLEOPTERA,DYTISCIDAE,8/25/06,8/31/06,1
COLEOPTERA,DYTISCIDAE,8/4/06,8/6/06,1
COLEOPTERA,DYTISCIDAE,8/7/06,8/10/06,3
COLEOPTERA,ELATERIDAE,6/1/06,6/8/06,1
COLEOPTERA,ELATERIDAE,6/12/06,6/13/06,1
COLEOPTERA,ELATERIDAE,6/21/06,6/25/06,1
COLEOPTERA,ELATERIDAE,7/14/06,7/20/06,1
COLEOPTERA,ELATERIDAE,7/21/06,7/27/06,4
COLEOPTERA,ELATERIDAE,7/28/06,8/3/06,1
COLEOPTERA,EROTYLIDAE,7/21/06,7/27/06,2
COLEOPTERA,EROTYLIDAE,7/28/06,8/3/06,2
COLEOPTERA,EROTYLIDAE,8/4/06,8/6/06,1
COLEOPTERA,EROTYLIDAE,8/7/06,8/10/06,3
COLEOPTERA,HALIPLIDAE,7/21/06,7/27/06,2
COLEOPTERA,HALIPLIDAE,8/7/06,8/10/06,2
COLEOPTERA,HELOPHORIDAE,7/14/06,7/20/06,1
COLEOPTERA,HELOPHORIDAE,7/21/06,7/27/06,1
COLEOPTERA,HELOPHORIDAE,7/28/06,8/3/06,1
COLEOPTERA,HELOPHORIDAE,7/3/06,7/6/06,1
COLEOPTERA,HELOPHORIDAE,7/7/06,7/9/06,1
COLEOPTERA,HETEROCERIDAE,6/1/06,6/8/06,1
COLEOPTERA,HETEROCERIDAE,6/14/06,6/20/06,1
COLEOPTERA,HETEROCERIDAE,6/21/06,6/25/06,2
COLEOPTERA,HETEROCERIDAE,6/29/06,7/2/06,7
COLEOPTERA,HETEROCERIDAE,7/10/06,7/13/06,3
COLEOPTERA,HETEROCERIDAE,7/14/06,7/20/06,33
COLEOPTERA,HETEROCERIDAE,7/21/06,7/27/06,29
COLEOPTERA,HETEROCERIDAE,7/28/06,8/3/06,9
COLEOPTERA,HETEROCERIDAE,7/3/06,7/6/06,27
COLEOPTERA,HETEROCERIDAE,7/7/06,7/9/06,1
COLEOPTERA,HETEROCERIDAE,8/17/06,8/24/06,4
COLEOPTERA,HETEROCERIDAE,8/4/06,8/6/06,4
COLEOPTERA,HETEROCERIDAE,8/7/06,8/10/06,9
COLEOPTERA,HYDRAENIDAE,7/21/06,7/27/06,1
COLEOPTERA,HYDRAENIDAE,7/28/06,8/3/06,1
COLEOPTERA,HYDRAENIDAE,8/7/06,8/10/06,1
COLEOPTERA,HYDROPHILIDAE,10/3/06,10/9/06,1
COLEOPTERA,HYDROPHILIDAE,5/19/06,5/31/06,1
COLEOPTERA,HYDROPHILIDAE,6/1/06,6/8/06,1
COLEOPTERA,HYDROPHILIDAE,6/14/06,6/20/06,4
COLEOPTERA,HYDROPHILIDAE,6/21/06,6/25/06,6
COLEOPTERA,HYDROPHILIDAE,6/29/06,7/2/06,14
COLEOPTERA,HYDROPHILIDAE,7/10/06,7/13/06,1
COLEOPTERA,HYDROPHILIDAE,7/14/06,7/20/06,10
COLEOPTERA,HYDROPHILIDAE,7/21/06,7/27/06,30
COLEOPTERA,HYDROPHILIDAE,7/28/06,8/3/06,21
COLEOPTERA,HYDROPHILIDAE,7/3/06,7/6/06,34
COLEOPTERA,HYDROPHILIDAE,7/7/06,7/9/06,3
COLEOPTERA,HYDROPHILIDAE,8/11/06,8/16/06,3
COLEOPTERA,HYDROPHILIDAE,8/17/06,8/24/06,6
COLEOPTERA,HYDROPHILIDAE,8/4/06,8/6/06,7
COLEOPTERA,HYDROPHILIDAE,8/7/06,8/10/06,12
COLEOPTERA,HYDROPHILIDAE,9/14/06,9/21/06,3
COLEOPTERA,HYDROPHILIDAE,9/7/06,9/13/06,1
COLEOPTERA,LEIODIDAE,8/17/06,8/24/06,1
COLEOPTERA,MELANDRYIDAE,7/3/06,7/6/06,1
COLEOPTERA,MELYRIDAE,6/1/06,6/8/06,7
COLEOPTERA,MELYRIDAE,6/12/06,6/13/06,8
COLEOPTERA,MELYRIDAE,6/14/06,6/20/06,11
COLEOPTERA,MELYRIDAE,6/9/06,6/11/06,13
COLEOPTERA,MELYRIDAE,7/14/06,7/20/06,1
COLEOPTERA,MELYRIDAE,7/21/06,7/27/06,1
COLEOPTERA,MELYRIDAE,7/3/06,7/6/06,2
COLEOPTERA,MELYRIDAE,7/7/06,7/9/06,2
COLEOPTERA,MONOTOMIDAE,7/14/06,7/20/06,1
COLEOPTERA,MONOTOMIDAE,7/21/06,7/27/06,6
COLEOPTERA,MONOTOMIDAE,7/28/06,8/3/06,7
COLEOPTERA,MONOTOMIDAE,8/11/06,8/16/06,1
COLEOPTERA,MONOTOMIDAE,8/4/06,8/6/06,6
COLEOPTERA,MONOTOMIDAE,8/7/06,8/10/06,12
COLEOPTERA,MYCETOPHAGIDAE,7/21/06,7/27/06,1
COLEOPTERA,NITIDULIDAE,5/2/06,5/18/06,1
COLEOPTERA,NITIDULIDAE,6/26/06,6/28/06,1
COLEOPTERA,NITIDULIDAE,6/9/06,6/11/06,1
COLEOPTERA,NITIDULIDAE,7/21/06,7/27/06,1
COLEOPTERA,NITIDULIDAE,8/25/06,8/31/06,1
COLEOPTERA,NITIDULIDAE,8/4/06,8/6/06,1
COLEOPTERA,PHALACRIDAE,7/14/06,7/20/06,1
COLEOPTERA,PHALACRIDAE,8/17/06,8/24/06,2
COLEOPTERA,PHALACRIDAE,8/25/06,8/31/06,1
COLEOPTERA,PHALACRIDAE,8/4/06,8/6/06,1
COLEOPTERA,PHALACRIDAE,9/14/06,9/21/06,1
COLEOPTERA,RIPIPHORIDAE,7/28/06,8/3/06,1
COLEOPTERA,SCARABAEIDAE,5/19/06,5/31/06,2
COLEOPTERA,SCARABAEIDAE,6/1/06,6/8/06,2
COLEOPTERA,SCARABAEIDAE,6/12/06,6/13/06,1
COLEOPTERA,SCARABAEIDAE,6/14/06,6/20/06,1
COLEOPTERA,SCARABAEIDAE,6/21/06,6/25/06,1
COLEOPTERA,SCARABAEIDAE,6/26/06,6/28/06,1
COLEOPTERA,SCARABAEIDAE,7/10/06,7/13/06,4
COLEOPTERA,SCARABAEIDAE,7/14/06,7/20/06,10
COLEOPTERA,SCARABAEIDAE,7/21/06,7/27/06,8
COLEOPTERA,SCARABAEIDAE,7/28/06,8/3/06,1
COLEOPTERA,SCARABAEIDAE,7/3/06,7/6/06,2
COLEOPTERA,SCARABAEIDAE,7/7/06,7/9/06,5
COLEOPTERA,SCARABAEIDAE,8/17/06,8/24/06,4
COLEOPTERA,SCARABAEIDAE,8/4/06,8/6/06,1
COLEOPTERA,SCARABAEIDAE,9/7/06,9/13/06,1
COLEOPTERA,SCIRTIDAE,6/14/06,6/20/06,3
COLEOPTERA,SCIRTIDAE,7/14/06,7/20/06,1
COLEOPTERA,SCIRTIDAE,7/21/06,7/27/06,2
COLEOPTERA,SCIRTIDAE,7/28/06,8/3/06,3
COLEOPTERA,SCIRTIDAE,7/3/06,7/6/06,3
COLEOPTERA,SCIRTIDAE,8/11/06,8/16/06,1
COLEOPTERA,SCIRTIDAE,8/4/06,8/6/06,1
COLEOPTERA,SCIRTIDAE,8/7/06,8/10/06,1
COLEOPTERA,SCRAPTIIDAE,6/1/06,6/8/06,1
COLEOPTERA,SCRAPTIIDAE,6/14/06,6/20/06,1
COLEOPTERA,SCRAPTIIDAE,6/26/06,6/28/06,1
COLEOPTERA,SCRAPTIIDAE,7/3/06,7/6/06,1
COLEOPTERA,SILPHIDAE,7/14/06,7/20/06,1
COLEOPTERA,SILPHIDAE,7/21/06,7/27/06,7
COLEOPTERA,SILPHIDAE,7/28/06,8/3/06,2
COLEOPTERA,SILPHIDAE,7/7/06,7/9/06,1
COLEOPTERA,SILPHIDAE,8/17/06,8/24/06,4
COLEOPTERA,SILPHIDAE,8/25/06,8/31/06,2
COLEOPTERA,SILPHIDAE,8/4/06,8/6/06,2
COLEOPTERA,SILPHIDAE,9/1/06,9/6/06,1
COLEOPTERA,SILPHIDAE,9/14/06,9/21/06,1
COLEOPTERA,SILPHIDAE,9/22/06,10/2/06,1
COLEOPTERA,STAPHYLINIDAE,6/1/06,6/8/06,2
COLEOPTERA,STAPHYLINIDAE,6/21/06,6/25/06,13
COLEOPTERA,STAPHYLINIDAE,6/29/06,7/2/06,11
COLEOPTERA,STAPHYLINIDAE,7/10/06,7/13/06,6
COLEOPTERA,STAPHYLINIDAE,7/14/06,7/20/06,34
COLEOPTERA,STAPHYLINIDAE,7/21/06,7/27/06,154
COLEOPTERA,STAPHYLINIDAE,7/28/06,8/3/06,93
COLEOPTERA,STAPHYLINIDAE,7/3/06,7/6/06,57
COLEOPTERA,STAPHYLINIDAE,7/7/06,7/9/06,14
COLEOPTERA,STAPHYLINIDAE,8/11/06,8/16/06,5
COLEOPTERA,STAPHYLINIDAE,8/17/06,8/24/06,3
COLEOPTERA,STAPHYLINIDAE,8/4/06,8/6/06,26
COLEOPTERA,STAPHYLINIDAE,8/7/06,8/10/06,100
COLEOPTERA,STAPHYLINIDAE,9/22/06,10/2/06,1
COLEOPTERA,STAPHYLINIDAE,9/7/06,9/13/06,1
COLEOPTERA,TENEBRIONIDAE,6/12/06,6/13/06,1
COLEOPTERA,TENEBRIONIDAE,6/29/06,7/2/06,1
COLEOPTERA,TENEBRIONIDAE,7/10/06,7/13/06,35
COLEOPTERA,TENEBRIONIDAE,7/14/06,7/20/06,52
COLEOPTERA,TENEBRIONIDAE,7/21/06,7/27/06,61
COLEOPTERA,TENEBRIONIDAE,7/28/06,8/3/06,6
COLEOPTERA,TENEBRIONIDAE,7/3/06,7/6/06,21
COLEOPTERA,TENEBRIONIDAE,7/7/06,7/9/06,51
COLEOPTERA,TENEBRIONIDAE,9/22/06,10/2/06,1
COLEOPTERA,THROSCIDAE,6/26/06,6/28/06,1
COLEOPTERA,THROSCIDAE,7/21/06,7/27/06,3
COLEOPTERA,THROSCIDAE,7/28/06,8/3/06,3
COLEOPTERA,THROSCIDAE,8/25/06,8/31/06,1
COLEOPTERA,THROSCIDAE,8/4/06,8/6/06,1
COLEOPTERA,THROSCIDAE,9/1/06,9/6/06,1
LEPIDOPTERA,ACROLEPIIDAE,7/14/06,7/20/06,1
LEPIDOPTERA,ACROLEPIIDAE,8/17/06,8/24/06,1
LEPIDOPTERA,ADELIDAE,6/14/06,6/20/06,1
LEPIDOPTERA,AGONOXENIDAE,6/29/06,7/2/06,1
LEPIDOPTERA,AGONOXENIDAE,7/14/06,7/20/06,1
LEPIDOPTERA,AGONOXENIDAE,7/3/06,7/6/06,1
LEPIDOPTERA,AGONOXENIDAE,7/7/06,7/9/06,1
LEPIDOPTERA,AGONOXENIDAE,9/7/06,9/13/06,1
LEPIDOPTERA,ALUCITIDAE,5/19/06,5/31/06,1
LEPIDOPTERA,ALUCITIDAE,6/1/06,6/8/06,4
LEPIDOPTERA,ARCTIIDAE,6/1/06,6/8/06,3
LEPIDOPTERA,ARCTIIDAE,6/14/06,6/20/06,1
LEPIDOPTERA,ARCTIIDAE,6/21/06,6/25/06,1
LEPIDOPTERA,ARCTIIDAE,6/26/06,6/28/06,3
LEPIDOPTERA,ARCTIIDAE,6/9/06,6/11/06,1
LEPIDOPTERA,ARCTIIDAE,7/14/06,7/20/06,4
LEPIDOPTERA,ARCTIIDAE,7/21/06,7/27/06,6
LEPIDOPTERA,ARCTIIDAE,7/3/06,7/6/06,1
LEPIDOPTERA,AUTOSTICHIDAE,6/1/06,6/8/06,1
LEPIDOPTERA,AUTOSTICHIDAE,7/10/06,7/13/06,1
LEPIDOPTERA,AUTOSTICHIDAE,7/14/06,7/20/06,1
LEPIDOPTERA,AUTOSTICHIDAE,7/21/06,7/27/06,4
LEPIDOPTERA,AUTOSTICHIDAE,7/28/06,8/3/06,4
LEPIDOPTERA,AUTOSTICHIDAE,8/11/06,8/16/06,2
LEPIDOPTERA,AUTOSTICHIDAE,8/17/06,8/24/06,1
LEPIDOPTERA,AUTOSTICHIDAE,8/25/06,8/31/06,1
LEPIDOPTERA,AUTOSTICHIDAE,8/4/06,8/6/06,4
LEPIDOPTERA,AUTOSTICHIDAE,8/7/06,8/10/06,9
LEPIDOPTERA,BATRACHEDRIDAE,7/10/06,7/13/06,2
LEPIDOPTERA,BATRACHEDRIDAE,7/14/06,7/20/06,6
LEPIDOPTERA,BATRACHEDRIDAE,7/21/06,7/27/06,8
LEPIDOPTERA,BATRACHEDRIDAE,7/28/06,8/3/06,3
LEPIDOPTERA,BATRACHEDRIDAE,7/7/06,7/9/06,8
LEPIDOPTERA,BATRACHEDRIDAE,8/11/06,8/16/06,1
LEPIDOPTERA,BATRACHEDRIDAE,8/25/06,8/31/06,1
LEPIDOPTERA,BATRACHEDRIDAE,8/4/06,8/6/06,4
LEPIDOPTERA,BATRACHEDRIDAE,8/7/06,8/10/06,9
LEPIDOPTERA,BUCCULATRICIDAE,6/12/06,6/13/06,1
LEPIDOPTERA,BUCCULATRICIDAE,6/14/06,6/20/06,2
LEPIDOPTERA,BUCCULATRICIDAE,6/9/06,6/11/06,1
LEPIDOPTERA,BUCCULATRICIDAE,7/21/06,7/27/06,7
LEPIDOPTERA,BUCCULATRICIDAE,7/28/06,8/3/06,2
LEPIDOPTERA,BUCCULATRICIDAE,8/17/06,8/24/06,2
LEPIDOPTERA,BUCCULATRICIDAE,8/7/06,8/10/06,1
LEPIDOPTERA,CHIMABACHIDAE,5/2/06,5/18/06,1
LEPIDOPTERA,CHOREUTIDAE,7/21/06,7/27/06,7
LEPIDOPTERA,CHOREUTIDAE,8/11/06,8/16/06,1
LEPIDOPTERA,CHOREUTIDAE,8/4/06,8/6/06,1
LEPIDOPTERA,COLEOPHORIDAE,6/14/06,6/20/06,88
LEPIDOPTERA,COLEOPHORIDAE,6/21/06,6/25/06,10
LEPIDOPTERA,COLEOPHORIDAE,6/26/06,6/28/06,1
LEPIDOPTERA,COLEOPHORIDAE,6/29/06,7/2/06,7
LEPIDOPTERA,COLEOPHORIDAE,7/10/06,7/13/06,47
LEPIDOPTERA,COLEOPHORIDAE,7/14/06,7/20/06,98
LEPIDOPTERA,COLEOPHORIDAE,7/21/06,7/27/06,60
LEPIDOPTERA,COLEOPHORIDAE,7/28/06,8/3/06,25
LEPIDOPTERA,COLEOPHORIDAE,7/3/06,7/6/06,14
LEPIDOPTERA,COLEOPHORIDAE,7/7/06,7/9/06,40
LEPIDOPTERA,COLEOPHORIDAE,8/17/06,8/24/06,4
LEPIDOPTERA,COLEOPHORIDAE,8/25/06,8/31/06,2
LEPIDOPTERA,COLEOPHORIDAE,8/4/06,8/6/06,1
LEPIDOPTERA,COLEOPHORIDAE,8/7/06,8/10/06,5
LEPIDOPTERA,COSMOPTERIGIDAE,7/21/06,7/27/06,1
LEPIDOPTERA,COSSIDAE,6/29/06,7/2/06,1
LEPIDOPTERA,DEPRESSARIIDAE,5/2/06,5/18/06,1
LEPIDOPTERA,DEPRESSARIIDAE,6/1/06,6/8/06,1
LEPIDOPTERA,DEPRESSARIIDAE,7/10/06,7/13/06,1
LEPIDOPTERA,DEPRESSARIIDAE,7/21/06,7/27/06,2
LEPIDOPTERA,DEPRESSARIIDAE,8/7/06,8/10/06,1
LEPIDOPTERA,DREPANIDAE,6/12/06,6/13/06,1
LEPIDOPTERA,DREPANIDAE,6/26/06,6/28/06,2
LEPIDOPTERA,DREPANIDAE,6/9/06,6/11/06,1
LEPIDOPTERA,DREPANIDAE,7/14/06,7/20/06,1
LEPIDOPTERA,DREPANIDAE,7/21/06,7/27/06,6
LEPIDOPTERA,DREPANIDAE,7/28/06,8/3/06,6
LEPIDOPTERA,DREPANIDAE,7/7/06,7/9/06,3
LEPIDOPTERA,ELACHISTIDAE,7/10/06,7/13/06,1
LEPIDOPTERA,ELACHISTIDAE,7/14/06,7/20/06,1
LEPIDOPTERA,ELACHISTIDAE,7/21/06,7/27/06,1
LEPIDOPTERA,ELACHISTIDAE,7/3/06,7/6/06,1
LEPIDOPTERA,ELACHISTIDAE,8/4/06,8/6/06,1
LEPIDOPTERA,ERIOCRANIIDAE,5/2/06,5/18/06,3
LEPIDOPTERA,ETHMIIDAE,8/17/06,8/24/06,1
LEPIDOPTERA,GELECHIIDAE,6/1/06,6/8/06,1
LEPIDOPTERA,GELECHIIDAE,6/14/06,6/20/06,4
LEPIDOPTERA,GELECHIIDAE,6/21/06,6/25/06,4
LEPIDOPTERA,GELECHIIDAE,6/26/06,6/28/06,3
LEPIDOPTERA,GELECHIIDAE,6/29/06,7/2/06,3
LEPIDOPTERA,GELECHIIDAE,6/9/06,6/11/06,1
LEPIDOPTERA,GELECHIIDAE,7/10/06,7/13/06,19
LEPIDOPTERA,GELECHIIDAE,7/14/06,7/20/06,61
LEPIDOPTERA,GELECHIIDAE,7/21/06,7/27/06,60
LEPIDOPTERA,GELECHIIDAE,7/28/06,8/3/06,38
LEPIDOPTERA,GELECHIIDAE,7/3/06,7/6/06,6
LEPIDOPTERA,GELECHIIDAE,7/7/06,7/9/06,29
LEPIDOPTERA,GELECHIIDAE,8/11/06,8/16/06,4
LEPIDOPTERA,GELECHIIDAE,8/17/06,8/24/06,9
LEPIDOPTERA,GELECHIIDAE,8/25/06,8/31/06,3
LEPIDOPTERA,GELECHIIDAE,8/4/06,8/6/06,6
LEPIDOPTERA,GELECHIIDAE,8/7/06,8/10/06,19
LEPIDOPTERA,GELECHIIDAE,9/1/06,9/6/06,1
LEPIDOPTERA,GELECHIIDAE,9/7/06,9/13/06,1
LEPIDOPTERA,GEOMETRIDAE,10/10/06,10/17/06,2
LEPIDOPTERA,GEOMETRIDAE,4/5/06,5/1/06,1
LEPIDOPTERA,GEOMETRIDAE,5/19/06,5/31/06,2
LEPIDOPTERA,GEOMETRIDAE,5/2/06,5/18/06,12
LEPIDOPTERA,GEOMETRIDAE,6/1/06,6/8/06,53
LEPIDOPTERA,GEOMETRIDAE,6/12/06,6/13/06,9
LEPIDOPTERA,GEOMETRIDAE,6/14/06,6/20/06,51
LEPIDOPTERA,GEOMETRIDAE,6/21/06,6/25/06,15
LEPIDOPTERA,GEOMETRIDAE,6/26/06,6/28/06,18
LEPIDOPTERA,GEOMETRIDAE,6/29/06,7/2/06,10
LEPIDOPTERA,GEOMETRIDAE,6/9/06,6/11/06,12
LEPIDOPTERA,GEOMETRIDAE,7/10/06,7/13/06,24
LEPIDOPTERA,GEOMETRIDAE,7/14/06,7/20/06,77
LEPIDOPTERA,GEOMETRIDAE,7/21/06,7/27/06,86
LEPIDOPTERA,GEOMETRIDAE,7/28/06,8/3/06,47
LEPIDOPTERA,GEOMETRIDAE,7/3/06,7/6/06,18
LEPIDOPTERA,GEOMETRIDAE,7/7/06,7/9/06,39
LEPIDOPTERA,GEOMETRIDAE,8/11/06,8/16/06,7
LEPIDOPTERA,GEOMETRIDAE,8/17/06,8/24/06,21
LEPIDOPTERA,GEOMETRIDAE,8/25/06,8/31/06,14
LEPIDOPTERA,GEOMETRIDAE,8/4/06,8/6/06,7
LEPIDOPTERA,GEOMETRIDAE,8/7/06,8/10/06,29
LEPIDOPTERA,GEOMETRIDAE,9/1/06,9/6/06,3
LEPIDOPTERA,GEOMETRIDAE,9/14/06,9/21/06,3
LEPIDOPTERA,GEOMETRIDAE,9/7/06,9/13/06,5
LEPIDOPTERA,GLYPHIPTERIGIDAE,6/1/06,6/8/06,1
LEPIDOPTERA,GLYPHIPTERIGIDAE,6/14/06,6/20/06,1
LEPIDOPTERA,GRACILLARIIDAE,5/19/06,5/31/06,9
LEPIDOPTERA,GRACILLARIIDAE,5/2/06,5/18/06,6
LEPIDOPTERA,GRACILLARIIDAE,6/1/06,6/8/06,9
LEPIDOPTERA,GRACILLARIIDAE,6/14/06,6/20/06,12
LEPIDOPTERA,GRACILLARIIDAE,6/21/06,6/25/06,1
LEPIDOPTERA,GRACILLARIIDAE,6/26/06,6/28/06,2
LEPIDOPTERA,GRACILLARIIDAE,6/29/06,7/2/06,7
LEPIDOPTERA,GRACILLARIIDAE,6/9/06,6/11/06,3
LEPIDOPTERA,GRACILLARIIDAE,7/10/06,7/13/06,7
LEPIDOPTERA,GRACILLARIIDAE,7/14/06,7/20/06,89
LEPIDOPTERA,GRACILLARIIDAE,7/21/06,7/27/06,176
LEPIDOPTERA,GRACILLARIIDAE,7/28/06,8/3/06,133
LEPIDOPTERA,GRACILLARIIDAE,7/3/06,7/6/06,2
LEPIDOPTERA,GRACILLARIIDAE,7/7/06,7/9/06,5
LEPIDOPTERA,GRACILLARIIDAE,8/11/06,8/16/06,9
LEPIDOPTERA,GRACILLARIIDAE,8/17/06,8/24/06,22
LEPIDOPTERA,GRACILLARIIDAE,8/25/06,8/31/06,19
LEPIDOPTERA,GRACILLARIIDAE,8/4/06,8/6/06,29
LEPIDOPTERA,GRACILLARIIDAE,8/7/06,8/10/06,137
LEPIDOPTERA,GRACILLARIIDAE,9/1/06,9/6/06,11
LEPIDOPTERA,GRACILLARIIDAE,9/14/06,9/21/06,9
LEPIDOPTERA,GRACILLARIIDAE,9/22/06,10/2/06,22
LEPIDOPTERA,GRACILLARIIDAE,9/7/06,9/13/06,12
LEPIDOPTERA,HEPIALIDAE,6/1/06,6/8/06,1
LEPIDOPTERA,HEPIALIDAE,6/14/06,6/20/06,1
LEPIDOPTERA,HEPIALIDAE,6/9/06,6/11/06,2
LEPIDOPTERA,LIMACODIDAE,7/14/06,7/20/06,1
LEPIDOPTERA,LYCAENIDAE,7/28/06,8/3/06,1
LEPIDOPTERA,LYMANTRIIDAE,7/21/06,7/27/06,1
LEPIDOPTERA,LYONETIDAE,6/21/06,6/25/06,1
LEPIDOPTERA,LYONETIDAE,6/29/06,7/2/06,4
LEPIDOPTERA,LYONETIDAE,7/14/06,7/20/06,1
LEPIDOPTERA,LYONETIDAE,7/21/06,7/27/06,7
LEPIDOPTERA,LYONETIDAE,7/3/06,7/6/06,3
LEPIDOPTERA,LYONETIDAE,7/7/06,7/9/06,2
LEPIDOPTERA,LYONETIDAE,8/11/06,8/16/06,1
LEPIDOPTERA,LYONETIDAE,8/4/06,8/6/06,1
LEPIDOPTERA,LYONETIDAE,8/7/06,8/10/06,3
LEPIDOPTERA,MOMPHIDAE,10/10/06,10/17/06,1
LEPIDOPTERA,MOMPHIDAE,5/2/06,5/18/06,6
LEPIDOPTERA,MOMPHIDAE,6/1/06,6/8/06,11
LEPIDOPTERA,MOMPHIDAE,6/14/06,6/20/06,2
LEPIDOPTERA,MOMPHIDAE,6/26/06,6/28/06,1
LEPIDOPTERA,MOMPHIDAE,7/14/06,7/20/06,9
LEPIDOPTERA,MOMPHIDAE,7/21/06,7/27/06,13
LEPIDOPTERA,MOMPHIDAE,7/28/06,8/3/06,13
LEPIDOPTERA,MOMPHIDAE,8/11/06,8/16/06,3
LEPIDOPTERA,MOMPHIDAE,8/17/06,8/24/06,5
LEPIDOPTERA,MOMPHIDAE,8/25/06,8/31/06,8
LEPIDOPTERA,MOMPHIDAE,8/4/06,8/6/06,8
LEPIDOPTERA,MOMPHIDAE,8/7/06,8/10/06,5
LEPIDOPTERA,MOMPHIDAE,9/1/06,9/6/06,5
LEPIDOPTERA,MOMPHIDAE,9/7/06,9/13/06,4
LEPIDOPTERA,NEPTICULIDAE,6/1/06,6/8/06,2
LEPIDOPTERA,NEPTICULIDAE,6/14/06,6/20/06,1
LEPIDOPTERA,NEPTICULIDAE,6/29/06,7/2/06,1
LEPIDOPTERA,NEPTICULIDAE,6/9/06,6/11/06,2
LEPIDOPTERA,NEPTICULIDAE,7/14/06,7/20/06,4
LEPIDOPTERA,NEPTICULIDAE,7/21/06,7/27/06,8
LEPIDOPTERA,NEPTICULIDAE,7/28/06,8/3/06,5
LEPIDOPTERA,NEPTICULIDAE,7/3/06,7/6/06,2
LEPIDOPTERA,NEPTICULIDAE,7/7/06,7/9/06,2
LEPIDOPTERA,NEPTICULIDAE,8/25/06,8/31/06,1
LEPIDOPTERA,NEPTICULIDAE,8/4/06,8/6/06,1
LEPIDOPTERA,NEPTICULIDAE,8/7/06,8/10/06,10
LEPIDOPTERA,NEPTICULIDAE,9/22/06,10/2/06,1
LEPIDOPTERA,NOCTUIDAE,10/10/06,10/17/06,18
LEPIDOPTERA,NOCTUIDAE,10/18/06,11/2/06,6
LEPIDOPTERA,NOCTUIDAE,10/3/06,10/9/06,23
LEPIDOPTERA,NOCTUIDAE,4/5/06,5/1/06,50
LEPIDOPTERA,NOCTUIDAE,5/19/06,5/31/06,13
LEPIDOPTERA,NOCTUIDAE,5/2/06,5/18/06,34
LEPIDOPTERA,NOCTUIDAE,6/1/06,6/8/06,45
LEPIDOPTERA,NOCTUIDAE,6/12/06,6/13/06,11
LEPIDOPTERA,NOCTUIDAE,6/14/06,6/20/06,237
LEPIDOPTERA,NOCTUIDAE,6/21/06,6/25/06,174
LEPIDOPTERA,NOCTUIDAE,6/26/06,6/28/06,181
LEPIDOPTERA,NOCTUIDAE,6/29/06,7/2/06,101
LEPIDOPTERA,NOCTUIDAE,6/9/06,6/11/06,46
LEPIDOPTERA,NOCTUIDAE,7/10/06,7/13/06,165
LEPIDOPTERA,NOCTUIDAE,7/14/06,7/20/06,317
LEPIDOPTERA,NOCTUIDAE,7/21/06,7/27/06,518
LEPIDOPTERA,NOCTUIDAE,7/28/06,8/3/06,353
LEPIDOPTERA,NOCTUIDAE,7/3/06,7/6/06,105
LEPIDOPTERA,NOCTUIDAE,7/7/06,7/9/06,202
LEPIDOPTERA,NOCTUIDAE,8/11/06,8/16/06,105
LEPIDOPTERA,NOCTUIDAE,8/17/06,8/24/06,363
LEPIDOPTERA,NOCTUIDAE,8/25/06,8/31/06,169
LEPIDOPTERA,NOCTUIDAE,8/4/06,8/6/06,118
LEPIDOPTERA,NOCTUIDAE,8/7/06,8/10/06,152
LEPIDOPTERA,NOCTUIDAE,9/1/06,9/6/06,112
LEPIDOPTERA,NOCTUIDAE,9/14/06,9/21/06,30
LEPIDOPTERA,NOCTUIDAE,9/22/06,10/2/06,51
LEPIDOPTERA,NOCTUIDAE,9/7/06,9/13/06,53
LEPIDOPTERA,NOLIDAE,5/2/06,5/18/06,1
LEPIDOPTERA,NOLIDAE,6/14/06,6/20/06,3
LEPIDOPTERA,NOLIDAE,6/21/06,6/25/06,2
LEPIDOPTERA,NOLIDAE,6/26/06,6/28/06,1
LEPIDOPTERA,NOLIDAE,7/10/06,7/13/06,1
LEPIDOPTERA,NOLIDAE,7/14/06,7/20/06,3
LEPIDOPTERA,NOLIDAE,7/21/06,7/27/06,3
LEPIDOPTERA,NOLIDAE,7/28/06,8/3/06,1
LEPIDOPTERA,NOLIDAE,7/3/06,7/6/06,4
LEPIDOPTERA,NOLIDAE,7/7/06,7/9/06,5
LEPIDOPTERA,NOLIDAE,8/11/06,8/16/06,1
LEPIDOPTERA,NOLIDAE,8/25/06,8/31/06,1
LEPIDOPTERA,NOLIDAE,8/7/06,8/10/06,2
LEPIDOPTERA,NOTODONTIDAE,5/19/06,5/31/06,1
LEPIDOPTERA,NOTODONTIDAE,5/2/06,5/18/06,2
LEPIDOPTERA,NOTODONTIDAE,6/1/06,6/8/06,3
LEPIDOPTERA,NOTODONTIDAE,6/14/06,6/20/06,6
LEPIDOPTERA,NOTODONTIDAE,6/21/06,6/25/06,1
LEPIDOPTERA,NOTODONTIDAE,6/26/06,6/28/06,1
LEPIDOPTERA,NOTODONTIDAE,6/29/06,7/2/06,1
LEPIDOPTERA,NOTODONTIDAE,6/9/06,6/11/06,1
LEPIDOPTERA,NOTODONTIDAE,7/10/06,7/13/06,1
LEPIDOPTERA,NOTODONTIDAE,7/14/06,7/20/06,4
LEPIDOPTERA,NOTODONTIDAE,7/21/06,7/27/06,4
LEPIDOPTERA,NOTODONTIDAE,7/28/06,8/3/06,5
LEPIDOPTERA,NOTODONTIDAE,7/7/06,7/9/06,1
LEPIDOPTERA,NOTODONTIDAE,8/11/06,8/16/06,2
LEPIDOPTERA,NOTODONTIDAE,8/4/06,8/6/06,1
LEPIDOPTERA,NOTODONTIDAE,8/7/06,8/10/06,4
LEPIDOPTERA,NYMPHALIDAE,9/22/06,10/2/06,1
LEPIDOPTERA,OECOPHORIDAE,10/10/06,10/17/06,1
LEPIDOPTERA,OECOPHORIDAE,10/3/06,10/9/06,2
LEPIDOPTERA,OECOPHORIDAE,5/2/06,5/18/06,1
LEPIDOPTERA,OECOPHORIDAE,6/1/06,6/8/06,3
LEPIDOPTERA,OECOPHORIDAE,6/14/06,6/20/06,16
LEPIDOPTERA,OECOPHORIDAE,6/21/06,6/25/06,2
LEPIDOPTERA,OECOPHORIDAE,6/26/06,6/28/06,6
LEPIDOPTERA,OECOPHORIDAE,6/29/06,7/2/06,6
LEPIDOPTERA,OECOPHORIDAE,6/9/06,6/11/06,3
LEPIDOPTERA,OECOPHORIDAE,7/10/06,7/13/06,104
LEPIDOPTERA,OECOPHORIDAE,7/14/06,7/20/06,279
LEPIDOPTERA,OECOPHORIDAE,7/21/06,7/27/06,162
LEPIDOPTERA,OECOPHORIDAE,7/28/06,8/3/06,85
LEPIDOPTERA,OECOPHORIDAE,7/3/06,7/6/06,30
LEPIDOPTERA,OECOPHORIDAE,7/7/06,7/9/06,102
LEPIDOPTERA,OECOPHORIDAE,8/11/06,8/16/06,4
LEPIDOPTERA,OECOPHORIDAE,8/17/06,8/24/06,8
LEPIDOPTERA,OECOPHORIDAE,8/25/06,8/31/06,4
LEPIDOPTERA,OECOPHORIDAE,8/4/06,8/6/06,7
LEPIDOPTERA,OECOPHORIDAE,8/7/06,8/10/06,26
LEPIDOPTERA,OECOPHORIDAE,9/22/06,10/2/06,3
LEPIDOPTERA,OECOPHORIDAE,9/7/06,9/13/06,1
LEPIDOPTERA,PLUTELLIDAE,10/10/06,10/17/06,1
LEPIDOPTERA,PLUTELLIDAE,10/18/06,11/2/06,15
LEPIDOPTERA,PLUTELLIDAE,10/3/06,10/9/06,1
LEPIDOPTERA,PLUTELLIDAE,6/21/06,6/25/06,1
LEPIDOPTERA,PLUTELLIDAE,6/26/06,6/28/06,2
LEPIDOPTERA,PLUTELLIDAE,6/29/06,7/2/06,1
LEPIDOPTERA,PLUTELLIDAE,7/14/06,7/20/06,3
LEPIDOPTERA,PLUTELLIDAE,7/21/06,7/27/06,14
LEPIDOPTERA,PLUTELLIDAE,7/28/06,8/3/06,26
LEPIDOPTERA,PLUTELLIDAE,7/3/06,7/6/06,1
LEPIDOPTERA,PLUTELLIDAE,7/7/06,7/9/06,1
LEPIDOPTERA,PLUTELLIDAE,8/11/06,8/16/06,9
LEPIDOPTERA,PLUTELLIDAE,8/17/06,8/24/06,10
LEPIDOPTERA,PLUTELLIDAE,8/25/06,8/31/06,4
LEPIDOPTERA,PLUTELLIDAE,8/4/06,8/6/06,12
LEPIDOPTERA,PLUTELLIDAE,8/7/06,8/10/06,4
LEPIDOPTERA,PLUTELLIDAE,9/22/06,10/2/06,6
LEPIDOPTERA,PRODOXIDAE,6/9/06,6/11/06,1
LEPIDOPTERA,PTEROPHORIDAE,7/28/06,8/3/06,1
LEPIDOPTERA,PTEROPHORIDAE,8/4/06,8/6/06,1
LEPIDOPTERA,PYRALIDAE,10/3/06,10/9/06,4
LEPIDOPTERA,PYRALIDAE,5/2/06,5/18/06,2
LEPIDOPTERA,PYRALIDAE,6/1/06,6/8/06,4
LEPIDOPTERA,PYRALIDAE,6/12/06,6/13/06,4
LEPIDOPTERA,PYRALIDAE,6/14/06,6/20/06,27
LEPIDOPTERA,PYRALIDAE,6/21/06,6/25/06,47
LEPIDOPTERA,PYRALIDAE,6/26/06,6/28/06,21
LEPIDOPTERA,PYRALIDAE,6/29/06,7/2/06,31
LEPIDOPTERA,PYRALIDAE,6/9/06,6/11/06,3
LEPIDOPTERA,PYRALIDAE,7/10/06,7/13/06,76
LEPIDOPTERA,PYRALIDAE,7/14/06,7/20/06,623
LEPIDOPTERA,PYRALIDAE,7/21/06,7/27/06,501
LEPIDOPTERA,PYRALIDAE,7/28/06,8/3/06,455
LEPIDOPTERA,PYRALIDAE,7/3/06,7/6/06,175
LEPIDOPTERA,PYRALIDAE,7/7/06,7/9/06,249
LEPIDOPTERA,PYRALIDAE,8/11/06,8/16/06,14
LEPIDOPTERA,PYRALIDAE,8/17/06,8/24/06,31
LEPIDOPTERA,PYRALIDAE,8/25/06,8/31/06,20
LEPIDOPTERA,PYRALIDAE,8/4/06,8/6/06,191
LEPIDOPTERA,PYRALIDAE,8/7/06,8/10/06,133
LEPIDOPTERA,PYRALIDAE,9/1/06,9/6/06,7
LEPIDOPTERA,PYRALIDAE,9/14/06,9/21/06,2
LEPIDOPTERA,PYRALIDAE,9/22/06,10/2/06,11
LEPIDOPTERA,PYRALIDAE,9/7/06,9/13/06,8
LEPIDOPTERA,SPHINGIDAE,6/1/06,6/8/06,3
LEPIDOPTERA,SPHINGIDAE,6/12/06,6/13/06,1
LEPIDOPTERA,SPHINGIDAE,6/14/06,6/20/06,4
LEPIDOPTERA,SPHINGIDAE,7/14/06,7/20/06,1
LEPIDOPTERA,SPHINGIDAE,7/21/06,7/27/06,1
LEPIDOPTERA,TINEIDAE,6/1/06,6/8/06,1
LEPIDOPTERA,TINEIDAE,6/12/06,6/13/06,1
LEPIDOPTERA,TINEIDAE,6/14/06,6/20/06,3
LEPIDOPTERA,TINEIDAE,6/21/06,6/25/06,1
LEPIDOPTERA,TINEIDAE,6/26/06,6/28/06,1
LEPIDOPTERA,TINEIDAE,6/29/06,7/2/06,3
LEPIDOPTERA,TINEIDAE,7/10/06,7/13/06,1
LEPIDOPTERA,TINEIDAE,7/14/06,7/20/06,4
LEPIDOPTERA,TINEIDAE,7/21/06,7/27/06,5
LEPIDOPTERA,TINEIDAE,7/28/06,8/3/06,1
LEPIDOPTERA,TINEIDAE,7/3/06,7/6/06,2
LEPIDOPTERA,TINEIDAE,7/7/06,7/9/06,2
LEPIDOPTERA,TINEIDAE,8/4/06,8/6/06,1
LEPIDOPTERA,TISCHERIIDAE,6/14/06,6/20/06,2
LEPIDOPTERA,TISCHERIIDAE,6/29/06,7/2/06,2
LEPIDOPTERA,TISCHERIIDAE,7/10/06,7/13/06,1
LEPIDOPTERA,TISCHERIIDAE,7/14/06,7/20/06,1
LEPIDOPTERA,TISCHERIIDAE,7/7/06,7/9/06,1
LEPIDOPTERA,TORTRICIDAE,10/10/06,10/17/06,1
LEPIDOPTERA,TORTRICIDAE,10/18/06,11/2/06,1
LEPIDOPTERA,TORTRICIDAE,10/3/06,10/9/06,1
LEPIDOPTERA,TORTRICIDAE,4/5/06,5/1/06,2
LEPIDOPTERA,TORTRICIDAE,5/19/06,5/31/06,1
LEPIDOPTERA,TORTRICIDAE,6/1/06,6/8/06,1
LEPIDOPTERA,TORTRICIDAE,6/12/06,6/13/06,5
LEPIDOPTERA,TORTRICIDAE,6/14/06,6/20/06,45
LEPIDOPTERA,TORTRICIDAE,6/21/06,6/25/06,49
LEPIDOPTERA,TORTRICIDAE,6/26/06,6/28/06,41
LEPIDOPTERA,TORTRICIDAE,6/29/06,7/2/06,95
LEPIDOPTERA,TORTRICIDAE,6/9/06,6/11/06,6
LEPIDOPTERA,TORTRICIDAE,7/10/06,7/13/06,131
LEPIDOPTERA,TORTRICIDAE,7/14/06,7/20/06,462
LEPIDOPTERA,TORTRICIDAE,7/21/06,7/27/06,499
LEPIDOPTERA,TORTRICIDAE,7/28/06,8/3/06,271
LEPIDOPTERA,TORTRICIDAE,7/3/06,7/6/06,175
LEPIDOPTERA,TORTRICIDAE,7/7/06,7/9/06,214
LEPIDOPTERA,TORTRICIDAE,8/11/06,8/16/06,29
LEPIDOPTERA,TORTRICIDAE,8/17/06,8/24/06,56
LEPIDOPTERA,TORTRICIDAE,8/25/06,8/31/06,40
LEPIDOPTERA,TORTRICIDAE,8/4/06,8/6/06,97
LEPIDOPTERA,TORTRICIDAE,8/7/06,8/10/06,98
LEPIDOPTERA,TORTRICIDAE,9/1/06,9/6/06,6
LEPIDOPTERA,TORTRICIDAE,9/14/06,9/21/06,6
LEPIDOPTERA,TORTRICIDAE,9/22/06,10/2/06,14
LEPIDOPTERA,TORTRICIDAE,9/7/06,9/13/06,4
LEPIDOPTERA,YPONOMEUTIDAE,10/3/06,10/9/06,1
LEPIDOPTERA,YPONOMEUTIDAE,4/5/06,5/1/06,1
LEPIDOPTERA,YPONOMEUTIDAE,5/19/06,5/31/06,1
LEPIDOPTERA,YPONOMEUTIDAE,5/2/06,5/18/06,4
LEPIDOPTERA,YPONOMEUTIDAE,6/1/06,6/8/06,32
LEPIDOPTERA,YPONOMEUTIDAE,6/14/06,6/20/06,16
LEPIDOPTERA,YPONOMEUTIDAE,6/21/06,6/25/06,1
LEPIDOPTERA,YPONOMEUTIDAE,6/26/06,6/28/06,2
LEPIDOPTERA,YPONOMEUTIDAE,6/29/06,7/2/06,15
LEPIDOPTERA,YPONOMEUTIDAE,6/9/06,6/11/06,4
LEPIDOPTERA,YPONOMEUTIDAE,7/10/06,7/13/06,329
LEPIDOPTERA,YPONOMEUTIDAE,7/14/06,7/20/06,3410
LEPIDOPTERA,YPONOMEUTIDAE,7/21/06,7/27/06,5149
LEPIDOPTERA,YPONOMEUTIDAE,7/28/06,8/3/06,3709
LEPIDOPTERA,YPONOMEUTIDAE,7/3/06,7/6/06,234
LEPIDOPTERA,YPONOMEUTIDAE,7/7/06,7/9/06,413
LEPIDOPTERA,YPONOMEUTIDAE,8/11/06,8/16/06,54
LEPIDOPTERA,YPONOMEUTIDAE,8/17/06,8/24/06,188
LEPIDOPTERA,YPONOMEUTIDAE,8/25/06,8/31/06,53
LEPIDOPTERA,YPONOMEUTIDAE,8/4/06,8/6/06,336
LEPIDOPTERA,YPONOMEUTIDAE,8/7/06,8/10/06,804
LEPIDOPTERA,YPONOMEUTIDAE,9/1/06,9/6/06,42
LEPIDOPTERA,YPONOMEUTIDAE,9/14/06,9/21/06,8
