order,family,date1,date2,individuals
COLEOPTERA,ADERIDAE,6/11/07,6/12/07,1
COLEOPTERA,ANOBIIDAE,4/2/07,4/29/07,1
COLEOPTERA,ANOBIIDAE,5/15/07,5/21/07,2
COLEOPTERA,ANOBIIDAE,5/22/07,5/30/07,1
COLEOPTERA,ANOBIIDAE,5/31/07,6/6/07,2
COLEOPTERA,ANOBIIDAE,6/11/07,6/12/07,1
COLEOPTERA,ANOBIIDAE,6/7/07,6/10/07,2
COLEOPTERA,ANOBIIDAE,7/9/07,7/18/07,1
COLEOPTERA,CANTHARIDAE,5/15/07,5/21/07,2
COLEOPTERA,CANTHARIDAE,5/22/07,5/30/07,5
COLEOPTERA,CANTHARIDAE,6/11/07,6/12/07,1
COLEOPTERA,CANTHARIDAE,6/29/07,7/8/07,1
COLEOPTERA,CANTHARIDAE,6/7/07,6/10/07,16
COLEOPTERA,CANTHARIDAE,7/9/07,7/18/07,4
COLEOPTERA,CARABIDAE,5/31/07,6/6/07,1
COLEOPTERA,CARABIDAE,6/11/07,6/12/07,4
COLEOPTERA,CARABIDAE,6/7/07,6/10/07,34
COLEOPTERA,CARABIDAE,7/19/07,7/25/07,6
COLEOPTERA,CARABIDAE,7/9/07,7/18/07,15
COLEOPTERA,CARABIDAE,8/1/07,8/2/07,3
COLEOPTERA,CARABIDAE,8/14/07,8/19/07,11
COLEOPTERA,CARABIDAE,8/20/07,8/23/07,19
COLEOPTERA,CARABIDAE,8/24/07,8/30/07,5
COLEOPTERA,CARABIDAE,8/3/07,8/8/07,42
COLEOPTERA,CARABIDAE,8/9/07,8/13/07,531
COLEOPTERA,CARABIDAE,9/1/07,9/5/07,1
COLEOPTERA,CARABIDAE,9/21/07,9/25/07,1
COLEOPTERA,CARABIDAE,9/6/07,9/12/07,2
COLEOPTERA,CERAMBYCIDAE,6/11/07,6/12/07,1
COLEOPTERA,CERAMBYCIDAE,6/7/07,6/10/07,1
COLEOPTERA,CERAMBYCIDAE,7/19/07,7/25/07,1
COLEOPTERA,CERAMBYCIDAE,8/3/07,8/8/07,1
COLEOPTERA,CHRYSOMELIDAE,4/30/07,5/14/07,1
COLEOPTERA,CIIDAE,6/29/07,7/8/07,1
COLEOPTERA,COCCINELLIDAE,5/15/07,5/21/07,1
COLEOPTERA,COCCINELLIDAE,5/22/07,5/30/07,3
COLEOPTERA,COCCINELLIDAE,5/31/07,6/6/07,1
COLEOPTERA,COCCINELLIDAE,6/11/07,6/12/07,4
COLEOPTERA,COCCINELLIDAE,6/18/07,6/21/07,2
COLEOPTERA,COCCINELLIDAE,6/29/07,7/8/07,2
COLEOPTERA,COCCINELLIDAE,6/7/07,6/10/07,23
COLEOPTERA,COCCINELLIDAE,7/19/07,7/25/07,2
COLEOPTERA,COCCINELLIDAE,7/9/07,7/18/07,9
COLEOPTERA,COCCINELLIDAE,8/1/07,8/2/07,3
COLEOPTERA,COCCINELLIDAE,8/14/07,8/19/07,1
COLEOPTERA,COCCINELLIDAE,8/20/07,8/23/07,4
COLEOPTERA,COCCINELLIDAE,8/24/07,8/30/07,1
COLEOPTERA,COCCINELLIDAE,8/3/07,8/8/07,13
COLEOPTERA,COCCINELLIDAE,8/9/07,8/13/07,10
COLEOPTERA,COCCINELLIDAE,9/13/07,9/20/07,2
COLEOPTERA,COCCINELLIDAE,9/21/07,9/25/07,2
COLEOPTERA,COCCINELLIDAE,9/26/07,10/7/07,1
COLEOPTERA,COLYDIIDAE,6/11/07,6/12/07,1
COLEOPTERA,COLYDIIDAE,8/9/07,8/13/07,1
COLEOPTERA,CORTICARIIDAE,6/11/07,6/12/07,1
COLEOPTERA,CORTICARIIDAE,6/7/07,6/10/07,1
COLEOPTERA,CORTICARIIDAE,8/9/07,8/13/07,3
COLEOPTERA,CORYLOPHIDAE,8/9/07,8/13/07,1
COLEOPTERA,CRYPTOPHAGIDAE,5/15/07,5/21/07,1
COLEOPTERA,CRYPTOPHAGIDAE,5/31/07,6/6/07,2
COLEOPTERA,CRYPTOPHAGIDAE,6/11/07,6/12/07,4
COLEOPTERA,CRYPTOPHAGIDAE,6/13/07,6/17/07,2
COLEOPTERA,CRYPTOPHAGIDAE,6/7/07,6/10/07,7
COLEOPTERA,CRYPTOPHAGIDAE,7/19/07,7/25/07,1
COLEOPTERA,CRYPTOPHAGIDAE,7/9/07,7/18/07,1
COLEOPTERA,CRYPTOPHAGIDAE,8/14/07,8/19/07,4
COLEOPTERA,CRYPTOPHAGIDAE,8/20/07,8/23/07,1
COLEOPTERA,CRYPTOPHAGIDAE,8/24/07,8/30/07,1
COLEOPTERA,CRYPTOPHAGIDAE,8/3/07,8/8/07,13
COLEOPTERA,CRYPTOPHAGIDAE,8/9/07,8/13/07,71
COLEOPTERA,CRYPTOPHAGIDAE,9/13/07,9/20/07,1
COLEOPTERA,CRYPTOPHAGIDAE,9/6/07,9/12/07,2
COLEOPTERA,CUCUJIDAE,6/7/07,6/10/07,1
COLEOPTERA,CURCULIONIDAE,4/30/07,5/14/07,1
COLEOPTERA,CURCULIONIDAE,6/11/07,6/12/07,1
COLEOPTERA,CURCULIONIDAE,6/7/07,6/10/07,2
COLEOPTERA,CURCULIONIDAE,7/19/07,7/25/07,1
COLEOPTERA,CURCULIONIDAE,7/9/07,7/18/07,3
COLEOPTERA,CURCULIONIDAE,8/20/07,8/23/07,1
COLEOPTERA,CURCULIONIDAE,8/3/07,8/8/07,4
COLEOPTERA,CURCULIONIDAE,8/9/07,8/13/07,15
COLEOPTERA,DERMESTIDAE,5/22/07,5/30/07,1
COLEOPTERA,DERMESTIDAE,5/31/07,6/6/07,1
COLEOPTERA,DERMESTIDAE,6/11/07,6/12/07,1
COLEOPTERA,DERMESTIDAE,6/7/07,6/10/07,5
COLEOPTERA,DERMESTIDAE,8/20/07,8/23/07,1
COLEOPTERA,DERMESTIDAE,8/24/07,8/30/07,1
COLEOPTERA,DERMESTIDAE,8/3/07,8/8/07,1
COLEOPTERA,DERMESTIDAE,8/9/07,8/13/07,1
COLEOPTERA,DRYOPIDAE,8/9/07,8/13/07,1
COLEOPTERA,DYTISCIDAE,6/7/07,6/10/07,1
COLEOPTERA,DYTISCIDAE,8/20/07,8/23/07,5
COLEOPTERA,DYTISCIDAE,8/9/07,8/13/07,9
COLEOPTERA,DYTISCIDAE,9/13/07,9/20/07,2
COLEOPTERA,DYTISCIDAE,9/21/07,9/25/07,2
COLEOPTERA,ELATERIDAE,5/22/07,5/30/07,1
COLEOPTERA,ELATERIDAE,6/18/07,6/21/07,1
COLEOPTERA,ELATERIDAE,6/22/07,6/25/07,1
COLEOPTERA,ELATERIDAE,6/7/07,6/10/07,1
COLEOPTERA,ELATERIDAE,7/9/07,7/18/07,2
COLEOPTERA,EROTYLIDAE,8/9/07,8/13/07,2
COLEOPTERA,HALIPLIDAE,8/3/07,8/8/07,1
COLEOPTERA,HELOPHORIDAE,5/22/07,5/30/07,2
COLEOPTERA,HELOPHORIDAE,5/31/07,6/6/07,1
COLEOPTERA,HELOPHORIDAE,6/11/07,6/12/07,2
COLEOPTERA,HELOPHORIDAE,6/13/07,6/17/07,1
COLEOPTERA,HELOPHORIDAE,6/7/07,6/10/07,5
COLEOPTERA,HELOPHORIDAE,8/14/07,8/19/07,1
COLEOPTERA,HELOPHORIDAE,8/20/07,8/23/07,1
COLEOPTERA,HELOPHORIDAE,8/3/07,8/8/07,1
COLEOPTERA,HELOPHORIDAE,8/9/07,8/13/07,3
COLEOPTERA,HETEROCERIDAE,5/31/07,6/6/07,1
COLEOPTERA,HETEROCERIDAE,6/11/07,6/12/07,14
COLEOPTERA,HETEROCERIDAE,6/29/07,7/8/07,1
COLEOPTERA,HETEROCERIDAE,6/7/07,6/10/07,7
COLEOPTERA,HETEROCERIDAE,7/19/07,7/25/07,2
COLEOPTERA,HETEROCERIDAE,7/9/07,7/18/07,1
COLEOPTERA,HETEROCERIDAE,8/9/07,8/13/07,1
COLEOPTERA,HYDROPHILIDAE,5/22/07,5/30/07,2
COLEOPTERA,HYDROPHILIDAE,5/31/07,6/6/07,3
COLEOPTERA,HYDROPHILIDAE,6/11/07,6/12/07,4
COLEOPTERA,HYDROPHILIDAE,6/22/07,6/25/07,1
COLEOPTERA,HYDROPHILIDAE,6/29/07,7/8/07,1
COLEOPTERA,HYDROPHILIDAE,6/7/07,6/10/07,9
COLEOPTERA,HYDROPHILIDAE,7/19/07,7/25/07,1
COLEOPTERA,HYDROPHILIDAE,7/9/07,7/18/07,2
COLEOPTERA,HYDROPHILIDAE,8/1/07,8/2/07,3
COLEOPTERA,HYDROPHILIDAE,8/14/07,8/19/07,5
COLEOPTERA,HYDROPHILIDAE,8/20/07,8/23/07,14
COLEOPTERA,HYDROPHILIDAE,8/24/07,8/30/07,5
COLEOPTERA,HYDROPHILIDAE,8/3/07,8/8/07,9
COLEOPTERA,HYDROPHILIDAE,8/9/07,8/13/07,18
COLEOPTERA,HYDROPHILIDAE,9/1/07,9/5/07,1
COLEOPTERA,HYDROPHILIDAE,9/21/07,9/25/07,2
COLEOPTERA,HYDROPHILIDAE,9/26/07,10/7/07,1
COLEOPTERA,HYDROPHILIDAE,9/6/07,9/12/07,1
COLEOPTERA,LEIODIDAE,5/31/07,6/6/07,1
COLEOPTERA,MELYRIDAE,4/30/07,5/14/07,1
COLEOPTERA,MELYRIDAE,5/15/07,5/21/07,2
COLEOPTERA,MELYRIDAE,5/22/07,5/30/07,3
COLEOPTERA,MELYRIDAE,5/31/07,6/6/07,1
COLEOPTERA,MELYRIDAE,6/11/07,6/12/07,1
COLEOPTERA,MELYRIDAE,6/22/07,6/25/07,1
COLEOPTERA,MELYRIDAE,6/7/07,6/10/07,4
COLEOPTERA,MONOTOMIDAE,5/31/07,6/6/07,1
COLEOPTERA,MONOTOMIDAE,8/9/07,8/13/07,4
COLEOPTERA,NITIDULIDAE,5/15/07,5/21/07,2
COLEOPTERA,NITIDULIDAE,5/31/07,6/6/07,2
COLEOPTERA,NITIDULIDAE,6/7/07,6/10/07,5
COLEOPTERA,NITIDULIDAE,7/19/07,7/25/07,1
COLEOPTERA,PHALACRIDAE,6/11/07,6/12/07,1
COLEOPTERA,PHALACRIDAE,8/20/07,8/23/07,3
COLEOPTERA,PHALACRIDAE,8/9/07,8/13/07,1
COLEOPTERA,PTILIIDAE,8/9/07,8/13/07,1
COLEOPTERA,RIPIPHORIDAE,8/3/07,8/8/07,1
COLEOPTERA,SALPINGIDAE,8/9/07,8/13/07,1
COLEOPTERA,SCARABAEIDAE,5/22/07,5/30/07,3
COLEOPTERA,SCARABAEIDAE,5/31/07,6/6/07,6
COLEOPTERA,SCARABAEIDAE,6/11/07,6/12/07,3
COLEOPTERA,SCARABAEIDAE,6/18/07,6/21/07,12
COLEOPTERA,SCARABAEIDAE,6/22/07,6/25/07,2
COLEOPTERA,SCARABAEIDAE,6/26/07,6/28/07,3
COLEOPTERA,SCARABAEIDAE,6/29/07,7/8/07,7
COLEOPTERA,SCARABAEIDAE,6/7/07,6/10/07,3
COLEOPTERA,SCARABAEIDAE,7/19/07,7/25/07,1
COLEOPTERA,SCARABAEIDAE,7/26/07,7/31/07,3
COLEOPTERA,SCARABAEIDAE,7/9/07,7/18/07,9
COLEOPTERA,SCARABAEIDAE,9/1/07,9/5/07,1
COLEOPTERA,SCIRTIDAE,12/11/07,12/11/07,1
COLEOPTERA,SCIRTIDAE,6/11/07,6/12/07,1
COLEOPTERA,SCIRTIDAE,6/29/07,7/8/07,1
COLEOPTERA,SCIRTIDAE,6/7/07,6/10/07,7
COLEOPTERA,SCIRTIDAE,8/14/07,8/19/07,1
COLEOPTERA,SCRAPTIIDAE,5/31/07,6/6/07,1
COLEOPTERA,SCRAPTIIDAE,6/11/07,6/12/07,1
COLEOPTERA,SCRAPTIIDAE,6/13/07,6/17/07,1
COLEOPTERA,SILPHIDAE,5/15/07,5/21/07,1
COLEOPTERA,SILPHIDAE,5/22/07,5/30/07,5
COLEOPTERA,SILPHIDAE,6/11/07,6/12/07,1
COLEOPTERA,SILPHIDAE,6/29/07,7/8/07,1
COLEOPTERA,SILPHIDAE,6/7/07,6/10/07,1
COLEOPTERA,SILPHIDAE,7/9/07,7/18/07,1
COLEOPTERA,SILPHIDAE,9/13/07,9/20/07,1
COLEOPTERA,SILPHIDAE,9/21/07,9/25/07,1
COLEOPTERA,STAPHYLINIDAE,5/15/07,5/21/07,1
COLEOPTERA,STAPHYLINIDAE,5/31/07,6/6/07,3
COLEOPTERA,STAPHYLINIDAE,6/11/07,6/12/07,11
COLEOPTERA,STAPHYLINIDAE,6/18/07,6/21/07,1
COLEOPTERA,STAPHYLINIDAE,6/7/07,6/10/07,12
COLEOPTERA,STAPHYLINIDAE,7/19/07,7/25/07,1
COLEOPTERA,STAPHYLINIDAE,7/9/07,7/18/07,35
COLEOPTERA,STAPHYLINIDAE,8/1/07,8/2/07,1
COLEOPTERA,STAPHYLINIDAE,8/14/07,8/19/07,1
COLEOPTERA,STAPHYLINIDAE,8/20/07,8/23/07,4
COLEOPTERA,STAPHYLINIDAE,8/24/07,8/30/07,1
COLEOPTERA,STAPHYLINIDAE,8/3/07,8/8/07,84
COLEOPTERA,STAPHYLINIDAE,8/9/07,8/13/07,57
COLEOPTERA,STAPHYLINIDAE,9/1/07,9/5/07,1
COLEOPTERA,STAPHYLINIDAE,9/13/07,9/20/07,4
COLEOPTERA,STAPHYLINIDAE,9/21/07,9/25/07,1
COLEOPTERA,TENEBRIONIDAE,6/7/07,6/10/07,1
COLEOPTERA,TENEBRIONIDAE,7/19/07,7/25/07,3
COLEOPTERA,TENEBRIONIDAE,7/26/07,7/31/07,1
COLEOPTERA,TENEBRIONIDAE,7/9/07,7/18/07,9
COLEOPTERA,TENEBRIONIDAE,8/1/07,8/2/07,1
COLEOPTERA,THROSCIDAE,8/3/07,8/8/07,1
COLEOPTERA,THROSCIDAE,8/9/07,8/13/07,1
LEPIDOPTERA,ADELIDAE,4/2/07,4/29/07,1
LEPIDOPTERA,ADELIDAE,4/30/07,5/14/07,1
LEPIDOPTERA,ADELIDAE,5/15/07,5/21/07,2
LEPIDOPTERA,AGONOXENIDAE,6/11/07,6/12/07,1
LEPIDOPTERA,AGONOXENIDAE,6/18/07,6/21/07,1
LEPIDOPTERA,AGONOXENIDAE,6/7/07,6/10/07,1
LEPIDOPTERA,ARCTIIDAE,5/22/07,5/30/07,2
LEPIDOPTERA,ARCTIIDAE,6/22/07,6/25/07,1
LEPIDOPTERA,ARCTIIDAE,6/29/07,7/8/07,2
LEPIDOPTERA,ARCTIIDAE,6/7/07,6/10/07,1
LEPIDOPTERA,ARCTIIDAE,7/19/07,7/25/07,2
LEPIDOPTERA,ARCTIIDAE,7/9/07,7/18/07,1
LEPIDOPTERA,ARCTIIDAE,8/3/07,8/8/07,1
LEPIDOPTERA,ARCTIIDAE,8/9/07,8/13/07,1
LEPIDOPTERA,AUTOSTICHIDAE,6/18/07,6/21/07,1
LEPIDOPTERA,AUTOSTICHIDAE,6/29/07,7/8/07,1
LEPIDOPTERA,AUTOSTICHIDAE,7/19/07,7/25/07,2
LEPIDOPTERA,AUTOSTICHIDAE,7/9/07,7/18/07,1
LEPIDOPTERA,AUTOSTICHIDAE,8/14/07,8/19/07,1
LEPIDOPTERA,AUTOSTICHIDAE,8/9/07,8/13/07,6
LEPIDOPTERA,BATRACHEDRIDAE,6/11/07,6/12/07,1
LEPIDOPTERA,BATRACHEDRIDAE,6/13/07,6/17/07,1
LEPIDOPTERA,BATRACHEDRIDAE,6/18/07,6/21/07,1
LEPIDOPTERA,BATRACHEDRIDAE,7/9/07,7/18/07,1
LEPIDOPTERA,BATRACHEDRIDAE,8/3/07,8/8/07,1
LEPIDOPTERA,BATRACHEDRIDAE,8/9/07,8/13/07,2
LEPIDOPTERA,BUCCULATRICIDAE,5/15/07,5/21/07,5
LEPIDOPTERA,BUCCULATRICIDAE,5/22/07,5/30/07,5
LEPIDOPTERA,BUCCULATRICIDAE,5/31/07,6/6/07,1
LEPIDOPTERA,BUCCULATRICIDAE,6/11/07,6/12/07,2
LEPIDOPTERA,BUCCULATRICIDAE,6/22/07,6/25/07,1
LEPIDOPTERA,BUCCULATRICIDAE,6/7/07,6/10/07,10
LEPIDOPTERA,BUCCULATRICIDAE,8/24/07,8/30/07,2
LEPIDOPTERA,BUCCULATRICIDAE,8/9/07,8/13/07,9
LEPIDOPTERA,BUCCULATRICIDAE,9/1/07,9/5/07,1
LEPIDOPTERA,BUCCULATRICIDAE,9/6/07,9/12/07,2
LEPIDOPTERA,CHIMABACHIDAE,4/2/07,4/29/07,1
LEPIDOPTERA,CHOREUTIDAE,9/13/07,9/20/07,1
LEPIDOPTERA,COLEOPHORIDAE,5/22/07,5/30/07,10
LEPIDOPTERA,COLEOPHORIDAE,5/31/07,6/6/07,13
LEPIDOPTERA,COLEOPHORIDAE,6/11/07,6/12/07,7
LEPIDOPTERA,COLEOPHORIDAE,6/18/07,6/21/07,4
LEPIDOPTERA,COLEOPHORIDAE,6/22/07,6/25/07,3
LEPIDOPTERA,COLEOPHORIDAE,6/29/07,7/8/07,9
LEPIDOPTERA,COLEOPHORIDAE,6/7/07,6/10/07,21
LEPIDOPTERA,COLEOPHORIDAE,7/19/07,7/25/07,15
LEPIDOPTERA,COLEOPHORIDAE,7/26/07,7/31/07,4
LEPIDOPTERA,COLEOPHORIDAE,7/9/07,7/18/07,16
LEPIDOPTERA,COLEOPHORIDAE,8/1/07,8/2/07,6
LEPIDOPTERA,COLEOPHORIDAE,8/14/07,8/19/07,1
LEPIDOPTERA,COLEOPHORIDAE,8/3/07,8/8/07,4
LEPIDOPTERA,COLEOPHORIDAE,8/9/07,8/13/07,6
LEPIDOPTERA,COSSIDAE,6/18/07,6/21/07,1
LEPIDOPTERA,DEPRESSARIIDAE,4/2/07,4/29/07,3
LEPIDOPTERA,DEPRESSARIIDAE,5/15/07,5/21/07,1
LEPIDOPTERA,DEPRESSARIIDAE,8/9/07,8/13/07,1
LEPIDOPTERA,DOUGLASIIDAE,5/22/07,5/30/07,1
LEPIDOPTERA,DREPANIDAE,6/29/07,7/8/07,1
LEPIDOPTERA,DREPANIDAE,8/1/07,8/2/07,1
LEPIDOPTERA,DREPANIDAE,8/9/07,8/13/07,1
LEPIDOPTERA,ELACHISTIDAE,6/11/07,6/12/07,1
LEPIDOPTERA,GELECHIIDAE,5/22/07,5/30/07,2
LEPIDOPTERA,GELECHIIDAE,5/31/07,6/6/07,2
LEPIDOPTERA,GELECHIIDAE,6/11/07,6/12/07,2
LEPIDOPTERA,GELECHIIDAE,6/18/07,6/21/07,5
LEPIDOPTERA,GELECHIIDAE,6/22/07,6/25/07,9
LEPIDOPTERA,GELECHIIDAE,6/26/07,6/28/07,1
LEPIDOPTERA,GELECHIIDAE,6/29/07,7/8/07,6
LEPIDOPTERA,GELECHIIDAE,6/7/07,6/10/07,5
LEPIDOPTERA,GELECHIIDAE,7/19/07,7/25/07,6
LEPIDOPTERA,GELECHIIDAE,7/26/07,7/31/07,6
LEPIDOPTERA,GELECHIIDAE,7/9/07,7/18/07,11
LEPIDOPTERA,GELECHIIDAE,8/1/07,8/2/07,8
LEPIDOPTERA,GELECHIIDAE,8/20/07,8/23/07,1
LEPIDOPTERA,GELECHIIDAE,8/24/07,8/30/07,1
LEPIDOPTERA,GELECHIIDAE,8/3/07,8/8/07,10
LEPIDOPTERA,GELECHIIDAE,8/9/07,8/13/07,11
LEPIDOPTERA,GELECHIIDAE,9/1/07,9/5/07,1
LEPIDOPTERA,GEOMETRIDAE,10/8/07,10/17/07,1
LEPIDOPTERA,GEOMETRIDAE,4/2/07,4/29/07,1
LEPIDOPTERA,GEOMETRIDAE,4/30/07,5/14/07,1
LEPIDOPTERA,GEOMETRIDAE,5/15/07,5/21/07,9
LEPIDOPTERA,GEOMETRIDAE,5/22/07,5/30/07,21
LEPIDOPTERA,GEOMETRIDAE,5/31/07,6/6/07,21
LEPIDOPTERA,GEOMETRIDAE,6/11/07,6/12/07,15
LEPIDOPTERA,GEOMETRIDAE,6/13/07,6/17/07,7
LEPIDOPTERA,GEOMETRIDAE,6/18/07,6/21/07,6
LEPIDOPTERA,GEOMETRIDAE,6/22/07,6/25/07,12
LEPIDOPTERA,GEOMETRIDAE,6/26/07,6/28/07,4
LEPIDOPTERA,GEOMETRIDAE,6/29/07,7/8/07,18
LEPIDOPTERA,GEOMETRIDAE,6/7/07,6/10/07,24
LEPIDOPTERA,GEOMETRIDAE,7/19/07,7/25/07,8
LEPIDOPTERA,GEOMETRIDAE,7/26/07,7/31/07,4
LEPIDOPTERA,GEOMETRIDAE,7/9/07,7/18/07,15
LEPIDOPTERA,GEOMETRIDAE,8/1/07,8/2/07,14
LEPIDOPTERA,GEOMETRIDAE,8/14/07,8/19/07,4
LEPIDOPTERA,GEOMETRIDAE,8/20/07,8/23/07,3
LEPIDOPTERA,GEOMETRIDAE,8/24/07,8/30/07,5
LEPIDOPTERA,GEOMETRIDAE,8/3/07,8/8/07,11
LEPIDOPTERA,GEOMETRIDAE,8/9/07,8/13/07,35
LEPIDOPTERA,GEOMETRIDAE,9/1/07,9/5/07,6
LEPIDOPTERA,GEOMETRIDAE,9/13/07,9/20/07,2
LEPIDOPTERA,GEOMETRIDAE,9/21/07,9/25/07,2
LEPIDOPTERA,GEOMETRIDAE,9/26/07,10/7/07,3
LEPIDOPTERA,GEOMETRIDAE,9/6/07,9/12/07,6
LEPIDOPTERA,GLYPHIPTERIGIDAE,6/11/07,6/12/07,1
LEPIDOPTERA,GLYPHIPTERIGIDAE,6/7/07,6/10/07,1
LEPIDOPTERA,GLYPHIPTERIGIDAE,8/9/07,8/13/07,1
LEPIDOPTERA,GRACILLARIIDAE,4/2/07,4/29/07,3
LEPIDOPTERA,GRACILLARIIDAE,4/30/07,5/14/07,5
LEPIDOPTERA,GRACILLARIIDAE,5/15/07,5/21/07,13
LEPIDOPTERA,GRACILLARIIDAE,5/22/07,5/30/07,13
LEPIDOPTERA,GRACILLARIIDAE,5/31/07,6/6/07,8
LEPIDOPTERA,GRACILLARIIDAE,6/11/07,6/12/07,1
LEPIDOPTERA,GRACILLARIIDAE,6/13/07,6/17/07,3
LEPIDOPTERA,GRACILLARIIDAE,6/18/07,6/21/07,2
LEPIDOPTERA,GRACILLARIIDAE,6/22/07,6/25/07,2
LEPIDOPTERA,GRACILLARIIDAE,6/29/07,7/8/07,5
LEPIDOPTERA,GRACILLARIIDAE,6/7/07,6/10/07,19
LEPIDOPTERA,GRACILLARIIDAE,7/19/07,7/25/07,21
LEPIDOPTERA,GRACILLARIIDAE,7/26/07,7/31/07,8
LEPIDOPTERA,GRACILLARIIDAE,7/9/07,7/18/07,11
LEPIDOPTERA,GRACILLARIIDAE,8/1/07,8/2/07,8
LEPIDOPTERA,GRACILLARIIDAE,8/14/07,8/19/07,2
LEPIDOPTERA,GRACILLARIIDAE,8/20/07,8/23/07,4
LEPIDOPTERA,GRACILLARIIDAE,8/24/07,8/30/07,3
LEPIDOPTERA,GRACILLARIIDAE,8/3/07,8/8/07,18
LEPIDOPTERA,GRACILLARIIDAE,8/9/07,8/13/07,29
LEPIDOPTERA,GRACILLARIIDAE,9/1/07,9/5/07,5
LEPIDOPTERA,GRACILLARIIDAE,9/13/07,9/20/07,3
LEPIDOPTERA,GRACILLARIIDAE,9/21/07,9/25/07,9
LEPIDOPTERA,GRACILLARIIDAE,9/26/07,10/7/07,3
LEPIDOPTERA,GRACILLARIIDAE,9/6/07,9/12/07,15
LEPIDOPTERA,HEPIALIDAE,5/22/07,5/30/07,1
LEPIDOPTERA,LYMANTRIIDAE,7/19/07,7/25/07,1
LEPIDOPTERA,LYONETIDAE,6/11/07,6/12/07,3
LEPIDOPTERA,LYONETIDAE,6/13/07,6/17/07,1
LEPIDOPTERA,LYONETIDAE,6/7/07,6/10/07,2
LEPIDOPTERA,LYONETIDAE,7/26/07,7/31/07,1
LEPIDOPTERA,LYONETIDAE,8/1/07,8/2/07,1
LEPIDOPTERA,LYONETIDAE,8/20/07,8/23/07,2
LEPIDOPTERA,LYONETIDAE,8/3/07,8/8/07,1
LEPIDOPTERA,LYONETIDAE,8/9/07,8/13/07,4
LEPIDOPTERA,MOMPHIDAE,5/22/07,5/30/07,3
LEPIDOPTERA,MOMPHIDAE,5/31/07,6/6/07,1
LEPIDOPTERA,MOMPHIDAE,6/13/07,6/17/07,2
LEPIDOPTERA,MOMPHIDAE,6/18/07,6/21/07,1
LEPIDOPTERA,MOMPHIDAE,6/22/07,6/25/07,1
LEPIDOPTERA,MOMPHIDAE,6/7/07,6/10/07,2
LEPIDOPTERA,MOMPHIDAE,7/26/07,7/31/07,2
LEPIDOPTERA,MOMPHIDAE,8/3/07,8/8/07,1
LEPIDOPTERA,MOMPHIDAE,8/9/07,8/13/07,2
LEPIDOPTERA,NEPTICULIDAE,5/15/07,5/21/07,1
LEPIDOPTERA,NEPTICULIDAE,5/22/07,5/30/07,3
LEPIDOPTERA,NEPTICULIDAE,5/31/07,6/6/07,1
LEPIDOPTERA,NEPTICULIDAE,6/11/07,6/12/07,1
LEPIDOPTERA,NEPTICULIDAE,6/13/07,6/17/07,2
LEPIDOPTERA,NEPTICULIDAE,6/18/07,6/21/07,2
LEPIDOPTERA,NEPTICULIDAE,6/29/07,7/8/07,1
LEPIDOPTERA,NEPTICULIDAE,6/7/07,6/10/07,5
LEPIDOPTERA,NEPTICULIDAE,7/9/07,7/18/07,2
LEPIDOPTERA,NEPTICULIDAE,8/24/07,8/30/07,1
LEPIDOPTERA,NEPTICULIDAE,8/9/07,8/13/07,5
LEPIDOPTERA,NOCTUIDAE,10/18/07,11/1/07,4
LEPIDOPTERA,NOCTUIDAE,10/8/07,10/17/07,14
LEPIDOPTERA,NOCTUIDAE,3/26/07,4/1/07,6
LEPIDOPTERA,NOCTUIDAE,4/2/07,4/29/07,38
LEPIDOPTERA,NOCTUIDAE,4/30/07,5/14/07,21
LEPIDOPTERA,NOCTUIDAE,5/15/07,5/21/07,43
LEPIDOPTERA,NOCTUIDAE,5/22/07,5/30/07,191
LEPIDOPTERA,NOCTUIDAE,5/31/07,6/6/07,180
LEPIDOPTERA,NOCTUIDAE,6/11/07,6/12/07,108
LEPIDOPTERA,NOCTUIDAE,6/13/07,6/17/07,118
LEPIDOPTERA,NOCTUIDAE,6/18/07,6/21/07,160
LEPIDOPTERA,NOCTUIDAE,6/22/07,6/25/07,153
LEPIDOPTERA,NOCTUIDAE,6/26/07,6/28/07,35
LEPIDOPTERA,NOCTUIDAE,6/29/07,7/8/07,179
LEPIDOPTERA,NOCTUIDAE,6/7/07,6/10/07,256
LEPIDOPTERA,NOCTUIDAE,7/19/07,7/25/07,107
LEPIDOPTERA,NOCTUIDAE,7/26/07,7/31/07,69
LEPIDOPTERA,NOCTUIDAE,7/9/07,7/18/07,219
LEPIDOPTERA,NOCTUIDAE,8/1/07,8/2/07,42
LEPIDOPTERA,NOCTUIDAE,8/14/07,8/19/07,105
LEPIDOPTERA,NOCTUIDAE,8/20/07,8/23/07,146
LEPIDOPTERA,NOCTUIDAE,8/24/07,8/30/07,81
LEPIDOPTERA,NOCTUIDAE,8/3/07,8/8/07,122
LEPIDOPTERA,NOCTUIDAE,8/9/07,8/13/07,190
LEPIDOPTERA,NOCTUIDAE,9/1/07,9/5/07,108
LEPIDOPTERA,NOCTUIDAE,9/13/07,9/20/07,69
LEPIDOPTERA,NOCTUIDAE,9/21/07,9/25/07,29
LEPIDOPTERA,NOCTUIDAE,9/26/07,10/7/07,36
LEPIDOPTERA,NOCTUIDAE,9/6/07,9/12/07,110
LEPIDOPTERA,NOLIDAE,6/11/07,6/12/07,3
LEPIDOPTERA,NOLIDAE,6/18/07,6/21/07,1
LEPIDOPTERA,NOLIDAE,6/22/07,6/25/07,1
LEPIDOPTERA,NOLIDAE,6/29/07,7/8/07,2
LEPIDOPTERA,NOLIDAE,6/7/07,6/10/07,5
LEPIDOPTERA,NOLIDAE,7/19/07,7/25/07,2
LEPIDOPTERA,NOLIDAE,7/9/07,7/18/07,1
LEPIDOPTERA,NOLIDAE,8/1/07,8/2/07,1
LEPIDOPTERA,NOLIDAE,8/20/07,8/23/07,1
LEPIDOPTERA,NOTODONTIDAE,5/31/07,6/6/07,1
LEPIDOPTERA,NOTODONTIDAE,6/11/07,6/12/07,1
LEPIDOPTERA,NOTODONTIDAE,6/29/07,7/8/07,1
LEPIDOPTERA,NOTODONTIDAE,6/7/07,6/10/07,1
LEPIDOPTERA,NOTODONTIDAE,7/19/07,7/25/07,1
LEPIDOPTERA,NOTODONTIDAE,8/1/07,8/2/07,1
LEPIDOPTERA,NOTODONTIDAE,8/3/07,8/8/07,1
LEPIDOPTERA,NOTODONTIDAE,8/9/07,8/13/07,3
LEPIDOPTERA,OECOPHORIDAE,4/2/07,4/29/07,2
LEPIDOPTERA,OECOPHORIDAE,4/30/07,5/14/07,2
LEPIDOPTERA,OECOPHORIDAE,5/15/07,5/21/07,5
LEPIDOPTERA,OECOPHORIDAE,5/22/07,5/30/07,5
LEPIDOPTERA,OECOPHORIDAE,5/31/07,6/6/07,4
LEPIDOPTERA,OECOPHORIDAE,6/11/07,6/12/07,19
LEPIDOPTERA,OECOPHORIDAE,6/13/07,6/17/07,7
LEPIDOPTERA,OECOPHORIDAE,6/18/07,6/21/07,24
LEPIDOPTERA,OECOPHORIDAE,6/22/07,6/25/07,14
LEPIDOPTERA,OECOPHORIDAE,6/26/07,6/28/07,3
LEPIDOPTERA,OECOPHORIDAE,6/29/07,7/8/07,64
LEPIDOPTERA,OECOPHORIDAE,6/7/07,6/10/07,82
LEPIDOPTERA,OECOPHORIDAE,7/19/07,7/25/07,17
LEPIDOPTERA,OECOPHORIDAE,7/26/07,7/31/07,8
LEPIDOPTERA,OECOPHORIDAE,7/9/07,7/18/07,52
LEPIDOPTERA,OECOPHORIDAE,8/1/07,8/2/07,5
LEPIDOPTERA,OECOPHORIDAE,8/14/07,8/19/07,1
LEPIDOPTERA,OECOPHORIDAE,8/20/07,8/23/07,2
LEPIDOPTERA,OECOPHORIDAE,8/24/07,8/30/07,3
LEPIDOPTERA,OECOPHORIDAE,8/3/07,8/8/07,4
LEPIDOPTERA,OECOPHORIDAE,8/9/07,8/13/07,17
LEPIDOPTERA,OECOPHORIDAE,9/1/07,9/5/07,2
LEPIDOPTERA,OECOPHORIDAE,9/21/07,9/25/07,1
LEPIDOPTERA,OECOPHORIDAE,9/26/07,10/7/07,2
LEPIDOPTERA,OECOPHORIDAE,9/6/07,9/12/07,3
LEPIDOPTERA,OPOSTEGIDAE,6/11/07,6/12/07,1
LEPIDOPTERA,PLUTELLIDAE,10/18/07,11/1/07,1
LEPIDOPTERA,PLUTELLIDAE,4/2/07,4/29/07,1
LEPIDOPTERA,PLUTELLIDAE,5/22/07,5/30/07,11
LEPIDOPTERA,PLUTELLIDAE,5/31/07,6/6/07,18
LEPIDOPTERA,PLUTELLIDAE,6/11/07,6/12/07,5
LEPIDOPTERA,PLUTELLIDAE,6/13/07,6/17/07,3
LEPIDOPTERA,PLUTELLIDAE,6/18/07,6/21/07,8
LEPIDOPTERA,PLUTELLIDAE,6/22/07,6/25/07,4
LEPIDOPTERA,PLUTELLIDAE,6/29/07,7/8/07,20
LEPIDOPTERA,PLUTELLIDAE,6/7/07,6/10/07,55
LEPIDOPTERA,PLUTELLIDAE,7/19/07,7/25/07,40
LEPIDOPTERA,PLUTELLIDAE,7/9/07,7/18/07,11
LEPIDOPTERA,PLUTELLIDAE,8/1/07,8/2/07,1
LEPIDOPTERA,PLUTELLIDAE,8/20/07,8/23/07,1
LEPIDOPTERA,PLUTELLIDAE,8/24/07,8/30/07,2
LEPIDOPTERA,PLUTELLIDAE,8/3/07,8/8/07,4
LEPIDOPTERA,PLUTELLIDAE,8/9/07,8/13/07,48
LEPIDOPTERA,PLUTELLIDAE,9/1/07,9/5/07,1
LEPIDOPTERA,PLUTELLIDAE,9/13/07,9/20/07,1
LEPIDOPTERA,PLUTELLIDAE,9/21/07,9/25/07,2
LEPIDOPTERA,PLUTELLIDAE,9/26/07,10/7/07,2
LEPIDOPTERA,PTEROPHORIDAE,8/20/07,8/23/07,2
LEPIDOPTERA,PTEROPHORIDAE,8/9/07,8/13/07,1
LEPIDOPTERA,PTEROPHORIDAE,9/1/07,9/5/07,1
LEPIDOPTERA,PYRALIDAE,5/15/07,5/21/07,1
LEPIDOPTERA,PYRALIDAE,5/22/07,5/30/07,6
LEPIDOPTERA,PYRALIDAE,5/31/07,6/6/07,14
LEPIDOPTERA,PYRALIDAE,6/11/07,6/12/07,13
LEPIDOPTERA,PYRALIDAE,6/13/07,6/17/07,5
LEPIDOPTERA,PYRALIDAE,6/18/07,6/21/07,28
LEPIDOPTERA,PYRALIDAE,6/22/07,6/25/07,28
LEPIDOPTERA,PYRALIDAE,6/26/07,6/28/07,3
LEPIDOPTERA,PYRALIDAE,6/29/07,7/8/07,51
LEPIDOPTERA,PYRALIDAE,6/7/07,6/10/07,38
LEPIDOPTERA,PYRALIDAE,7/19/07,7/25/07,14
LEPIDOPTERA,PYRALIDAE,7/26/07,7/31/07,12
LEPIDOPTERA,PYRALIDAE,7/9/07,7/18/07,58
LEPIDOPTERA,PYRALIDAE,8/1/07,8/2/07,15
LEPIDOPTERA,PYRALIDAE,8/14/07,8/19/07,61
LEPIDOPTERA,PYRALIDAE,8/20/07,8/23/07,3
LEPIDOPTERA,PYRALIDAE,8/24/07,8/30/07,6
LEPIDOPTERA,PYRALIDAE,8/3/07,8/8/07,30
LEPIDOPTERA,PYRALIDAE,8/9/07,8/13/07,74
LEPIDOPTERA,PYRALIDAE,9/1/07,9/5/07,1
LEPIDOPTERA,PYRALIDAE,9/21/07,9/25/07,2
LEPIDOPTERA,PYRALIDAE,9/6/07,9/12/07,1
LEPIDOPTERA,SPHINGIDAE,5/15/07,5/21/07,1
LEPIDOPTERA,SPHINGIDAE,5/31/07,6/6/07,1
LEPIDOPTERA,SPHINGIDAE,6/18/07,6/21/07,1
LEPIDOPTERA,SPHINGIDAE,6/22/07,6/25/07,1
LEPIDOPTERA,SPHINGIDAE,6/29/07,7/8/07,3
LEPIDOPTERA,SPHINGIDAE,6/7/07,6/10/07,1
LEPIDOPTERA,TINEIDAE,5/22/07,5/30/07,1
LEPIDOPTERA,TINEIDAE,5/31/07,6/6/07,2
LEPIDOPTERA,TINEIDAE,6/11/07,6/12/07,3
LEPIDOPTERA,TINEIDAE,6/18/07,6/21/07,3
LEPIDOPTERA,TINEIDAE,6/29/07,7/8/07,1
LEPIDOPTERA,TINEIDAE,6/7/07,6/10/07,11
LEPIDOPTERA,TINEIDAE,7/9/07,7/18/07,1
LEPIDOPTERA,TINEIDAE,8/9/07,8/13/07,2
LEPIDOPTERA,TINEIDAE,9/1/07,9/5/07,1
LEPIDOPTERA,TINEIDAE,9/13/07,9/20/07,1
LEPIDOPTERA,TINEIDAE,9/21/07,9/25/07,1
LEPIDOPTERA,TISCHERIIDAE,5/22/07,5/30/07,1
LEPIDOPTERA,TISCHERIIDAE,6/11/07,6/12/07,1
LEPIDOPTERA,TISCHERIIDAE,6/18/07,6/21/07,2
LEPIDOPTERA,TISCHERIIDAE,6/7/07,6/10/07,1
LEPIDOPTERA,TORTRICIDAE,10/18/07,11/1/07,1
LEPIDOPTERA,TORTRICIDAE,10/8/07,10/17/07,3
LEPIDOPTERA,TORTRICIDAE,4/2/07,4/29/07,1
LEPIDOPTERA,TORTRICIDAE,4/30/07,5/14/07,1
LEPIDOPTERA,TORTRICIDAE,5/15/07,5/21/07,3
LEPIDOPTERA,TORTRICIDAE,5/22/07,5/30/07,22
LEPIDOPTERA,TORTRICIDAE,5/31/07,6/6/07,21
LEPIDOPTERA,TORTRICIDAE,6/11/07,6/12/07,92
LEPIDOPTERA,TORTRICIDAE,6/13/07,6/17/07,44
LEPIDOPTERA,TORTRICIDAE,6/18/07,6/21/07,97
LEPIDOPTERA,TORTRICIDAE,6/22/07,6/25/07,61
LEPIDOPTERA,TORTRICIDAE,6/26/07,6/28/07,17
LEPIDOPTERA,TORTRICIDAE,6/29/07,7/8/07,109
LEPIDOPTERA,TORTRICIDAE,6/7/07,6/10/07,113
LEPIDOPTERA,TORTRICIDAE,7/19/07,7/25/07,64
LEPIDOPTERA,TORTRICIDAE,7/26/07,7/31/07,29
LEPIDOPTERA,TORTRICIDAE,7/9/07,7/18/07,113
LEPIDOPTERA,TORTRICIDAE,8/1/07,8/2/07,36
LEPIDOPTERA,TORTRICIDAE,8/14/07,8/19/07,9
LEPIDOPTERA,TORTRICIDAE,8/20/07,8/23/07,16
LEPIDOPTERA,TORTRICIDAE,8/24/07,8/30/07,6
LEPIDOPTERA,TORTRICIDAE,8/3/07,8/8/07,38
LEPIDOPTERA,TORTRICIDAE,8/9/07,8/13/07,97
LEPIDOPTERA,TORTRICIDAE,9/1/07,9/5/07,15
LEPIDOPTERA,TORTRICIDAE,9/13/07,9/20/07,1
LEPIDOPTERA,TORTRICIDAE,9/21/07,9/25/07,1
LEPIDOPTERA,TORTRICIDAE,9/26/07,10/7/07,1
LEPIDOPTERA,TORTRICIDAE,9/6/07,9/12/07,8
LEPIDOPTERA,YPONOMEUTIDAE,5/22/07,5/30/07,2
LEPIDOPTERA,YPONOMEUTIDAE,5/31/07,6/6/07,3
LEPIDOPTERA,YPONOMEUTIDAE,6/11/07,6/12/07,2
LEPIDOPTERA,YPONOMEUTIDAE,6/13/07,6/17/07,4
LEPIDOPTERA,YPONOMEUTIDAE,6/18/07,6/21/07,4
LEPIDOPTERA,YPONOMEUTIDAE,6/22/07,6/25/07,14
LEPIDOPTERA,YPONOMEUTIDAE,6/26/07,6/28/07,4
LEPIDOPTERA,YPONOMEUTIDAE,6/29/07,7/8/07,127
LEPIDOPTERA,YPONOMEUTIDAE,6/7/07,6/10/07,23
LEPIDOPTERA,YPONOMEUTIDAE,7/19/07,7/25/07,29
LEPIDOPTERA,YPONOMEUTIDAE,7/26/07,7/31/07,6
LEPIDOPTERA,YPONOMEUTIDAE,7/9/07,7/18/07,37
LEPIDOPTERA,YPONOMEUTIDAE,8/1/07,8/2/07,37
LEPIDOPTERA,YPONOMEUTIDAE,8/14/07,8/19/07,6
LEPIDOPTERA,YPONOMEUTIDAE,8/20/07,8/23/07,10
LEPIDOPTERA,YPONOMEUTIDAE,8/24/07,8/30/07,3
LEPIDOPTERA,YPONOMEUTIDAE,8/3/07,8/8/07,27
LEPIDOPTERA,YPONOMEUTIDAE,8/9/07,8/13/07,68
LEPIDOPTERA,YPONOMEUTIDAE,9/1/07,9/5/07,8
LEPIDOPTERA,YPONOMEUTIDAE,9/21/07,9/25/07,1
LEPIDOPTERA,YPONOMEUTIDAE,9/26/07,10/7/07,1
LEPIDOPTERA,YPONOMEUTIDAE,9/6/07,9/12/07,8
