order,family,date1,date2,individuals
COLEOPTERA,ANOBIIDAE,6/17/08,6/22/08,1
COLEOPTERA,ANOBIIDAE,7/11/08,7/23/08,1
COLEOPTERA,ANOBIIDAE,7/24/08,7/28/08,2
COLEOPTERA,ANOBIIDAE,7/29/08,8/3/08,4
COLEOPTERA,ANOBIIDAE,7/9/08,7/10/08,2
COLEOPTERA,ANOBIIDAE,8/4/08,8/7/08,1
COLEOPTERA,CANTHARIDAE,5/14/08,5/19/08,2
COLEOPTERA,CANTHARIDAE,5/20/08,5/26/08,5
COLEOPTERA,CANTHARIDAE,5/6/08,5/13/08,3
COLEOPTERA,CANTHARIDAE,6/26/08,7/2/08,1
COLEOPTERA,CANTHARIDAE,6/3/08,6/8/08,4
COLEOPTERA,CANTHARIDAE,7/11/08,7/23/08,1
COLEOPTERA,CANTHARIDAE,7/24/08,7/28/08,1
COLEOPTERA,CANTHARIDAE,7/29/08,8/3/08,2
COLEOPTERA,CANTHARIDAE,7/3/08,7/8/08,1
COLEOPTERA,CANTHARIDAE,7/9/08,7/10/08,2
COLEOPTERA,CARABIDAE,5/6/08,5/13/08,2
COLEOPTERA,CARABIDAE,6/23/08,6/25/08,1
COLEOPTERA,CARABIDAE,7/11/08,7/23/08,26
COLEOPTERA,CARABIDAE,7/24/08,7/28/08,60
COLEOPTERA,CARABIDAE,7/29/08,8/3/08,255
COLEOPTERA,CARABIDAE,7/3/08,7/8/08,40
COLEOPTERA,CARABIDAE,7/9/08,7/10/08,1
COLEOPTERA,CARABIDAE,8/15/08,8/18/08,78
COLEOPTERA,CARABIDAE,8/19/08,8/21/08,70
COLEOPTERA,CARABIDAE,8/22/08,8/24/08,43
COLEOPTERA,CARABIDAE,8/25/08,8/28/08,23
COLEOPTERA,CARABIDAE,8/29/08,9/4/08,5
COLEOPTERA,CARABIDAE,8/4/08,8/7/08,96
COLEOPTERA,CARABIDAE,8/8/08,8/14/08,51
COLEOPTERA,CARABIDAE,9/11/08,9/24/08,3
COLEOPTERA,CARABIDAE,9/5/08,9/10/08,24
COLEOPTERA,CHRYSOMELIDAE,7/24/08,7/28/08,1
COLEOPTERA,CHRYSOMELIDAE,8/19/08,8/21/08,1
COLEOPTERA,CHRYSOMELIDAE,9/5/08,9/10/08,1
COLEOPTERA,CLERIDAE,7/24/08,7/28/08,1
COLEOPTERA,COCCINELLIDAE,10/9/08,10/21/08,1
COLEOPTERA,COCCINELLIDAE,5/27/08,6/2/08,1
COLEOPTERA,COCCINELLIDAE,5/6/08,5/13/08,7
COLEOPTERA,COCCINELLIDAE,6/17/08,6/22/08,3
COLEOPTERA,COCCINELLIDAE,6/23/08,6/25/08,3
COLEOPTERA,COCCINELLIDAE,6/26/08,7/2/08,12
COLEOPTERA,COCCINELLIDAE,6/3/08,6/8/08,29
COLEOPTERA,COCCINELLIDAE,6/9/08,6/16/08,1
COLEOPTERA,COCCINELLIDAE,7/11/08,7/23/08,29
COLEOPTERA,COCCINELLIDAE,7/24/08,7/28/08,30
COLEOPTERA,COCCINELLIDAE,7/29/08,8/3/08,80
COLEOPTERA,COCCINELLIDAE,7/3/08,7/8/08,11
COLEOPTERA,COCCINELLIDAE,7/9/08,7/10/08,7
COLEOPTERA,COCCINELLIDAE,8/15/08,8/18/08,21
COLEOPTERA,COCCINELLIDAE,8/19/08,8/21/08,25
COLEOPTERA,COCCINELLIDAE,8/22/08,8/24/08,18
COLEOPTERA,COCCINELLIDAE,8/25/08,8/28/08,28
COLEOPTERA,COCCINELLIDAE,8/29/08,9/4/08,15
COLEOPTERA,COCCINELLIDAE,8/4/08,8/7/08,30
COLEOPTERA,COCCINELLIDAE,8/8/08,8/14/08,14
COLEOPTERA,COCCINELLIDAE,9/11/08,9/24/08,3
COLEOPTERA,COCCINELLIDAE,9/5/08,9/10/08,16
COLEOPTERA,CORTICARIIDAE,6/3/08,6/8/08,1
COLEOPTERA,CORTICARIIDAE,7/11/08,7/23/08,1
COLEOPTERA,CRYPTOPHAGIDAE,7/11/08,7/23/08,11
COLEOPTERA,CRYPTOPHAGIDAE,7/24/08,7/28/08,4
COLEOPTERA,CRYPTOPHAGIDAE,7/29/08,8/3/08,8
COLEOPTERA,CRYPTOPHAGIDAE,7/3/08,7/8/08,2
COLEOPTERA,CRYPTOPHAGIDAE,7/9/08,7/10/08,1
COLEOPTERA,CRYPTOPHAGIDAE,8/15/08,8/18/08,1
COLEOPTERA,CRYPTOPHAGIDAE,8/22/08,8/24/08,2
COLEOPTERA,CRYPTOPHAGIDAE,8/29/08,9/4/08,2
COLEOPTERA,CRYPTOPHAGIDAE,8/8/08,8/14/08,2
COLEOPTERA,CRYPTOPHAGIDAE,9/5/08,9/10/08,2
COLEOPTERA,CURCULIONIDAE,5/6/08,5/13/08,2
COLEOPTERA,CURCULIONIDAE,6/26/08,7/2/08,1
COLEOPTERA,CURCULIONIDAE,7/24/08,7/28/08,1
COLEOPTERA,CURCULIONIDAE,7/29/08,8/3/08,10
COLEOPTERA,CURCULIONIDAE,7/3/08,7/8/08,4
COLEOPTERA,CURCULIONIDAE,8/25/08,8/28/08,1
COLEOPTERA,CURCULIONIDAE,8/8/08,8/14/08,2
COLEOPTERA,DERMESTIDAE,5/6/08,5/13/08,4
COLEOPTERA,DERMESTIDAE,6/17/08,6/22/08,1
COLEOPTERA,DERMESTIDAE,6/23/08,6/25/08,1
COLEOPTERA,DERMESTIDAE,6/26/08,7/2/08,1
COLEOPTERA,DERMESTIDAE,6/3/08,6/8/08,2
COLEOPTERA,DERMESTIDAE,6/9/08,6/16/08,2
COLEOPTERA,DERMESTIDAE,7/11/08,7/23/08,1
COLEOPTERA,DERMESTIDAE,7/29/08,8/3/08,1
COLEOPTERA,DERMESTIDAE,8/15/08,8/18/08,2
COLEOPTERA,DERMESTIDAE,9/5/08,9/10/08,1
COLEOPTERA,DYTISCIDAE,5/6/08,5/13/08,2
COLEOPTERA,DYTISCIDAE,7/24/08,7/28/08,1
COLEOPTERA,DYTISCIDAE,7/29/08,8/3/08,1
COLEOPTERA,DYTISCIDAE,8/29/08,9/4/08,1
COLEOPTERA,ELATERIDAE,7/24/08,7/28/08,1
COLEOPTERA,ELATERIDAE,7/3/08,7/8/08,1
COLEOPTERA,EROTYLIDAE,8/19/08,8/21/08,1
COLEOPTERA,EROTYLIDAE,8/4/08,8/7/08,1
COLEOPTERA,HALIPLIDAE,7/29/08,8/3/08,1
COLEOPTERA,HALIPLIDAE,8/4/08,8/7/08,1
COLEOPTERA,HELOPHORIDAE,6/9/08,6/16/08,2
COLEOPTERA,HELOPHORIDAE,7/24/08,7/28/08,1
COLEOPTERA,HELOPHORIDAE,7/29/08,8/3/08,4
COLEOPTERA,HELOPHORIDAE,7/3/08,7/8/08,1
COLEOPTERA,HELOPHORIDAE,7/9/08,7/10/08,1
COLEOPTERA,HELOPHORIDAE,8/22/08,8/24/08,1
COLEOPTERA,HETEROCERIDAE,6/26/08,7/2/08,1
COLEOPTERA,HETEROCERIDAE,7/11/08,7/23/08,1
COLEOPTERA,HETEROCERIDAE,7/24/08,7/28/08,3
COLEOPTERA,HETEROCERIDAE,7/29/08,8/3/08,1
COLEOPTERA,HETEROCERIDAE,7/3/08,7/8/08,3
COLEOPTERA,HETEROCERIDAE,8/15/08,8/18/08,1
COLEOPTERA,HYDRAENIDAE,7/11/08,7/23/08,1
COLEOPTERA,HYDROPHILIDAE,5/27/08,6/2/08,6
COLEOPTERA,HYDROPHILIDAE,5/6/08,5/13/08,4
COLEOPTERA,HYDROPHILIDAE,6/17/08,6/22/08,2
COLEOPTERA,HYDROPHILIDAE,6/23/08,6/25/08,6
COLEOPTERA,HYDROPHILIDAE,6/26/08,7/2/08,7
COLEOPTERA,HYDROPHILIDAE,6/3/08,6/8/08,28
COLEOPTERA,HYDROPHILIDAE,7/11/08,7/23/08,13
COLEOPTERA,HYDROPHILIDAE,7/24/08,7/28/08,24
COLEOPTERA,HYDROPHILIDAE,7/29/08,8/3/08,35
COLEOPTERA,HYDROPHILIDAE,7/3/08,7/8/08,19
COLEOPTERA,HYDROPHILIDAE,7/9/08,7/10/08,1
COLEOPTERA,HYDROPHILIDAE,8/19/08,8/21/08,1
COLEOPTERA,HYDROPHILIDAE,8/22/08,8/24/08,9
COLEOPTERA,HYDROPHILIDAE,8/29/08,9/4/08,3
COLEOPTERA,HYDROPHILIDAE,8/8/08,8/14/08,2
COLEOPTERA,HYDROPHILIDAE,9/5/08,9/10/08,2
COLEOPTERA,LEIODIDAE,8/15/08,8/18/08,1
COLEOPTERA,LEIODIDAE,8/22/08,8/24/08,1
COLEOPTERA,MELYRIDAE,5/14/08,5/19/08,16
COLEOPTERA,MELYRIDAE,5/20/08,5/26/08,6
COLEOPTERA,MELYRIDAE,5/27/08,6/2/08,3
COLEOPTERA,MELYRIDAE,5/6/08,5/13/08,269
COLEOPTERA,MELYRIDAE,6/17/08,6/22/08,6
COLEOPTERA,MELYRIDAE,6/23/08,6/25/08,1
COLEOPTERA,MELYRIDAE,6/26/08,7/2/08,2
COLEOPTERA,MELYRIDAE,6/3/08,6/8/08,17
COLEOPTERA,MELYRIDAE,6/9/08,6/16/08,4
COLEOPTERA,MELYRIDAE,7/3/08,7/8/08,1
COLEOPTERA,MONOTOMIDAE,6/3/08,6/8/08,1
COLEOPTERA,MONOTOMIDAE,7/29/08,8/3/08,1
COLEOPTERA,MYCETOPHAGIDAE,6/3/08,6/8/08,1
COLEOPTERA,NITIDULIDAE,5/20/08,5/26/08,1
COLEOPTERA,NITIDULIDAE,5/27/08,6/2/08,1
COLEOPTERA,NITIDULIDAE,5/6/08,5/13/08,1
COLEOPTERA,NITIDULIDAE,6/26/08,7/2/08,1
COLEOPTERA,NITIDULIDAE,7/29/08,8/3/08,1
COLEOPTERA,NITIDULIDAE,7/3/08,7/8/08,1
COLEOPTERA,SCARABAEIDAE,5/6/08,5/13/08,2
COLEOPTERA,SCARABAEIDAE,6/23/08,6/25/08,1
COLEOPTERA,SCARABAEIDAE,6/26/08,7/2/08,2
COLEOPTERA,SCARABAEIDAE,7/11/08,7/23/08,10
COLEOPTERA,SCARABAEIDAE,7/24/08,7/28/08,2
COLEOPTERA,SCARABAEIDAE,7/3/08,7/8/08,5
COLEOPTERA,SCARABAEIDAE,7/9/08,7/10/08,4
COLEOPTERA,SCARABAEIDAE,8/25/08,8/28/08,1
COLEOPTERA,SCARABAEIDAE,8/29/08,9/4/08,1
COLEOPTERA,SCIRTIDAE,6/17/08,6/22/08,1
COLEOPTERA,SCIRTIDAE,6/3/08,6/8/08,1
COLEOPTERA,SCIRTIDAE,6/9/08,6/16/08,1
COLEOPTERA,SCIRTIDAE,7/29/08,8/3/08,4
COLEOPTERA,SCIRTIDAE,7/3/08,7/8/08,1
COLEOPTERA,SCRAPTIIDAE,5/20/08,5/26/08,1
COLEOPTERA,SILPHIDAE,5/6/08,5/13/08,1
COLEOPTERA,STAPHYLINIDAE,5/14/08,5/19/08,1
COLEOPTERA,STAPHYLINIDAE,5/20/08,5/26/08,1
COLEOPTERA,STAPHYLINIDAE,5/6/08,5/13/08,6
COLEOPTERA,STAPHYLINIDAE,6/17/08,6/22/08,1
COLEOPTERA,STAPHYLINIDAE,6/26/08,7/2/08,2
COLEOPTERA,STAPHYLINIDAE,6/3/08,6/8/08,3
COLEOPTERA,STAPHYLINIDAE,6/9/08,6/16/08,1
COLEOPTERA,STAPHYLINIDAE,7/11/08,7/23/08,11
COLEOPTERA,STAPHYLINIDAE,7/24/08,7/28/08,225
COLEOPTERA,STAPHYLINIDAE,7/29/08,8/3/08,137
COLEOPTERA,STAPHYLINIDAE,7/3/08,7/8/08,88
COLEOPTERA,STAPHYLINIDAE,7/9/08,7/10/08,2
COLEOPTERA,STAPHYLINIDAE,8/15/08,8/18/08,1
COLEOPTERA,STAPHYLINIDAE,8/22/08,8/24/08,11
COLEOPTERA,STAPHYLINIDAE,8/29/08,9/4/08,1
COLEOPTERA,STAPHYLINIDAE,8/4/08,8/7/08,15
COLEOPTERA,STAPHYLINIDAE,9/5/08,9/10/08,3
COLEOPTERA,TENEBRIONIDAE,6/9/08,6/16/08,1
COLEOPTERA,TENEBRIONIDAE,7/11/08,7/23/08,5
COLEOPTERA,TENEBRIONIDAE,7/24/08,7/28/08,1
COLEOPTERA,TENEBRIONIDAE,7/29/08,8/3/08,5
COLEOPTERA,TENEBRIONIDAE,7/3/08,7/8/08,3
COLEOPTERA,TENEBRIONIDAE,7/9/08,7/10/08,1
LEPIDOPTERA,ADELIDAE,4/25/08,5/5/08,2
LEPIDOPTERA,ADELIDAE,6/3/08,6/8/08,1
LEPIDOPTERA,AGONOXENIDAE,6/17/08,6/22/08,1
LEPIDOPTERA,AGONOXENIDAE,6/23/08,6/25/08,1
LEPIDOPTERA,AGONOXENIDAE,6/26/08,7/2/08,1
LEPIDOPTERA,AGONOXENIDAE,6/3/08,6/8/08,1
LEPIDOPTERA,AGONOXENIDAE,6/9/08,6/16/08,1
LEPIDOPTERA,AGONOXENIDAE,7/11/08,7/23/08,2
LEPIDOPTERA,AGONOXENIDAE,7/29/08,8/3/08,1
LEPIDOPTERA,AGONOXENIDAE,7/3/08,7/8/08,2
LEPIDOPTERA,AGONOXENIDAE,8/4/08,8/7/08,1
LEPIDOPTERA,ARCTIIDAE,7/11/08,7/23/08,5
LEPIDOPTERA,ARCTIIDAE,7/24/08,7/28/08,1
LEPIDOPTERA,ARCTIIDAE,7/29/08,8/3/08,1
LEPIDOPTERA,ARCTIIDAE,7/3/08,7/8/08,1
LEPIDOPTERA,ARCTIIDAE,8/4/08,8/7/08,1
LEPIDOPTERA,AUTOSTICHIDAE,6/17/08,6/22/08,1
LEPIDOPTERA,AUTOSTICHIDAE,7/11/08,7/23/08,1
LEPIDOPTERA,AUTOSTICHIDAE,7/3/08,7/8/08,2
LEPIDOPTERA,AUTOSTICHIDAE,8/15/08,8/18/08,1
LEPIDOPTERA,AUTOSTICHIDAE,8/4/08,8/7/08,1
LEPIDOPTERA,BATRACHEDRIDAE,6/17/08,6/22/08,1
LEPIDOPTERA,BATRACHEDRIDAE,6/26/08,7/2/08,1
LEPIDOPTERA,BATRACHEDRIDAE,7/11/08,7/23/08,2
LEPIDOPTERA,BATRACHEDRIDAE,7/24/08,7/28/08,2
LEPIDOPTERA,BATRACHEDRIDAE,7/29/08,8/3/08,5
LEPIDOPTERA,BATRACHEDRIDAE,7/3/08,7/8/08,7
LEPIDOPTERA,BATRACHEDRIDAE,7/9/08,7/10/08,1
LEPIDOPTERA,BATRACHEDRIDAE,8/15/08,8/18/08,1
LEPIDOPTERA,BATRACHEDRIDAE,8/29/08,9/4/08,1
LEPIDOPTERA,BATRACHEDRIDAE,8/4/08,8/7/08,1
LEPIDOPTERA,BATRACHEDRIDAE,8/8/08,8/14/08,1
LEPIDOPTERA,BUCCULATRICIDAE,5/27/08,6/2/08,1
LEPIDOPTERA,BUCCULATRICIDAE,5/6/08,5/13/08,1
LEPIDOPTERA,BUCCULATRICIDAE,6/3/08,6/8/08,1
LEPIDOPTERA,BUCCULATRICIDAE,7/11/08,7/23/08,2
LEPIDOPTERA,BUCCULATRICIDAE,7/29/08,8/3/08,6
LEPIDOPTERA,BUCCULATRICIDAE,8/22/08,8/24/08,1
LEPIDOPTERA,BUCCULATRICIDAE,8/25/08,8/28/08,2
LEPIDOPTERA,COLEOPHORIDAE,6/17/08,6/22/08,3
LEPIDOPTERA,COLEOPHORIDAE,6/23/08,6/25/08,2
LEPIDOPTERA,COLEOPHORIDAE,6/26/08,7/2/08,1
LEPIDOPTERA,COLEOPHORIDAE,6/3/08,6/8/08,41
LEPIDOPTERA,COLEOPHORIDAE,6/9/08,6/16/08,4
LEPIDOPTERA,COLEOPHORIDAE,7/11/08,7/23/08,27
LEPIDOPTERA,COLEOPHORIDAE,7/24/08,7/28/08,2
LEPIDOPTERA,COLEOPHORIDAE,7/29/08,8/3/08,13
LEPIDOPTERA,COLEOPHORIDAE,7/3/08,7/8/08,18
LEPIDOPTERA,COLEOPHORIDAE,7/9/08,7/10/08,4
LEPIDOPTERA,COLEOPHORIDAE,8/22/08,8/24/08,1
LEPIDOPTERA,COLEOPHORIDAE,8/29/08,9/4/08,1
LEPIDOPTERA,COLEOPHORIDAE,8/4/08,8/7/08,2
LEPIDOPTERA,COSMOPTERIGIDAE,7/29/08,8/3/08,1
LEPIDOPTERA,DREPANIDAE,6/23/08,6/25/08,1
LEPIDOPTERA,DREPANIDAE,6/26/08,7/2/08,1
LEPIDOPTERA,DREPANIDAE,7/24/08,7/28/08,1
LEPIDOPTERA,DREPANIDAE,8/8/08,8/14/08,1
LEPIDOPTERA,ELACHISTIDAE,7/29/08,8/3/08,1
LEPIDOPTERA,ERIOCRANIIDAE,4/25/08,5/5/08,2
LEPIDOPTERA,ERIOCRANIIDAE,5/6/08,5/13/08,6
LEPIDOPTERA,GELECHIIDAE,6/17/08,6/22/08,9
LEPIDOPTERA,GELECHIIDAE,6/23/08,6/25/08,1
LEPIDOPTERA,GELECHIIDAE,6/26/08,7/2/08,9
LEPIDOPTERA,GELECHIIDAE,6/3/08,6/8/08,8
LEPIDOPTERA,GELECHIIDAE,6/9/08,6/16/08,2
LEPIDOPTERA,GELECHIIDAE,7/11/08,7/23/08,17
LEPIDOPTERA,GELECHIIDAE,7/24/08,7/28/08,12
LEPIDOPTERA,GELECHIIDAE,7/29/08,8/3/08,27
LEPIDOPTERA,GELECHIIDAE,7/3/08,7/8/08,15
LEPIDOPTERA,GELECHIIDAE,7/9/08,7/10/08,2
LEPIDOPTERA,GELECHIIDAE,8/15/08,8/18/08,1
LEPIDOPTERA,GELECHIIDAE,8/19/08,8/21/08,1
LEPIDOPTERA,GELECHIIDAE,8/29/08,9/4/08,1
LEPIDOPTERA,GELECHIIDAE,8/4/08,8/7/08,1
LEPIDOPTERA,GELECHIIDAE,8/8/08,8/14/08,3
LEPIDOPTERA,GEOMETRIDAE,10/22/08,11/12/08,1
LEPIDOPTERA,GEOMETRIDAE,10/9/08,10/21/08,1
LEPIDOPTERA,GEOMETRIDAE,4/25/08,5/5/08,1
LEPIDOPTERA,GEOMETRIDAE,5/14/08,5/19/08,4
LEPIDOPTERA,GEOMETRIDAE,5/20/08,5/26/08,7
LEPIDOPTERA,GEOMETRIDAE,5/27/08,6/2/08,4
LEPIDOPTERA,GEOMETRIDAE,5/6/08,5/13/08,27
LEPIDOPTERA,GEOMETRIDAE,6/17/08,6/22/08,20
LEPIDOPTERA,GEOMETRIDAE,6/23/08,6/25/08,8
LEPIDOPTERA,GEOMETRIDAE,6/26/08,7/2/08,21
LEPIDOPTERA,GEOMETRIDAE,6/3/08,6/8/08,18
LEPIDOPTERA,GEOMETRIDAE,6/9/08,6/16/08,17
LEPIDOPTERA,GEOMETRIDAE,7/11/08,7/23/08,31
LEPIDOPTERA,GEOMETRIDAE,7/24/08,7/28/08,8
LEPIDOPTERA,GEOMETRIDAE,7/29/08,8/3/08,19
LEPIDOPTERA,GEOMETRIDAE,7/3/08,7/8/08,21
LEPIDOPTERA,GEOMETRIDAE,7/9/08,7/10/08,12
LEPIDOPTERA,GEOMETRIDAE,8/15/08,8/18/08,9
LEPIDOPTERA,GEOMETRIDAE,8/19/08,8/21/08,3
LEPIDOPTERA,GEOMETRIDAE,8/22/08,8/24/08,4
LEPIDOPTERA,GEOMETRIDAE,8/25/08,8/28/08,1
LEPIDOPTERA,GEOMETRIDAE,8/29/08,9/4/08,1
LEPIDOPTERA,GEOMETRIDAE,8/4/08,8/7/08,4
LEPIDOPTERA,GEOMETRIDAE,8/8/08,8/14/08,5
LEPIDOPTERA,GEOMETRIDAE,9/11/08,9/24/08,1
LEPIDOPTERA,GEOMETRIDAE,9/5/08,9/10/08,4
LEPIDOPTERA,GRACILLARIIDAE,10/9/08,10/21/08,3
LEPIDOPTERA,GRACILLARIIDAE,4/25/08,5/5/08,8
LEPIDOPTERA,GRACILLARIIDAE,5/14/08,5/19/08,9
LEPIDOPTERA,GRACILLARIIDAE,5/20/08,5/26/08,9
LEPIDOPTERA,GRACILLARIIDAE,5/27/08,6/2/08,1
LEPIDOPTERA,GRACILLARIIDAE,5/6/08,5/13/08,24
LEPIDOPTERA,GRACILLARIIDAE,6/17/08,6/22/08,3
LEPIDOPTERA,GRACILLARIIDAE,6/23/08,6/25/08,3
LEPIDOPTERA,GRACILLARIIDAE,6/26/08,7/2/08,9
LEPIDOPTERA,GRACILLARIIDAE,6/3/08,6/8/08,10
LEPIDOPTERA,GRACILLARIIDAE,6/9/08,6/16/08,2
LEPIDOPTERA,GRACILLARIIDAE,7/11/08,7/23/08,73
LEPIDOPTERA,GRACILLARIIDAE,7/24/08,7/28/08,44
LEPIDOPTERA,GRACILLARIIDAE,7/29/08,8/3/08,162
LEPIDOPTERA,GRACILLARIIDAE,7/3/08,7/8/08,11
LEPIDOPTERA,GRACILLARIIDAE,7/9/08,7/10/08,9
LEPIDOPTERA,GRACILLARIIDAE,8/15/08,8/18/08,24
LEPIDOPTERA,GRACILLARIIDAE,8/19/08,8/21/08,9
LEPIDOPTERA,GRACILLARIIDAE,8/22/08,8/24/08,12
LEPIDOPTERA,GRACILLARIIDAE,8/25/08,8/28/08,13
LEPIDOPTERA,GRACILLARIIDAE,8/29/08,9/4/08,20
LEPIDOPTERA,GRACILLARIIDAE,8/4/08,8/7/08,29
LEPIDOPTERA,GRACILLARIIDAE,8/8/08,8/14/08,17
LEPIDOPTERA,GRACILLARIIDAE,9/11/08,9/24/08,5
LEPIDOPTERA,GRACILLARIIDAE,9/25/08,10/8/08,5
LEPIDOPTERA,GRACILLARIIDAE,9/5/08,9/10/08,51
LEPIDOPTERA,LASIOCAMPIDAE,10/22/08,11/12/08,2
LEPIDOPTERA,LYONETIDAE,10/9/08,10/21/08,5
LEPIDOPTERA,LYONETIDAE,6/17/08,6/22/08,5
LEPIDOPTERA,LYONETIDAE,6/23/08,6/25/08,7
LEPIDOPTERA,LYONETIDAE,6/26/08,7/2/08,7
LEPIDOPTERA,LYONETIDAE,6/3/08,6/8/08,2
LEPIDOPTERA,LYONETIDAE,7/11/08,7/23/08,9
LEPIDOPTERA,LYONETIDAE,7/24/08,7/28/08,12
LEPIDOPTERA,LYONETIDAE,7/29/08,8/3/08,41
LEPIDOPTERA,LYONETIDAE,7/3/08,7/8/08,3
LEPIDOPTERA,LYONETIDAE,8/15/08,8/18/08,18
LEPIDOPTERA,LYONETIDAE,8/19/08,8/21/08,1
LEPIDOPTERA,LYONETIDAE,8/25/08,8/28/08,2
LEPIDOPTERA,LYONETIDAE,8/29/08,9/4/08,1
LEPIDOPTERA,LYONETIDAE,8/4/08,8/7/08,17
LEPIDOPTERA,LYONETIDAE,9/25/08,10/8/08,1
LEPIDOPTERA,LYONETIDAE,9/5/08,9/10/08,3
LEPIDOPTERA,MOMPHIDAE,4/25/08,5/5/08,1
LEPIDOPTERA,MOMPHIDAE,5/6/08,5/13/08,2
LEPIDOPTERA,MOMPHIDAE,6/17/08,6/22/08,1
LEPIDOPTERA,MOMPHIDAE,7/11/08,7/23/08,1
LEPIDOPTERA,MOMPHIDAE,7/24/08,7/28/08,2
LEPIDOPTERA,MOMPHIDAE,7/29/08,8/3/08,8
LEPIDOPTERA,MOMPHIDAE,8/15/08,8/18/08,4
LEPIDOPTERA,MOMPHIDAE,8/19/08,8/21/08,1
LEPIDOPTERA,MOMPHIDAE,8/22/08,8/24/08,2
LEPIDOPTERA,MOMPHIDAE,8/29/08,9/4/08,1
LEPIDOPTERA,MOMPHIDAE,8/4/08,8/7/08,4
LEPIDOPTERA,MOMPHIDAE,8/8/08,8/14/08,1
LEPIDOPTERA,NEPTICULIDAE,5/14/08,5/19/08,3
LEPIDOPTERA,NEPTICULIDAE,5/6/08,5/13/08,4
LEPIDOPTERA,NEPTICULIDAE,6/26/08,7/2/08,2
LEPIDOPTERA,NEPTICULIDAE,6/3/08,6/8/08,5
LEPIDOPTERA,NEPTICULIDAE,6/9/08,6/16/08,1
LEPIDOPTERA,NEPTICULIDAE,7/11/08,7/23/08,8
LEPIDOPTERA,NEPTICULIDAE,7/24/08,7/28/08,1
LEPIDOPTERA,NEPTICULIDAE,7/29/08,8/3/08,9
LEPIDOPTERA,NEPTICULIDAE,7/3/08,7/8/08,1
LEPIDOPTERA,NEPTICULIDAE,8/15/08,8/18/08,3
LEPIDOPTERA,NEPTICULIDAE,8/22/08,8/24/08,3
LEPIDOPTERA,NEPTICULIDAE,8/29/08,9/4/08,1
LEPIDOPTERA,NEPTICULIDAE,8/4/08,8/7/08,2
LEPIDOPTERA,NEPTICULIDAE,8/8/08,8/14/08,1
LEPIDOPTERA,NEPTICULIDAE,9/5/08,9/10/08,1
LEPIDOPTERA,NOCTUIDAE,10/22/08,11/12/08,8
LEPIDOPTERA,NOCTUIDAE,10/9/08,10/21/08,12
LEPIDOPTERA,NOCTUIDAE,4/25/08,5/5/08,12
LEPIDOPTERA,NOCTUIDAE,5/14/08,5/19/08,6
LEPIDOPTERA,NOCTUIDAE,5/20/08,5/26/08,9
LEPIDOPTERA,NOCTUIDAE,5/27/08,6/2/08,2
LEPIDOPTERA,NOCTUIDAE,5/6/08,5/13/08,22
LEPIDOPTERA,NOCTUIDAE,6/17/08,6/22/08,64
LEPIDOPTERA,NOCTUIDAE,6/23/08,6/25/08,35
LEPIDOPTERA,NOCTUIDAE,6/26/08,7/2/08,105
LEPIDOPTERA,NOCTUIDAE,6/3/08,6/8/08,68
LEPIDOPTERA,NOCTUIDAE,6/9/08,6/16/08,62
LEPIDOPTERA,NOCTUIDAE,7/11/08,7/23/08,224
LEPIDOPTERA,NOCTUIDAE,7/24/08,7/28/08,165
LEPIDOPTERA,NOCTUIDAE,7/29/08,8/3/08,229
LEPIDOPTERA,NOCTUIDAE,7/3/08,7/8/08,75
LEPIDOPTERA,NOCTUIDAE,7/9/08,7/10/08,63
LEPIDOPTERA,NOCTUIDAE,8/15/08,8/18/08,210
LEPIDOPTERA,NOCTUIDAE,8/19/08,8/21/08,120
LEPIDOPTERA,NOCTUIDAE,8/22/08,8/24/08,107
LEPIDOPTERA,NOCTUIDAE,8/25/08,8/28/08,135
LEPIDOPTERA,NOCTUIDAE,8/29/08,9/4/08,117
LEPIDOPTERA,NOCTUIDAE,8/4/08,8/7/08,73
LEPIDOPTERA,NOCTUIDAE,8/8/08,8/14/08,230
LEPIDOPTERA,NOCTUIDAE,9/11/08,9/24/08,34
LEPIDOPTERA,NOCTUIDAE,9/25/08,10/8/08,54
LEPIDOPTERA,NOCTUIDAE,9/5/08,9/10/08,101
LEPIDOPTERA,NOLIDAE,6/17/08,6/22/08,3
LEPIDOPTERA,NOLIDAE,6/3/08,6/8/08,2
LEPIDOPTERA,NOLIDAE,6/9/08,6/16/08,1
LEPIDOPTERA,NOLIDAE,7/11/08,7/23/08,2
LEPIDOPTERA,NOLIDAE,7/24/08,7/28/08,2
LEPIDOPTERA,NOLIDAE,7/3/08,7/8/08,2
LEPIDOPTERA,NOLIDAE,8/15/08,8/18/08,1
LEPIDOPTERA,NOLIDAE,8/8/08,8/14/08,1
LEPIDOPTERA,NOTODONTIDAE,5/20/08,5/26/08,1
LEPIDOPTERA,NOTODONTIDAE,5/6/08,5/13/08,2
LEPIDOPTERA,NOTODONTIDAE,6/17/08,6/22/08,1
LEPIDOPTERA,NOTODONTIDAE,6/26/08,7/2/08,1
LEPIDOPTERA,NOTODONTIDAE,6/3/08,6/8/08,1
LEPIDOPTERA,NOTODONTIDAE,7/24/08,7/28/08,1
LEPIDOPTERA,NOTODONTIDAE,7/29/08,8/3/08,3
LEPIDOPTERA,NOTODONTIDAE,8/19/08,8/21/08,1
LEPIDOPTERA,NOTODONTIDAE,8/22/08,8/24/08,1
LEPIDOPTERA,OECOPHORIDAE,10/9/08,10/21/08,1
LEPIDOPTERA,OECOPHORIDAE,4/25/08,5/5/08,2
LEPIDOPTERA,OECOPHORIDAE,5/14/08,5/19/08,5
LEPIDOPTERA,OECOPHORIDAE,5/20/08,5/26/08,1
LEPIDOPTERA,OECOPHORIDAE,5/27/08,6/2/08,1
LEPIDOPTERA,OECOPHORIDAE,5/6/08,5/13/08,3
LEPIDOPTERA,OECOPHORIDAE,6/17/08,6/22/08,9
LEPIDOPTERA,OECOPHORIDAE,6/23/08,6/25/08,10
LEPIDOPTERA,OECOPHORIDAE,6/26/08,7/2/08,19
LEPIDOPTERA,OECOPHORIDAE,6/3/08,6/8/08,24
LEPIDOPTERA,OECOPHORIDAE,6/9/08,6/16/08,7
LEPIDOPTERA,OECOPHORIDAE,7/11/08,7/23/08,64
LEPIDOPTERA,OECOPHORIDAE,7/24/08,7/28/08,10
LEPIDOPTERA,OECOPHORIDAE,7/29/08,8/3/08,54
LEPIDOPTERA,OECOPHORIDAE,7/3/08,7/8/08,68
LEPIDOPTERA,OECOPHORIDAE,7/9/08,7/10/08,22
LEPIDOPTERA,OECOPHORIDAE,8/15/08,8/18/08,7
LEPIDOPTERA,OECOPHORIDAE,8/19/08,8/21/08,2
LEPIDOPTERA,OECOPHORIDAE,8/22/08,8/24/08,2
LEPIDOPTERA,OECOPHORIDAE,8/25/08,8/28/08,3
LEPIDOPTERA,OECOPHORIDAE,8/29/08,9/4/08,4
LEPIDOPTERA,OECOPHORIDAE,8/4/08,8/7/08,2
LEPIDOPTERA,OECOPHORIDAE,8/8/08,8/14/08,9
LEPIDOPTERA,OECOPHORIDAE,9/5/08,9/10/08,3
LEPIDOPTERA,PLUTELLIDAE,10/9/08,10/21/08,1
LEPIDOPTERA,PLUTELLIDAE,7/29/08,8/3/08,3
LEPIDOPTERA,PLUTELLIDAE,7/3/08,7/8/08,1
LEPIDOPTERA,PLUTELLIDAE,8/15/08,8/18/08,1
LEPIDOPTERA,PLUTELLIDAE,8/25/08,8/28/08,1
LEPIDOPTERA,PLUTELLIDAE,8/4/08,8/7/08,2
LEPIDOPTERA,PLUTELLIDAE,8/8/08,8/14/08,1
LEPIDOPTERA,PTEROPHORIDAE,7/11/08,7/23/08,1
LEPIDOPTERA,PYRALIDAE,4/25/08,5/5/08,1
LEPIDOPTERA,PYRALIDAE,5/6/08,5/13/08,3
LEPIDOPTERA,PYRALIDAE,6/17/08,6/22/08,8
LEPIDOPTERA,PYRALIDAE,6/23/08,6/25/08,2
LEPIDOPTERA,PYRALIDAE,6/26/08,7/2/08,10
LEPIDOPTERA,PYRALIDAE,6/3/08,6/8/08,9
LEPIDOPTERA,PYRALIDAE,6/9/08,6/16/08,5
LEPIDOPTERA,PYRALIDAE,7/11/08,7/23/08,97
LEPIDOPTERA,PYRALIDAE,7/24/08,7/28/08,51
LEPIDOPTERA,PYRALIDAE,7/29/08,8/3/08,88
LEPIDOPTERA,PYRALIDAE,7/3/08,7/8/08,36
LEPIDOPTERA,PYRALIDAE,7/9/08,7/10/08,16
LEPIDOPTERA,PYRALIDAE,8/15/08,8/18/08,8
LEPIDOPTERA,PYRALIDAE,8/19/08,8/21/08,7
LEPIDOPTERA,PYRALIDAE,8/22/08,8/24/08,8
LEPIDOPTERA,PYRALIDAE,8/25/08,8/28/08,4
LEPIDOPTERA,PYRALIDAE,8/29/08,9/4/08,1
LEPIDOPTERA,PYRALIDAE,8/4/08,8/7/08,6
LEPIDOPTERA,PYRALIDAE,8/8/08,8/14/08,10
LEPIDOPTERA,PYRALIDAE,9/11/08,9/24/08,1
LEPIDOPTERA,PYRALIDAE,9/25/08,10/8/08,1
LEPIDOPTERA,PYRALIDAE,9/5/08,9/10/08,2
LEPIDOPTERA,SPHINGIDAE,5/14/08,5/19/08,1
LEPIDOPTERA,SPHINGIDAE,5/6/08,5/13/08,1
LEPIDOPTERA,SPHINGIDAE,6/17/08,6/22/08,1
LEPIDOPTERA,SPHINGIDAE,6/3/08,6/8/08,3
LEPIDOPTERA,SPHINGIDAE,6/9/08,6/16/08,1
LEPIDOPTERA,SPHINGIDAE,7/11/08,7/23/08,1
LEPIDOPTERA,TINEIDAE,5/14/08,5/19/08,2
LEPIDOPTERA,TINEIDAE,5/6/08,5/13/08,1
LEPIDOPTERA,TINEIDAE,6/17/08,6/22/08,2
LEPIDOPTERA,TINEIDAE,6/3/08,6/8/08,5
LEPIDOPTERA,TINEIDAE,6/9/08,6/16/08,3
LEPIDOPTERA,TINEIDAE,7/29/08,8/3/08,3
LEPIDOPTERA,TINEIDAE,7/9/08,7/10/08,1
LEPIDOPTERA,TINEIDAE,8/15/08,8/18/08,1
LEPIDOPTERA,TINEIDAE,8/22/08,8/24/08,1
LEPIDOPTERA,TINEIDAE,8/4/08,8/7/08,1
LEPIDOPTERA,TISCHERIIDAE,6/3/08,6/8/08,1
LEPIDOPTERA,TISCHERIIDAE,6/9/08,6/16/08,1
LEPIDOPTERA,TISCHERIIDAE,7/11/08,7/23/08,2
LEPIDOPTERA,TISCHERIIDAE,7/3/08,7/8/08,1
LEPIDOPTERA,TISCHERIIDAE,8/15/08,8/18/08,1
LEPIDOPTERA,TORTRICIDAE,10/9/08,10/21/08,3
LEPIDOPTERA,TORTRICIDAE,4/25/08,5/5/08,1
LEPIDOPTERA,TORTRICIDAE,5/14/08,5/19/08,2
LEPIDOPTERA,TORTRICIDAE,5/20/08,5/26/08,1
LEPIDOPTERA,TORTRICIDAE,5/27/08,6/2/08,2
LEPIDOPTERA,TORTRICIDAE,5/6/08,5/13/08,4
LEPIDOPTERA,TORTRICIDAE,6/17/08,6/22/08,88
LEPIDOPTERA,TORTRICIDAE,6/23/08,6/25/08,135
LEPIDOPTERA,TORTRICIDAE,6/26/08,7/2/08,77
LEPIDOPTERA,TORTRICIDAE,6/3/08,6/8/08,57
LEPIDOPTERA,TORTRICIDAE,6/9/08,6/16/08,32
LEPIDOPTERA,TORTRICIDAE,7/11/08,7/23/08,164
LEPIDOPTERA,TORTRICIDAE,7/24/08,7/28/08,91
LEPIDOPTERA,TORTRICIDAE,7/29/08,8/3/08,151
LEPIDOPTERA,TORTRICIDAE,7/3/08,7/8/08,118
LEPIDOPTERA,TORTRICIDAE,7/9/08,7/10/08,34
LEPIDOPTERA,TORTRICIDAE,8/15/08,8/18/08,25
LEPIDOPTERA,TORTRICIDAE,8/19/08,8/21/08,7
LEPIDOPTERA,TORTRICIDAE,8/22/08,8/24/08,11
LEPIDOPTERA,TORTRICIDAE,8/25/08,8/28/08,7
LEPIDOPTERA,TORTRICIDAE,8/29/08,9/4/08,3
LEPIDOPTERA,TORTRICIDAE,8/4/08,8/7/08,28
LEPIDOPTERA,TORTRICIDAE,8/8/08,8/14/08,20
LEPIDOPTERA,TORTRICIDAE,9/11/08,9/24/08,3
LEPIDOPTERA,TORTRICIDAE,9/25/08,10/8/08,2
LEPIDOPTERA,TORTRICIDAE,9/5/08,9/10/08,8
LEPIDOPTERA,YPONOMEUTIDAE,5/14/08,5/19/08,1
LEPIDOPTERA,YPONOMEUTIDAE,5/20/08,5/26/08,1
LEPIDOPTERA,YPONOMEUTIDAE,5/6/08,5/13/08,1
LEPIDOPTERA,YPONOMEUTIDAE,6/17/08,6/22/08,2
LEPIDOPTERA,YPONOMEUTIDAE,6/23/08,6/25/08,3
LEPIDOPTERA,YPONOMEUTIDAE,6/26/08,7/2/08,19
LEPIDOPTERA,YPONOMEUTIDAE,6/3/08,6/8/08,11
LEPIDOPTERA,YPONOMEUTIDAE,6/9/08,6/16/08,2
LEPIDOPTERA,YPONOMEUTIDAE,7/11/08,7/23/08,212
LEPIDOPTERA,YPONOMEUTIDAE,7/24/08,7/28/08,135
LEPIDOPTERA,YPONOMEUTIDAE,7/29/08,8/3/08,380
LEPIDOPTERA,YPONOMEUTIDAE,7/3/08,7/8/08,96
LEPIDOPTERA,YPONOMEUTIDAE,7/9/08,7/10/08,47
LEPIDOPTERA,YPONOMEUTIDAE,8/15/08,8/18/08,241
LEPIDOPTERA,YPONOMEUTIDAE,8/19/08,8/21/08,82
LEPIDOPTERA,YPONOMEUTIDAE,8/22/08,8/24/08,64
LEPIDOPTERA,YPONOMEUTIDAE,8/25/08,8/28/08,89
LEPIDOPTERA,YPONOMEUTIDAE,8/29/08,9/4/08,34
LEPIDOPTERA,YPONOMEUTIDAE,8/4/08,8/7/08,101
LEPIDOPTERA,YPONOMEUTIDAE,8/8/08,8/14/08,99
LEPIDOPTERA,YPONOMEUTIDAE,9/11/08,9/24/08,6
LEPIDOPTERA,YPONOMEUTIDAE,9/5/08,9/10/08,17
