order,family,date1,date2,individuals
COLEOPTERA,ANOBIIDAE,5/20/09,6/2/09,1
COLEOPTERA,ANOBIIDAE,6/29/09,6/29/09,1
COLEOPTERA,ANOBIIDAE,6/30/09,7/2/09,4
COLEOPTERA,ANOBIIDAE,7/11/09,7/20/09,2
COLEOPTERA,CANTHARIDAE,5/15/09,5/19/09,1
COLEOPTERA,CANTHARIDAE,5/20/09,6/2/09,5
COLEOPTERA,CANTHARIDAE,5/7/09,5/14/09,1
COLEOPTERA,CANTHARIDAE,7/11/09,7/20/09,10
COLEOPTERA,CANTHARIDAE,7/21/09,7/27/09,4
COLEOPTERA,CARABIDAE,6/26/09,6/28/09,2
COLEOPTERA,CARABIDAE,6/29/09,6/29/09,2
COLEOPTERA,CARABIDAE,6/30/09,7/2/09,26
COLEOPTERA,CARABIDAE,7/11/09,7/20/09,42
COLEOPTERA,CARABIDAE,7/21/09,7/27/09,7
COLEOPTERA,CARABIDAE,7/28/09,8/2/09,16
COLEOPTERA,CARABIDAE,7/3/09,7/10/09,9
COLEOPTERA,CARABIDAE,8/10/09,8/16/09,11
COLEOPTERA,CARABIDAE,8/17/09,8/20/09,33
COLEOPTERA,CARABIDAE,8/21/09,8/25/09,63
COLEOPTERA,CARABIDAE,8/26/09,8/27/09,53
COLEOPTERA,CARABIDAE,8/28/09,8/31/09,4
COLEOPTERA,CARABIDAE,8/3/09,8/6/09,222
COLEOPTERA,CARABIDAE,8/7/09,8/9/09,1
COLEOPTERA,CARABIDAE,9/1/09,9/2/09,1
COLEOPTERA,CERAMBYCIDAE,6/26/09,6/28/09,1
COLEOPTERA,CERAMBYCIDAE,6/30/09,7/2/09,2
COLEOPTERA,CERAMBYCIDAE,7/11/09,7/20/09,2
COLEOPTERA,CHRYSOMELIDAE,7/21/09,7/27/09,1
COLEOPTERA,CLERIDAE,6/30/09,7/2/09,1
COLEOPTERA,COCCINELLIDAE,5/20/09,6/2/09,7
COLEOPTERA,COCCINELLIDAE,6/26/09,6/28/09,7
COLEOPTERA,COCCINELLIDAE,6/29/09,6/29/09,5
COLEOPTERA,COCCINELLIDAE,6/3/09,6/18/09,1
COLEOPTERA,COCCINELLIDAE,6/30/09,7/2/09,15
COLEOPTERA,COCCINELLIDAE,7/11/09,7/20/09,19
COLEOPTERA,COCCINELLIDAE,7/21/09,7/27/09,10
COLEOPTERA,COCCINELLIDAE,7/28/09,8/2/09,14
COLEOPTERA,COCCINELLIDAE,7/3/09,7/10/09,13
COLEOPTERA,COCCINELLIDAE,8/10/09,8/16/09,15
COLEOPTERA,COCCINELLIDAE,8/17/09,8/20/09,7
COLEOPTERA,COCCINELLIDAE,8/21/09,8/25/09,36
COLEOPTERA,COCCINELLIDAE,8/26/09,8/27/09,44
COLEOPTERA,COCCINELLIDAE,8/28/09,8/31/09,18
COLEOPTERA,COCCINELLIDAE,8/3/09,8/6/09,12
COLEOPTERA,COCCINELLIDAE,8/7/09,8/9/09,4
COLEOPTERA,CORTICARIIDAE,7/21/09,7/27/09,1
COLEOPTERA,CRYPTOPHAGIDAE,5/15/09,5/19/09,1
COLEOPTERA,CRYPTOPHAGIDAE,5/20/09,6/2/09,1
COLEOPTERA,CRYPTOPHAGIDAE,6/26/09,6/28/09,1
COLEOPTERA,CRYPTOPHAGIDAE,6/29/09,6/29/09,1
COLEOPTERA,CRYPTOPHAGIDAE,6/3/09,6/18/09,1
COLEOPTERA,CRYPTOPHAGIDAE,6/30/09,7/2/09,2
COLEOPTERA,CRYPTOPHAGIDAE,7/28/09,8/2/09,1
COLEOPTERA,CRYPTOPHAGIDAE,8/26/09,8/27/09,1
COLEOPTERA,CRYPTOPHAGIDAE,8/3/09,8/6/09,3
COLEOPTERA,CURCULIONIDAE,6/26/09,6/28/09,2
COLEOPTERA,CURCULIONIDAE,6/30/09,7/2/09,4
COLEOPTERA,CURCULIONIDAE,7/11/09,7/20/09,15
COLEOPTERA,CURCULIONIDAE,7/28/09,8/2/09,1
COLEOPTERA,CURCULIONIDAE,7/3/09,7/10/09,4
COLEOPTERA,CURCULIONIDAE,8/21/09,8/25/09,2
COLEOPTERA,CURCULIONIDAE,8/26/09,8/27/09,3
COLEOPTERA,CURCULIONIDAE,8/28/09,8/31/09,1
COLEOPTERA,CURCULIONIDAE,8/3/09,8/6/09,5
COLEOPTERA,DERMESTIDAE,4/24/09,5/6/09,1
COLEOPTERA,DERMESTIDAE,5/20/09,6/2/09,2
COLEOPTERA,DERMESTIDAE,6/26/09,6/28/09,3
COLEOPTERA,DERMESTIDAE,7/11/09,7/20/09,1
COLEOPTERA,DERMESTIDAE,8/10/09,8/16/09,1
COLEOPTERA,DERMESTIDAE,8/26/09,8/27/09,3
COLEOPTERA,DERMESTIDAE,8/3/09,8/6/09,1
COLEOPTERA,DYTISCIDAE,7/21/09,7/27/09,1
COLEOPTERA,DYTISCIDAE,7/3/09,7/10/09,1
COLEOPTERA,DYTISCIDAE,8/10/09,8/16/09,2
COLEOPTERA,DYTISCIDAE,8/21/09,8/25/09,2
COLEOPTERA,DYTISCIDAE,8/3/09,8/6/09,1
COLEOPTERA,ELATERIDAE,5/15/09,5/19/09,1
COLEOPTERA,ELATERIDAE,5/20/09,6/2/09,2
COLEOPTERA,ELATERIDAE,7/11/09,7/20/09,1
COLEOPTERA,ELATERIDAE,7/21/09,7/27/09,1
COLEOPTERA,ELATERIDAE,7/3/09,7/10/09,2
COLEOPTERA,ELATERIDAE,8/3/09,8/6/09,1
COLEOPTERA,EROTYLIDAE,8/21/09,8/25/09,1
COLEOPTERA,EROTYLIDAE,8/26/09,8/27/09,2
COLEOPTERA,HELOPHORIDAE,8/3/09,8/6/09,1
COLEOPTERA,HETEROCERIDAE,5/20/09,6/2/09,2
COLEOPTERA,HETEROCERIDAE,6/30/09,7/2/09,2
COLEOPTERA,HETEROCERIDAE,7/11/09,7/20/09,3
COLEOPTERA,HETEROCERIDAE,7/3/09,7/10/09,1
COLEOPTERA,HETEROCERIDAE,8/3/09,8/6/09,4
COLEOPTERA,HYDRAENIDAE,5/20/09,6/2/09,1
COLEOPTERA,HYDROPHILIDAE,4/24/09,5/6/09,4
COLEOPTERA,HYDROPHILIDAE,5/15/09,5/19/09,2
COLEOPTERA,HYDROPHILIDAE,5/20/09,6/2/09,2
COLEOPTERA,HYDROPHILIDAE,6/26/09,6/28/09,2
COLEOPTERA,HYDROPHILIDAE,6/30/09,7/2/09,11
COLEOPTERA,HYDROPHILIDAE,7/11/09,7/20/09,7
COLEOPTERA,HYDROPHILIDAE,7/21/09,7/27/09,2
COLEOPTERA,HYDROPHILIDAE,7/28/09,8/2/09,2
COLEOPTERA,HYDROPHILIDAE,7/3/09,7/10/09,2
COLEOPTERA,HYDROPHILIDAE,8/10/09,8/16/09,5
COLEOPTERA,HYDROPHILIDAE,8/21/09,8/25/09,5
COLEOPTERA,HYDROPHILIDAE,8/26/09,8/27/09,7
COLEOPTERA,HYDROPHILIDAE,8/3/09,8/6/09,8
COLEOPTERA,MELYRIDAE,5/15/09,5/19/09,4
COLEOPTERA,MELYRIDAE,5/20/09,6/2/09,2
COLEOPTERA,MONOTOMIDAE,8/21/09,8/25/09,1
COLEOPTERA,MONOTOMIDAE,8/26/09,8/27/09,1
COLEOPTERA,NITIDULIDAE,4/24/09,5/6/09,2
COLEOPTERA,NITIDULIDAE,5/20/09,6/2/09,6
COLEOPTERA,NITIDULIDAE,5/7/09,5/14/09,1
COLEOPTERA,NITIDULIDAE,6/29/09,6/29/09,3
COLEOPTERA,NITIDULIDAE,6/30/09,7/2/09,1
COLEOPTERA,NITIDULIDAE,7/11/09,7/20/09,1
COLEOPTERA,SCARABAEIDAE,5/15/09,5/19/09,3
COLEOPTERA,SCARABAEIDAE,5/20/09,6/2/09,4
COLEOPTERA,SCARABAEIDAE,5/7/09,5/14/09,4
COLEOPTERA,SCARABAEIDAE,6/26/09,6/28/09,8
COLEOPTERA,SCARABAEIDAE,6/3/09,6/18/09,4
COLEOPTERA,SCARABAEIDAE,6/30/09,7/2/09,6
COLEOPTERA,SCARABAEIDAE,7/11/09,7/20/09,6
COLEOPTERA,SCARABAEIDAE,7/3/09,7/10/09,6
COLEOPTERA,SCARABAEIDAE,8/26/09,8/27/09,1
COLEOPTERA,SCIRTIDAE,6/26/09,6/28/09,1
COLEOPTERA,SCIRTIDAE,6/30/09,7/2/09,1
COLEOPTERA,SCIRTIDAE,7/11/09,7/20/09,1
COLEOPTERA,SCIRTIDAE,8/10/09,8/16/09,1
COLEOPTERA,SCIRTIDAE,8/3/09,8/6/09,1
COLEOPTERA,SCRAPTIIDAE,8/21/09,8/25/09,1
COLEOPTERA,SILPHIDAE,7/11/09,7/20/09,1
COLEOPTERA,SILPHIDAE,7/28/09,8/2/09,1
COLEOPTERA,SILPHIDAE,8/10/09,8/16/09,3
COLEOPTERA,STAPHYLINIDAE,3/18/09,4/13/09,1
COLEOPTERA,STAPHYLINIDAE,5/20/09,6/2/09,2
COLEOPTERA,STAPHYLINIDAE,6/26/09,6/28/09,1
COLEOPTERA,STAPHYLINIDAE,6/29/09,6/29/09,5
COLEOPTERA,STAPHYLINIDAE,6/30/09,7/2/09,40
COLEOPTERA,STAPHYLINIDAE,7/11/09,7/20/09,14
COLEOPTERA,STAPHYLINIDAE,7/21/09,7/27/09,4
COLEOPTERA,STAPHYLINIDAE,7/28/09,8/2/09,3
COLEOPTERA,STAPHYLINIDAE,7/3/09,7/10/09,10
COLEOPTERA,STAPHYLINIDAE,8/10/09,8/16/09,3
COLEOPTERA,STAPHYLINIDAE,8/21/09,8/25/09,1
COLEOPTERA,STAPHYLINIDAE,8/26/09,8/27/09,3
COLEOPTERA,STAPHYLINIDAE,8/3/09,8/6/09,22
COLEOPTERA,STAPHYLINIDAE,8/7/09,8/9/09,3
COLEOPTERA,TENEBRIONIDAE,6/29/09,6/29/09,1
COLEOPTERA,TENEBRIONIDAE,6/30/09,7/2/09,7
COLEOPTERA,TENEBRIONIDAE,7/11/09,7/20/09,107
COLEOPTERA,TENEBRIONIDAE,7/21/09,7/27/09,13
COLEOPTERA,TENEBRIONIDAE,7/28/09,8/2/09,5
COLEOPTERA,TENEBRIONIDAE,7/3/09,7/10/09,38
COLEOPTERA,TENEBRIONIDAE,8/3/09,8/6/09,5
COLEOPTERA,THROSCIDAE,8/26/09,8/27/09,1
COLEOPTERA,THROSCIDAE,8/7/09,8/9/09,1
LEPIDOPTERA,ADELIDAE,4/24/09,5/6/09,1
LEPIDOPTERA,ADELIDAE,5/20/09,6/2/09,1
LEPIDOPTERA,AGONOXENIDAE,6/26/09,6/28/09,1
LEPIDOPTERA,AGONOXENIDAE,6/29/09,6/29/09,1
LEPIDOPTERA,AGONOXENIDAE,7/11/09,7/20/09,1
LEPIDOPTERA,AGONOXENIDAE,7/28/09,8/2/09,1
LEPIDOPTERA,AGONOXENIDAE,7/3/09,7/10/09,3
LEPIDOPTERA,ALUCITIDAE,5/20/09,6/2/09,1
LEPIDOPTERA,AMPHISBATHIDAE,7/11/09,7/20/09,1
LEPIDOPTERA,ARCTIIDAE,6/26/09,6/28/09,2
LEPIDOPTERA,ARCTIIDAE,6/30/09,7/2/09,4
LEPIDOPTERA,ARCTIIDAE,7/11/09,7/20/09,2
LEPIDOPTERA,ARCTIIDAE,7/21/09,7/27/09,1
LEPIDOPTERA,ARCTIIDAE,7/28/09,8/2/09,4
LEPIDOPTERA,ARCTIIDAE,7/3/09,7/10/09,1
LEPIDOPTERA,ARCTIIDAE,8/10/09,8/16/09,1
LEPIDOPTERA,AUTOSTICHIDAE,5/20/09,6/2/09,3
LEPIDOPTERA,AUTOSTICHIDAE,6/3/09,6/18/09,1
LEPIDOPTERA,AUTOSTICHIDAE,7/11/09,7/20/09,2
LEPIDOPTERA,AUTOSTICHIDAE,7/21/09,7/27/09,1
LEPIDOPTERA,AUTOSTICHIDAE,7/28/09,8/2/09,6
LEPIDOPTERA,AUTOSTICHIDAE,7/3/09,7/10/09,4
LEPIDOPTERA,AUTOSTICHIDAE,8/10/09,8/16/09,5
LEPIDOPTERA,AUTOSTICHIDAE,8/21/09,8/25/09,3
LEPIDOPTERA,AUTOSTICHIDAE,8/3/09,8/6/09,4
LEPIDOPTERA,BATRACHEDRIDAE,6/26/09,6/28/09,1
LEPIDOPTERA,BATRACHEDRIDAE,6/29/09,6/29/09,1
LEPIDOPTERA,BATRACHEDRIDAE,6/30/09,7/2/09,6
LEPIDOPTERA,BATRACHEDRIDAE,7/11/09,7/20/09,6
LEPIDOPTERA,BATRACHEDRIDAE,7/21/09,7/27/09,1
LEPIDOPTERA,BATRACHEDRIDAE,7/28/09,8/2/09,2
LEPIDOPTERA,BATRACHEDRIDAE,7/3/09,7/10/09,8
LEPIDOPTERA,BATRACHEDRIDAE,8/10/09,8/16/09,4
LEPIDOPTERA,BATRACHEDRIDAE,8/21/09,8/25/09,1
LEPIDOPTERA,BATRACHEDRIDAE,8/26/09,8/27/09,2
LEPIDOPTERA,BATRACHEDRIDAE,8/3/09,8/6/09,1
LEPIDOPTERA,BUCCULATRICIDAE,5/20/09,6/2/09,4
LEPIDOPTERA,BUCCULATRICIDAE,7/11/09,7/20/09,1
LEPIDOPTERA,BUCCULATRICIDAE,7/21/09,7/27/09,1
LEPIDOPTERA,BUCCULATRICIDAE,7/28/09,8/2/09,2
LEPIDOPTERA,BUCCULATRICIDAE,8/10/09,8/16/09,2
LEPIDOPTERA,BUCCULATRICIDAE,8/3/09,8/6/09,3
LEPIDOPTERA,COLEOPHORIDAE,5/20/09,6/2/09,14
LEPIDOPTERA,COLEOPHORIDAE,6/26/09,6/28/09,4
LEPIDOPTERA,COLEOPHORIDAE,6/29/09,6/29/09,2
LEPIDOPTERA,COLEOPHORIDAE,6/30/09,7/2/09,10
LEPIDOPTERA,COLEOPHORIDAE,7/11/09,7/20/09,38
LEPIDOPTERA,COLEOPHORIDAE,7/21/09,7/27/09,33
LEPIDOPTERA,COLEOPHORIDAE,7/28/09,8/2/09,9
LEPIDOPTERA,COLEOPHORIDAE,7/3/09,7/10/09,31
LEPIDOPTERA,COLEOPHORIDAE,8/26/09,8/27/09,1
LEPIDOPTERA,COLEOPHORIDAE,8/3/09,8/6/09,3
LEPIDOPTERA,COSMOPTERIGIDAE,7/11/09,7/20/09,2
LEPIDOPTERA,COSMOPTERIGIDAE,7/3/09,7/10/09,1
LEPIDOPTERA,DEPRESSARIIDAE,4/24/09,5/6/09,1
LEPIDOPTERA,DOUGLASIIDAE,6/30/09,7/2/09,1
LEPIDOPTERA,DREPANIDAE,8/10/09,8/16/09,1
LEPIDOPTERA,ELACHISTIDAE,7/21/09,7/27/09,1
LEPIDOPTERA,ELACHISTIDAE,8/10/09,8/16/09,1
LEPIDOPTERA,ELACHISTIDAE,8/3/09,8/6/09,1
LEPIDOPTERA,ETHMIIDAE,7/11/09,7/20/09,1
LEPIDOPTERA,ETHMIIDAE,7/28/09,8/2/09,1
LEPIDOPTERA,GELECHIIDAE,5/20/09,6/2/09,3
LEPIDOPTERA,GELECHIIDAE,6/26/09,6/28/09,1
LEPIDOPTERA,GELECHIIDAE,6/29/09,6/29/09,2
LEPIDOPTERA,GELECHIIDAE,6/30/09,7/2/09,12
LEPIDOPTERA,GELECHIIDAE,7/11/09,7/20/09,29
LEPIDOPTERA,GELECHIIDAE,7/21/09,7/27/09,12
LEPIDOPTERA,GELECHIIDAE,7/28/09,8/2/09,15
LEPIDOPTERA,GELECHIIDAE,7/3/09,7/10/09,14
LEPIDOPTERA,GELECHIIDAE,8/10/09,8/16/09,9
LEPIDOPTERA,GELECHIIDAE,8/17/09,8/20/09,3
LEPIDOPTERA,GELECHIIDAE,8/21/09,8/25/09,2
LEPIDOPTERA,GELECHIIDAE,8/28/09,8/31/09,2
LEPIDOPTERA,GELECHIIDAE,8/3/09,8/6/09,11
LEPIDOPTERA,GELECHIIDAE,8/7/09,8/9/09,1
LEPIDOPTERA,GEOMETRIDAE,3/18/09,4/13/09,2
LEPIDOPTERA,GEOMETRIDAE,4/24/09,5/6/09,3
LEPIDOPTERA,GEOMETRIDAE,5/15/09,5/19/09,3
LEPIDOPTERA,GEOMETRIDAE,5/20/09,6/2/09,23
LEPIDOPTERA,GEOMETRIDAE,5/7/09,5/14/09,1
LEPIDOPTERA,GEOMETRIDAE,6/26/09,6/28/09,22
LEPIDOPTERA,GEOMETRIDAE,6/29/09,6/29/09,11
LEPIDOPTERA,GEOMETRIDAE,6/3/09,6/18/09,8
LEPIDOPTERA,GEOMETRIDAE,6/30/09,7/2/09,48
LEPIDOPTERA,GEOMETRIDAE,7/11/09,7/20/09,54
LEPIDOPTERA,GEOMETRIDAE,7/21/09,7/27/09,24
LEPIDOPTERA,GEOMETRIDAE,7/28/09,8/2/09,12
LEPIDOPTERA,GEOMETRIDAE,7/3/09,7/10/09,49
LEPIDOPTERA,GEOMETRIDAE,8/10/09,8/16/09,24
LEPIDOPTERA,GEOMETRIDAE,8/17/09,8/20/09,4
LEPIDOPTERA,GEOMETRIDAE,8/21/09,8/25/09,8
LEPIDOPTERA,GEOMETRIDAE,8/26/09,8/27/09,3
LEPIDOPTERA,GEOMETRIDAE,8/28/09,8/31/09,4
LEPIDOPTERA,GEOMETRIDAE,8/3/09,8/6/09,23
LEPIDOPTERA,GEOMETRIDAE,8/7/09,8/9/09,1
LEPIDOPTERA,GEOMETRIDAE,9/1/09,9/2/09,5
LEPIDOPTERA,GLYPHIPTERIGIDAE,7/28/09,8/2/09,1
LEPIDOPTERA,GRACILLARIIDAE,4/14/09,4/23/09,1
LEPIDOPTERA,GRACILLARIIDAE,4/24/09,5/6/09,3
LEPIDOPTERA,GRACILLARIIDAE,5/15/09,5/19/09,2
LEPIDOPTERA,GRACILLARIIDAE,5/20/09,6/2/09,43
LEPIDOPTERA,GRACILLARIIDAE,5/7/09,5/14/09,4
LEPIDOPTERA,GRACILLARIIDAE,6/26/09,6/28/09,5
LEPIDOPTERA,GRACILLARIIDAE,6/29/09,6/29/09,3
LEPIDOPTERA,GRACILLARIIDAE,6/30/09,7/2/09,11
LEPIDOPTERA,GRACILLARIIDAE,7/11/09,7/20/09,39
LEPIDOPTERA,GRACILLARIIDAE,7/21/09,7/27/09,25
LEPIDOPTERA,GRACILLARIIDAE,7/28/09,8/2/09,58
LEPIDOPTERA,GRACILLARIIDAE,7/3/09,7/10/09,6
LEPIDOPTERA,GRACILLARIIDAE,8/10/09,8/16/09,35
LEPIDOPTERA,GRACILLARIIDAE,8/17/09,8/20/09,13
LEPIDOPTERA,GRACILLARIIDAE,8/21/09,8/25/09,15
LEPIDOPTERA,GRACILLARIIDAE,8/26/09,8/27/09,10
LEPIDOPTERA,GRACILLARIIDAE,8/28/09,8/31/09,4
LEPIDOPTERA,GRACILLARIIDAE,8/3/09,8/6/09,41
LEPIDOPTERA,GRACILLARIIDAE,9/1/09,9/2/09,3
LEPIDOPTERA,HEPIALIDAE,5/20/09,6/2/09,3
LEPIDOPTERA,HEPIALIDAE,8/10/09,8/16/09,1
LEPIDOPTERA,HEPIALIDAE,8/21/09,8/25/09,1
LEPIDOPTERA,LIMACODIDAE,7/21/09,7/27/09,1
LEPIDOPTERA,LYMANTRIIDAE,6/26/09,6/28/09,1
LEPIDOPTERA,LYONETIDAE,4/14/09,4/23/09,2
LEPIDOPTERA,LYONETIDAE,4/24/09,5/6/09,2
LEPIDOPTERA,LYONETIDAE,6/26/09,6/28/09,22
LEPIDOPTERA,LYONETIDAE,6/29/09,6/29/09,14
LEPIDOPTERA,LYONETIDAE,6/3/09,6/18/09,1
LEPIDOPTERA,LYONETIDAE,6/30/09,7/2/09,22
LEPIDOPTERA,LYONETIDAE,7/11/09,7/20/09,3
LEPIDOPTERA,LYONETIDAE,7/21/09,7/27/09,16
LEPIDOPTERA,LYONETIDAE,7/28/09,8/2/09,41
LEPIDOPTERA,LYONETIDAE,7/3/09,7/10/09,7
LEPIDOPTERA,LYONETIDAE,8/10/09,8/16/09,16
LEPIDOPTERA,LYONETIDAE,8/17/09,8/20/09,4
LEPIDOPTERA,LYONETIDAE,8/21/09,8/25/09,5
LEPIDOPTERA,LYONETIDAE,8/26/09,8/27/09,2
LEPIDOPTERA,LYONETIDAE,8/28/09,8/31/09,1
LEPIDOPTERA,LYONETIDAE,8/3/09,8/6/09,31
LEPIDOPTERA,MOMPHIDAE,4/14/09,4/23/09,1
LEPIDOPTERA,MOMPHIDAE,5/15/09,5/19/09,1
LEPIDOPTERA,MOMPHIDAE,5/20/09,6/2/09,4
LEPIDOPTERA,MOMPHIDAE,7/11/09,7/20/09,2
LEPIDOPTERA,MOMPHIDAE,7/21/09,7/27/09,1
LEPIDOPTERA,MOMPHIDAE,7/28/09,8/2/09,2
LEPIDOPTERA,MOMPHIDAE,8/21/09,8/25/09,1
LEPIDOPTERA,MOMPHIDAE,8/28/09,8/31/09,1
LEPIDOPTERA,MOMPHIDAE,8/3/09,8/6/09,3
LEPIDOPTERA,NEPTICULIDAE,4/24/09,5/6/09,1
LEPIDOPTERA,NEPTICULIDAE,5/20/09,6/2/09,2
LEPIDOPTERA,NEPTICULIDAE,6/29/09,6/29/09,1
LEPIDOPTERA,NEPTICULIDAE,6/3/09,6/18/09,1
LEPIDOPTERA,NEPTICULIDAE,6/30/09,7/2/09,1
LEPIDOPTERA,NEPTICULIDAE,7/11/09,7/20/09,2
LEPIDOPTERA,NEPTICULIDAE,7/28/09,8/2/09,2
LEPIDOPTERA,NEPTICULIDAE,7/3/09,7/10/09,3
LEPIDOPTERA,NEPTICULIDAE,8/17/09,8/20/09,2
LEPIDOPTERA,NEPTICULIDAE,8/21/09,8/25/09,2
LEPIDOPTERA,NEPTICULIDAE,8/26/09,8/27/09,3
LEPIDOPTERA,NEPTICULIDAE,8/3/09,8/6/09,4
LEPIDOPTERA,NOCTUIDAE,3/13/09,3/17/09,1
LEPIDOPTERA,NOCTUIDAE,3/18/09,4/13/09,52
LEPIDOPTERA,NOCTUIDAE,4/14/09,4/23/09,12
LEPIDOPTERA,NOCTUIDAE,4/24/09,5/6/09,17
LEPIDOPTERA,NOCTUIDAE,5/15/09,5/19/09,7
LEPIDOPTERA,NOCTUIDAE,5/20/09,6/2/09,169
LEPIDOPTERA,NOCTUIDAE,5/7/09,5/14/09,10
LEPIDOPTERA,NOCTUIDAE,6/26/09,6/28/09,59
LEPIDOPTERA,NOCTUIDAE,6/29/09,6/29/09,27
LEPIDOPTERA,NOCTUIDAE,6/3/09,6/18/09,113
LEPIDOPTERA,NOCTUIDAE,6/30/09,7/2/09,75
LEPIDOPTERA,NOCTUIDAE,7/11/09,7/20/09,238
LEPIDOPTERA,NOCTUIDAE,7/21/09,7/27/09,134
LEPIDOPTERA,NOCTUIDAE,7/28/09,8/2/09,72
LEPIDOPTERA,NOCTUIDAE,7/3/09,7/10/09,209
LEPIDOPTERA,NOCTUIDAE,8/10/09,8/16/09,370
LEPIDOPTERA,NOCTUIDAE,8/17/09,8/20/09,197
LEPIDOPTERA,NOCTUIDAE,8/21/09,8/25/09,345
LEPIDOPTERA,NOCTUIDAE,8/26/09,8/27/09,219
LEPIDOPTERA,NOCTUIDAE,8/28/09,8/31/09,206
LEPIDOPTERA,NOCTUIDAE,8/3/09,8/6/09,119
LEPIDOPTERA,NOCTUIDAE,8/7/09,8/9/09,37
LEPIDOPTERA,NOCTUIDAE,9/1/09,9/2/09,23
LEPIDOPTERA,NOLIDAE,5/15/09,5/19/09,1
LEPIDOPTERA,NOLIDAE,5/20/09,6/2/09,2
LEPIDOPTERA,NOLIDAE,6/26/09,6/28/09,1
LEPIDOPTERA,NOLIDAE,6/30/09,7/2/09,2
LEPIDOPTERA,NOLIDAE,7/11/09,7/20/09,3
LEPIDOPTERA,NOLIDAE,7/21/09,7/27/09,1
LEPIDOPTERA,NOLIDAE,7/3/09,7/10/09,6
LEPIDOPTERA,NOLIDAE,8/10/09,8/16/09,2
LEPIDOPTERA,NOTODONTIDAE,4/24/09,5/6/09,1
LEPIDOPTERA,NOTODONTIDAE,5/20/09,6/2/09,1
LEPIDOPTERA,NOTODONTIDAE,7/11/09,7/20/09,1
LEPIDOPTERA,NOTODONTIDAE,7/21/09,7/27/09,2
LEPIDOPTERA,NOTODONTIDAE,7/3/09,7/10/09,1
LEPIDOPTERA,NOTODONTIDAE,8/10/09,8/16/09,5
LEPIDOPTERA,NOTODONTIDAE,8/21/09,8/25/09,1
LEPIDOPTERA,NOTODONTIDAE,8/3/09,8/6/09,2
LEPIDOPTERA,NYMPHALIDAE,8/3/09,8/6/09,1
LEPIDOPTERA,OECOPHORIDAE,5/20/09,6/2/09,15
LEPIDOPTERA,OECOPHORIDAE,5/7/09,5/14/09,2
LEPIDOPTERA,OECOPHORIDAE,6/26/09,6/28/09,9
LEPIDOPTERA,OECOPHORIDAE,6/29/09,6/29/09,9
LEPIDOPTERA,OECOPHORIDAE,6/3/09,6/18/09,3
LEPIDOPTERA,OECOPHORIDAE,6/30/09,7/2/09,74
LEPIDOPTERA,OECOPHORIDAE,7/11/09,7/20/09,182
LEPIDOPTERA,OECOPHORIDAE,7/21/09,7/27/09,41
LEPIDOPTERA,OECOPHORIDAE,7/28/09,8/2/09,21
LEPIDOPTERA,OECOPHORIDAE,7/3/09,7/10/09,144
LEPIDOPTERA,OECOPHORIDAE,8/10/09,8/16/09,24
LEPIDOPTERA,OECOPHORIDAE,8/17/09,8/20/09,3
LEPIDOPTERA,OECOPHORIDAE,8/21/09,8/25/09,7
LEPIDOPTERA,OECOPHORIDAE,8/26/09,8/27/09,5
LEPIDOPTERA,OECOPHORIDAE,8/28/09,8/31/09,4
LEPIDOPTERA,OECOPHORIDAE,8/3/09,8/6/09,15
LEPIDOPTERA,PLUTELLIDAE,5/15/09,5/19/09,1
LEPIDOPTERA,PLUTELLIDAE,5/20/09,6/2/09,4
LEPIDOPTERA,PLUTELLIDAE,6/26/09,6/28/09,7
LEPIDOPTERA,PLUTELLIDAE,6/29/09,6/29/09,14
LEPIDOPTERA,PLUTELLIDAE,6/3/09,6/18/09,1
LEPIDOPTERA,PLUTELLIDAE,6/30/09,7/2/09,118
LEPIDOPTERA,PLUTELLIDAE,7/11/09,7/20/09,71
LEPIDOPTERA,PLUTELLIDAE,7/21/09,7/27/09,25
LEPIDOPTERA,PLUTELLIDAE,7/28/09,8/2/09,10
LEPIDOPTERA,PLUTELLIDAE,7/3/09,7/10/09,95
LEPIDOPTERA,PLUTELLIDAE,8/10/09,8/16/09,33
LEPIDOPTERA,PLUTELLIDAE,8/17/09,8/20/09,4
LEPIDOPTERA,PLUTELLIDAE,8/21/09,8/25/09,3
LEPIDOPTERA,PLUTELLIDAE,8/26/09,8/27/09,4
LEPIDOPTERA,PLUTELLIDAE,8/28/09,8/31/09,4
LEPIDOPTERA,PLUTELLIDAE,8/3/09,8/6/09,51
LEPIDOPTERA,PLUTELLIDAE,8/7/09,8/9/09,1
LEPIDOPTERA,PLUTELLIDAE,9/1/09,9/2/09,1
LEPIDOPTERA,PTEROPHORIDAE,4/24/09,5/6/09,1
LEPIDOPTERA,PTEROPHORIDAE,8/10/09,8/16/09,1
LEPIDOPTERA,PTEROPHORIDAE,8/17/09,8/20/09,1
LEPIDOPTERA,PTEROPHORIDAE,8/26/09,8/27/09,1
LEPIDOPTERA,PTEROPHORIDAE,8/3/09,8/6/09,2
LEPIDOPTERA,PYRALIDAE,5/20/09,6/2/09,2
LEPIDOPTERA,PYRALIDAE,6/26/09,6/28/09,10
LEPIDOPTERA,PYRALIDAE,6/29/09,6/29/09,20
LEPIDOPTERA,PYRALIDAE,6/3/09,6/18/09,1
LEPIDOPTERA,PYRALIDAE,6/30/09,7/2/09,59
LEPIDOPTERA,PYRALIDAE,7/11/09,7/20/09,284
LEPIDOPTERA,PYRALIDAE,7/21/09,7/27/09,65
LEPIDOPTERA,PYRALIDAE,7/28/09,8/2/09,43
LEPIDOPTERA,PYRALIDAE,7/3/09,7/10/09,127
LEPIDOPTERA,PYRALIDAE,8/10/09,8/16/09,123
LEPIDOPTERA,PYRALIDAE,8/17/09,8/20/09,3
LEPIDOPTERA,PYRALIDAE,8/21/09,8/25/09,17
LEPIDOPTERA,PYRALIDAE,8/26/09,8/27/09,9
LEPIDOPTERA,PYRALIDAE,8/28/09,8/31/09,3
LEPIDOPTERA,PYRALIDAE,8/3/09,8/6/09,106
LEPIDOPTERA,PYRALIDAE,8/7/09,8/9/09,5
LEPIDOPTERA,PYRALIDAE,9/1/09,9/2/09,1
LEPIDOPTERA,SPHINGIDAE,5/20/09,6/2/09,2
LEPIDOPTERA,SPHINGIDAE,6/26/09,6/28/09,1
LEPIDOPTERA,SPHINGIDAE,6/3/09,6/18/09,1
LEPIDOPTERA,SPHINGIDAE,7/11/09,7/20/09,1
LEPIDOPTERA,SPHINGIDAE,7/3/09,7/10/09,1
LEPIDOPTERA,TINEIDAE,5/20/09,6/2/09,5
LEPIDOPTERA,TINEIDAE,6/30/09,7/2/09,12
LEPIDOPTERA,TINEIDAE,7/11/09,7/20/09,1
LEPIDOPTERA,TINEIDAE,7/21/09,7/27/09,1
LEPIDOPTERA,TINEIDAE,7/28/09,8/2/09,1
LEPIDOPTERA,TINEIDAE,7/3/09,7/10/09,2
LEPIDOPTERA,TINEIDAE,8/10/09,8/16/09,1
LEPIDOPTERA,TINEIDAE,8/26/09,8/27/09,1
LEPIDOPTERA,TISCHERIIDAE,6/30/09,7/2/09,1
LEPIDOPTERA,TISCHERIIDAE,7/3/09,7/10/09,3
LEPIDOPTERA,TISCHERIIDAE,8/10/09,8/16/09,2
LEPIDOPTERA,TISCHERIIDAE,8/21/09,8/25/09,2
LEPIDOPTERA,TORTRICIDAE,3/18/09,4/13/09,2
LEPIDOPTERA,TORTRICIDAE,5/15/09,5/19/09,1
LEPIDOPTERA,TORTRICIDAE,5/20/09,6/2/09,21
LEPIDOPTERA,TORTRICIDAE,6/26/09,6/28/09,53
LEPIDOPTERA,TORTRICIDAE,6/29/09,6/29/09,47
LEPIDOPTERA,TORTRICIDAE,6/3/09,6/18/09,5
LEPIDOPTERA,TORTRICIDAE,6/30/09,7/2/09,145
LEPIDOPTERA,TORTRICIDAE,7/11/09,7/20/09,225
LEPIDOPTERA,TORTRICIDAE,7/21/09,7/27/09,90
LEPIDOPTERA,TORTRICIDAE,7/28/09,8/2/09,78
LEPIDOPTERA,TORTRICIDAE,7/3/09,7/10/09,215
LEPIDOPTERA,TORTRICIDAE,8/10/09,8/16/09,64
LEPIDOPTERA,TORTRICIDAE,8/17/09,8/20/09,11
LEPIDOPTERA,TORTRICIDAE,8/21/09,8/25/09,16
LEPIDOPTERA,TORTRICIDAE,8/26/09,8/27/09,12
LEPIDOPTERA,TORTRICIDAE,8/28/09,8/31/09,8
LEPIDOPTERA,TORTRICIDAE,8/3/09,8/6/09,76
LEPIDOPTERA,TORTRICIDAE,8/7/09,8/9/09,8
LEPIDOPTERA,YPONOMEUTIDAE,5/20/09,6/2/09,6
LEPIDOPTERA,YPONOMEUTIDAE,6/26/09,6/28/09,5
LEPIDOPTERA,YPONOMEUTIDAE,6/29/09,6/29/09,9
LEPIDOPTERA,YPONOMEUTIDAE,6/30/09,7/2/09,215
LEPIDOPTERA,YPONOMEUTIDAE,7/11/09,7/20/09,9374
LEPIDOPTERA,YPONOMEUTIDAE,7/21/09,7/27/09,765
LEPIDOPTERA,YPONOMEUTIDAE,7/28/09,8/2/09,448
LEPIDOPTERA,YPONOMEUTIDAE,7/3/09,7/10/09,711
LEPIDOPTERA,YPONOMEUTIDAE,8/10/09,8/16/09,271
LEPIDOPTERA,YPONOMEUTIDAE,8/17/09,8/20/09,43
LEPIDOPTERA,YPONOMEUTIDAE,8/21/09,8/25/09,88
LEPIDOPTERA,YPONOMEUTIDAE,8/26/09,8/27/09,10
LEPIDOPTERA,YPONOMEUTIDAE,8/28/09,8/31/09,2
LEPIDOPTERA,YPONOMEUTIDAE,8/3/09,8/6/09,518
LEPIDOPTERA,YPONOMEUTIDAE,8/7/09,8/9/09,13
LEPIDOPTERA,YPONOMEUTIDAE,9/1/09,9/2/09,1
