city,survey_id,order,count
Sydney,Syd_2019,Coleoptera,30
Brisbane,Bri_2017,Coleoptera,25
Melbourne,Mel_2016,Hemiptera,0
Melbourne,Mel_2018,Hemiptera,12
Sydney,Syd_2018,Hemiptera,46
Melbourne,Mel_2019,Hemiptera,21
Melbourne,Mel_2019,Diptera,39
Sydney,Syd_2019,Lepidoptera,13
Brisbane,Bri_2019,Lepidoptera,38
Sydney,Syd_2018,Diptera,39
Melbourne,Mel_2019,Coleoptera,17
Brisbane,Bri_2017,Lepidoptera,46
Brisbane,Bri_2018,Diptera,28
Brisbane,Bri_2019,Diptera,33
Melbourne,Mel_2018,Diptera,26
Brisbane,Bri_2018,Coleoptera,45
Melbourne,Mel_2016,Diptera,18
Melbourne,Mel_2017,Hemiptera,48
Melbourne,Mel_2016,Lepidoptera,1
Sydney,Syd_2017,Diptera,36
Sydney,Syd_2017,Coleoptera,24
Brisbane,Bri_2016,Lepidoptera,43
Melbourne,Mel_2017,Coleoptera,23
Sydney,Syd_2019,Diptera,50
Melbourne,Mel_2017,Diptera,44
Melbourne,Mel_2019,Lepidoptera,33
Sydney,Syd_2018,Coleoptera,18
Brisbane,Bri_2016,Diptera,25
Melbourne,Mel_2017,Lepidoptera,19
Sydney,Syd_2017,Hemiptera,37
Sydney,Syd_2018,Lepidoptera,30
Brisbane,Bri_2016,Coleoptera,40
Sydney,Syd_2019,Hemiptera,18
Melbourne,Mel_2018,Lepidoptera,22
Melbourne,Mel_2018,Coleoptera,43
Sydney,Syd_2017,Lepidoptera,50
