city,survey_id,order,count
Melbourne,Mel_2019,Hemiptera,21
Brisbane,Bri_2018,Lepidoptera,38
Melbourne,Mel_2019,Lepidoptera,33
Brisbane,Bri_2016,Lepidoptera,43
Brisbane,Bri_2018,Coleoptera,45
Brisbane,Bri_2018,Diptera,28
Sydney,Syd_2017,Coleoptera,24
Brisbane,Bri_2019,Lepidoptera,38
Sydney,Syd_2018,Hemiptera,46
Sydney,Syd_2018,Lepidoptera,30
Sydney,Syd_2018,Diptera,39
Brisbane,Bri_2017,Diptera,23
Melbourne,Mel_2018,Coleoptera,43
Sydney,Syd_2017,Diptera,36
Melbourne,Mel_2019,Diptera,39
Brisbane,Bri_2017,Lepidoptera,46
Melbourne,Mel_2018,Diptera,26
Sydney,Syd_2019,Lepidoptera,13
Brisbane,Bri_2016,Diptera,25
Melbourne,Mel_2017,Coleoptera,23
Sydney,Syd_2017,Hemiptera,37
Brisbane,Bri_2019,Diptera,33
Brisbane,Bri_2019,Coleoptera,30
Sydney,Syd_2018,Coleoptera,18
Melbourne,Mel_2016,Hemiptera,0
Melbourne,Mel_2018,Lepidoptera,22
Melbourne,Mel_2018,Hemiptera,12
Melbourne,Mel_2016,Diptera,18
Sydney,Syd_2019,Diptera,50
Brisbane,Bri_2016,Coleoptera,40
Melbourne,Mel_2016,Lepidoptera,1
Melbourne,Mel_2017,Hemiptera,48
Sydney,Syd_2017,Lepidoptera,50
Melbourne,Mel_2017,Lepidoptera,19
Sydney,Syd_2019,Hemiptera,18
Sydney,Syd_2019,Coleoptera,30
