Sample ID,Ammonium Nitrogen [mg/kg],Australian Soil Classification,Boron Hot Cacl2 [mg/kg],Broad Land Use,Clay [%],Color,Conductivity Dsm [ds/m],Course Sand [%],Date Sampled,Depth [m],Detailed Land Use,Dtpa Copper [mg/kg],Dtpa Iron [mg/kg],Dtpa Manganese [mg/kg],Dtpa Zinc [mg/kg],Elevation,Environment,Exc Aluminium [meq/100g],Exc Calcium [meq/100g],Exc Magnesium [meq/100g],Exc Potassium [meq/100g],Exc Sodium [meq/100g],Fine Sand [%],General Ecological Zone,Geo Loc [country:subregion],Gravel [%],Latitude [decimal degrees],Location Description,Longitude [decimal degrees],Ncbi Bioproject Accession,Ncbi Biosample Accession,Nitrate Nitrogen [mg/kg],Organic Carbon [%],Ph Level Cacl2 [cacl2],Ph Level H2o [h2o],Phosphorus Colwell [mg/kg],Potassium Colwell [mg/kg],Sample Type,Sand [%],Silt [%],Slope [%],"Slope Aspect [direction or degrees; e.g., nw or 315°]",Soil Moisture [%],Sulphur [mg/kg],Texture,Vegetation Type
102.100.100/19453,5,,0.19,Conservation and Natural Environments,7.7,GRBR,0.02,58.7,18/2/15,0,Production from Dryland Agriculture and Plantations - Grazing modified pastures - Native/exotic pasture mosaic,0.4,30.48,22.77,1.22,21,Soil,0.168,0.93,0.26,0.15,0.02,23.84,Temperate,Australia,5,-33.60963,Hawkesbury,150.73733,PRJNA317932,SAMN07488508,4,0.78,4.7,5.8,9,58,Soil,82.55,9.75,0,,7.344862665,2.3,2,Grassland
102.100.100/19454,2,,0.14,Conservation and Natural Environments,5.74,LTGR,1.00E-10,59.12,18/2/15,20,Production from Dryland Agriculture and Plantations - Grazing modified pastures - Native/exotic pasture mosaic,0.13,9.36,8.89,0.14,21,Soil,0.157,0.38,0.1,0.06,0.01,23.48,Temperate,Australia,5,-33.60963,Hawkesbury,150.73733,PRJNA317932,SAMN07488509,1.00E-10,0.25,5,6.2,1.00E-10,23,Soil,82.6,11.67,0,,7.228400342,1.1,1.5,Grassland
102.100.100/19455,9,,0.16,Conservation and Natural Environments,7.61,GR,0.015,61.01,18/2/15,0,Production from Dryland Agriculture and Plantations - Grazing modified pastures - Native/exotic pasture mosaic,0.16,41.44,9.3,1.04,24,Soil,0.2,0.51,0.19,0.13,0.01,23.66,Temperate,Australia,5,-33.61008,Hawkesbury,150.73693,PRJNA317932,SAMN07488510,4,0.77,4.6,5.7,9,55,Soil,84.67,7.71,0,,10.50164088,3.2,1.5,Grassland
102.100.100/19456,3,,0.11,Conservation and Natural Environments,7.59,LTGR,1.00E-10,58.74,18/2/15,20,Production from Dryland Agriculture and Plantations - Grazing modified pastures - Native/exotic pasture mosaic,0.11,23.83,7.2,0.31,24,Soil,0.237,0.24,0.07,0.09,0.01,24.06,Temperate,Australia,5,-33.61008,Hawkesbury,150.73693,PRJNA317932,SAMN07488511,2,0.39,4.6,5.7,4,33,Soil,82.8,9.61,0,,9.702780441,1.7,1.5,Grassland
102.100.100/19457,11,,0.16,Conservation and Natural Environments,5.72,BRGR,0.032,76.72,18/2/15,0,Production from Dryland Agriculture and Plantations - Grazing modified pastures - Native/exotic pasture mosaic,0.21,13.45,29.19,2.01,29,Soil,0.035,1.46,0.44,0.22,0.01,11.74,Temperate,Australia,5,-33.6123,Hawkesbury,150.73895,PRJNA317932,SAMN07488512,10,0.94,5.4,6.2,9,95,Soil,88.46,5.82,0,,5.795373241,3.7,1.5,Grassland
102.100.100/19458,3,,0.14,Conservation and Natural Environments,5.7,LTBR,0.015,77.9,18/2/15,20,Production from Dryland Agriculture and Plantations - Grazing modified pastures - Native/exotic pasture mosaic,0.24,9.16,14.58,0.67,29,Soil,0.034,0.91,0.29,0.26,0.01,10.62,Temperate,Australia,5,-33.6123,Hawkesbury,150.73895,PRJNA317932,SAMN07488513,4,0.38,5.6,6.3,4,110,Soil,88.51,5.79,0,,6.832579186,2,1.5,Grassland
102.100.100/19459,8,,0.18,Conservation and Natural Environments,5.97,GR,0.011,69.04,18/2/15,0,Production from Dryland Agriculture and Plantations - Grazing modified pastures - Native/exotic pasture mosaic,0.2,43.98,12.19,0.79,31,Soil,0.193,0.5,0.18,0.12,0.02,16.89,Temperate,Australia,5,-33.61292,Hawkesbury,150.73795,PRJNA317932,SAMN07488514,1.00E-10,0.77,4.6,5.8,8,46,Soil,85.94,8.09,0,,8.310194367,2.6,1.5,Grassland
102.100.100/19460,3,,0.14,Conservation and Natural Environments,7.59,LTGR,1.00E-10,61.22,18/2/15,20,Production from Dryland Agriculture and Plantations - Grazing modified pastures - Native/exotic pasture mosaic,0.14,16.43,8.83,0.13,31,Soil,0.219,0.22,0.07,0.06,0.01,25.42,Temperate,Australia,5,-33.61292,Hawkesbury,150.73795,PRJNA317932,SAMN07488515,1.00E-10,0.37,4.6,5.6,5,23,Soil,86.64,5.77,0,,7.919644582,1.8,1.5,Grassland
102.100.100/19461,6,,0.2,Conservation and Natural Environments,5.76,GRBR,0.018,73,18/2/15,0,Production from Dryland Agriculture and Plantations - Grazing modified pastures - Native/exotic pasture mosaic,0.05,34.14,9.9,1.46,31,Soil,0.08,0.8,0.24,0.13,1.00E-10,15.38,Temperate,Australia,5,-33.6126,Hawkesbury,150.73769,PRJNA317932,SAMN07488516,1.00E-10,0.79,5.1,6.3,17,53,Soil,88.38,5.86,0,,5.341040462,2.8,1.5,Grassland
102.100.100/19462,3,,0.13,Conservation and Natural Environments,5.78,LTGR,1.00E-10,71.55,18/2/15,20,Production from Dryland Agriculture and Plantations - Grazing modified pastures - Native/exotic pasture mosaic,0.07,19.54,6.92,0.19,31,Soil,0.182,0.2,0.07,0.12,0.01,14.84,Temperate,Australia,5,-33.6126,Hawkesbury,150.73769,PRJNA317932,SAMN07488517,1.00E-10,0.37,4.9,6.1,7,46,Soil,86.39,7.84,0,,5.960967331,2.8,1.5,Grassland
102.100.100/19463,16,,0.48,Conservation and Natural Environments,19.55,GR,0.034,2.01,18/2/15,0,Production from Dryland Agriculture and Plantations - Grazing modified pastures - Native/exotic pasture mosaic,1.03,106.81,12.39,2.07,29,Soil,1.358,1.06,0.2,0.27,0.03,52.9,Temperate,Australia,5,-33.61565,Hawkesbury,150.73618,PRJNA317932,SAMN07488518,17,2.44,4.3,5.2,16,110,Soil,54.91,25.54,0,,22.24888584,7.1,2,Grassland
102.100.100/19464,4,,0.43,Conservation and Natural Environments,18.01,GR,0.036,1.86,18/2/15,20,Production from Dryland Agriculture and Plantations - Grazing modified pastures - Native/exotic pasture mosaic,0.82,79.12,5.32,1.07,29,Soil,0.912,1.09,0.3,0.14,0.07,53.97,Temperate,Australia,5,-33.61565,Hawkesbury,150.73618,PRJNA317932,SAMN07488519,7,2.08,4.5,5.4,11,55,Soil,55.83,26.16,0,,19.07915484,12.3,2,Grassland
102.100.100/19465,23,,0.49,Conservation and Natural Environments,25.96,GR,0.034,1.32,18/2/15,0,Production from Dryland Agriculture and Plantations - Grazing modified pastures - Native/exotic pasture mosaic,0.96,87.95,11.54,1.51,27,Soil,1.149,1.54,0.39,0.25,0.05,44.65,Temperate,Australia,5,-33.61623,Hawkesbury,150.736,PRJNA317932,SAMN07488520,15,2.72,4.5,5.4,13,96,Soil,45.97,28.07,0,,33.07247363,7.7,2,Grassland
102.100.100/19466,4,,0.25,Conservation and Natural Environments,19.02,LTGR,0.016,9.94,18/2/15,20,Production from Dryland Agriculture and Plantations - Grazing modified pastures - Native/exotic pasture mosaic,0.21,28.37,3.34,0.22,27,Soil,0.52,0.92,0.21,0.17,0.03,50,Temperate,Australia,5,-33.61623,Hawkesbury,150.736,PRJNA317932,SAMN07488521,4,1.25,4.7,5.8,8,66,Soil,59.94,21.03,0,,16.9921875,3.6,2,Grassland
102.100.100/19467,37,,0.82,Conservation and Natural Environments,24.97,DKGR,0.065,0.57,18/2/15,0,Production from Dryland Agriculture and Plantations - Grazing modified pastures - Native/exotic pasture mosaic,1.19,146,16.84,3.44,27,Soil,1.423,2.55,0.81,0.45,0.06,43.1,Temperate,Australia,5,-33.61745,Hawkesbury,150.73612,PRJNA317932,SAMN07488522,23,3.4,4.4,5.2,22,176,Soil,43.68,31.35,0,,27.63649963,11.8,2,Grassland
102.100.100/19468,15,,0.42,Conservation and Natural Environments,23.66,GR,0.035,0.74,18/2/15,20,Production from Dryland Agriculture and Plantations - Grazing modified pastures - Native/exotic pasture mosaic,0.67,79.28,7.6,1.12,27,Soil,1.073,1.56,0.39,0.31,0.05,45.89,Temperate,Australia,5,-33.61745,Hawkesbury,150.73612,PRJNA317932,SAMN07488523,11,2.5,4.6,5.7,7,121,Soil,46.63,29.7,0,,22.48835662,5.3,2,Grassland
102.100.100/19469,14,,0.37,Conservation and Natural Environments,46.96,DKGR,0.11,1.69,18/2/15,0,Water - Marsh/wetland - Marsh/wetland - conservation,1.16,242.45,14.64,1.88,31,Soil,1.122,2.87,1.9,1.27,0.26,24.76,Temperate,Australia,5,-33.62103,Hawkesbury,150.73385,PRJNA317932,SAMN07488524,22,4.32,4.6,5.5,10,494,Soil,26.45,26.6,0,,75.53256239,16.2,2,Marsh/bog
102.100.100/19470,7,,0.22,Conservation and Natural Environments,44.75,GR,0.03,3.31,18/2/15,20,Water - Marsh/wetland - Marsh/wetland - conservation,0.71,115.21,8.99,0.5,31,Soil,0.551,1.78,2.02,1.15,0.26,27.47,Temperate,Australia,5,-33.62103,Hawkesbury,150.73385,PRJNA317932,SAMN07488525,5,1.8,4.8,5.9,4,448,Soil,30.78,24.46,0,,25.93923554,8.9,2,Marsh/bog
102.100.100/19471,77,,0.6,Conservation and Natural Environments,44.04,DKGR,0.224,2.89,18/2/15,0,Water - Marsh/wetland - Marsh/wetland - conservation,2.04,682.04,98.65,6.1,31,Soil,1.427,4.02,1.95,1.66,0.48,23.65,Temperate,Australia,5,-33.62067,Hawkesbury,150.73375,PRJNA317932,SAMN07488526,47,5.95,4.5,5.3,16,646,Soil,26.54,29.43,0,,98.15251572,32.3,2,Marsh/bog
102.100.100/19472,11,,0.22,Conservation and Natural Environments,39.62,GR,0.08,3.92,18/2/15,20,Water - Marsh/wetland - Marsh/wetland - conservation,0.81,182.1,21.1,0.57,31,Soil,1.127,1.52,1.09,1.28,0.31,32.62,Temperate,Australia,5,-33.62067,Hawkesbury,150.73375,PRJNA317932,SAMN07488527,10,3.73,4.7,5.7,6,497,Soil,36.54,23.83,0,,23.47727273,17.5,2,Marsh/bog
102.100.100/19473,87,,0.68,Conservation and Natural Environments,49.49,DKGR,0.161,3.23,18/2/15,0,Water - Marsh/wetland - Marsh/wetland - conservation,0.87,495.5,14.33,3.72,34,Soil,1.834,3.62,1.9,1.27,0.33,21.4,Temperate,Australia,5,-33.62075,Hawkesbury,150.73423,PRJNA317932,SAMN07488528,39,5.59,4.4,5.2,12,494,Soil,24.64,25.88,0,,103.3275713,28.2,2,Marsh/bog
102.100.100/19474,22,,0.2,Conservation and Natural Environments,37.86,GR,0.088,4.95,18/2/15,20,Water - Marsh/wetland - Marsh/wetland - conservation,0.72,142.15,17.47,0.67,34,Soil,0.568,1.19,1.73,1.39,0.37,33.22,Temperate,Australia,5,-33.62075,Hawkesbury,150.73423,PRJNA317932,SAMN07488529,3,1.88,4.8,5.8,4,543,Soil,38.16,23.98,0,,,8.2,2,Marsh/bog
102.100.100/19475,9,,0.29,Conservation and Natural Environments,9.93,LTGR,0.025,30.61,18/2/15,0,Conservation and Natural Environments - Nature conservation - Habitat/species management area,0.15,35.09,23.9,1.42,33,Soil,0.043,2.89,0.52,0.18,0.03,47.42,Temperate,Australia,5,-33.6213,Hawkesbury,150.7354,PRJNA317932,SAMN07488530,15,1.28,4.9,5.9,5,70,Soil,78.02,12.04,0,,8.904109589,3.9,2,Woodland
102.100.100/19476,4,,0.21,Conservation and Natural Environments,7.69,GRWH,0.01,32.12,18/2/15,20,Conservation and Natural Environments - Nature conservation - Habitat/species management area,0.1,20.18,9.73,0.42,33,Soil,0.044,1.5,0.38,0.15,0.02,46.57,Temperate,Australia,5,-33.6213,Hawkesbury,150.7354,PRJNA317932,SAMN07488531,4,0.7,5.1,6.2,4,70,Soil,78.69,13.63,0,,5.41472318,2.6,2,Woodland
102.100.100/19477,5,,0.33,Conservation and Natural Environments,7.83,LTGR,0.032,39.74,18/2/15,0,Conservation and Natural Environments - Nature conservation - Habitat/species management area,0.05,34.57,18.97,1.71,35,Soil,0.049,1.77,0.51,0.24,0.04,40.54,Temperate,Australia,5,-33.62083,Hawkesbury,150.73577,PRJNA317932,SAMN07488532,7,1.02,4.9,5.9,4,92,Soil,80.28,11.89,0,,4.607922393,2.9,2,Woodland
102.100.100/19478,6,,0.28,Conservation and Natural Environments,5.71,GRWH,0.024,36.85,18/2/15,20,Conservation and Natural Environments - Nature conservation - Habitat/species management area,0.04,23.49,12.76,1,35,Soil,0.048,1.28,0.38,0.21,0.03,45.81,Temperate,Australia,5,-33.62083,Hawkesbury,150.73577,PRJNA317932,SAMN07488533,5,0.69,5.1,6.1,4,81,Soil,82.66,11.62,0,,5.985191279,2.4,2,Woodland
102.100.100/19479,5,,0.42,Conservation and Natural Environments,20.62,BRGR,0.036,11.3,19/2/15,0,Conservation and Natural Environments - Nature conservation - Habitat/species management area,0.21,471.19,15.43,1.03,28,Soil,1.186,1.22,2.09,0.23,0.4,41.14,Temperate,Australia,5,-33.61517,Hawkesbury,150.72268,PRJNA317932,SAMN07488534,1.00E-10,2.91,4.2,5.4,4,110,Soil,52.43,26.94,0,,7.938718663,5.4,2,Woodland
102.100.100/19480,1,,0.47,Conservation and Natural Environments,37.68,BRYW,0.115,6.47,19/2/15,20,Conservation and Natural Environments - Nature conservation - Habitat/species management area,0.22,83.35,1.34,0.24,28,Soil,0.301,0.1,8.22,0.14,3.05,31.3,Temperate,Australia,5,-33.61517,Hawkesbury,150.72268,PRJNA317932,SAMN07488535,1.00E-10,0.35,4.6,6,3,55,Soil,37.77,24.55,0,,12.19074222,42.5,2,Woodland
102.100.100/19481,11,,0.76,Conservation and Natural Environments,13.84,GR,0.052,10.71,19/2/15,0,Conservation and Natural Environments - Nature conservation - Habitat/species management area,0.17,430.29,26.32,1.45,32,Soil,1.048,1.12,1.32,0.29,0.44,47.56,Temperate,Australia,5,-33.61583,Hawkesbury,150.72482,PRJNA317932,SAMN07488536,5,3.18,4.1,5.3,7,129,Soil,58.27,27.89,0,,13.50259665,7,2,Woodland
102.100.100/19482,2,,0.53,Conservation and Natural Environments,47.3,BRYW,0.101,7.05,19/2/15,20,Conservation and Natural Environments - Nature conservation - Habitat/species management area,0.21,120.67,1.85,0.22,32,Soil,0.219,0.13,6.39,0.14,2.26,29.05,Temperate,Australia,5,-33.61583,Hawkesbury,150.72482,PRJNA317932,SAMN07488537,1.00E-10,0.44,4.7,6.1,3,55,Soil,36.1,16.6,0,,15.03240644,9.7,2,Woodland
102.100.100/19483,17,,0.59,Conservation and Natural Environments,22.15,LTGR,0.023,2.33,19/2/15,0,Conservation and Natural Environments - Nature conservation - Habitat/species management area,0.39,233.7,22.34,1.42,37,Soil,0.84,1.32,0.82,0.27,0.12,33.03,Temperate,Australia,5,-33.61353,Hawkesbury,150.72493,PRJNA317932,SAMN07488538,8,3.76,4.1,5.3,7,104,Soil,35.36,42.49,0,,9.172510519,6.6,2,Woodland
102.100.100/19484,3,,0.36,Conservation and Natural Environments,43.66,GRWH,0.025,6.86,19/2/15,20,Conservation and Natural Environments - Nature conservation - Habitat/species management area,0.07,196.1,2.14,0.31,37,Soil,1.557,0.12,2.67,0.14,0.54,21.63,Temperate,Australia,5,-33.61353,Hawkesbury,150.72493,PRJNA317932,SAMN07488539,1.00E-10,0.67,3.8,5.2,3,56,Soil,28.49,27.85,0,,12.56608377,4.4,2,Woodland
102.100.100/19485,7,,0.26,Conservation and Natural Environments,5.84,GR,0.023,71.17,19/2/15,0,Production from Dryland Agriculture and Plantations - Grazing modified pastures - Native/exotic pasture mosaic,0.17,73.56,8.52,0.96,35,Soil,0.251,0.51,0.15,0.1,0.04,13.11,Temperate,Australia,5,-33.61285,Hawkesbury,150.72975,PRJNA317932,SAMN07488540,3,0.83,4.3,5.3,22,39,Soil,84.27,9.89,0,,10.7012861,3.8,2,Grassland
102.100.100/19486,1,,0.14,Conservation and Natural Environments,5.53,GRWH,1.00E-10,63.34,19/2/15,20,Production from Dryland Agriculture and Plantations - Grazing modified pastures - Native/exotic pasture mosaic,0.13,13.24,2.67,0.07,35,Soil,0.171,0.14,0.06,0.03,0.02,23.63,Temperate,Australia,5,-33.61285,Hawkesbury,150.72975,PRJNA317932,SAMN07488541,1.00E-10,0.2,4.7,5.5,2,1.50E-10,Soil,86.97,7.5,0,,9.081653431,3.3,1.5,Grassland
102.100.100/19487,5,,0.21,Conservation and Natural Environments,9.85,GR,0.024,42.22,23/2/15,0,Production from Dryland Agriculture and Plantations - Grazing modified pastures - Native/exotic pasture mosaic,0.4,156.41,11.21,4.32,38,Soil,0.235,1.36,0.4,0.32,0.02,39.98,Temperate,Australia,5,-33.60465,Hawkesbury,150.7304,PRJNA317932,SAMN07488542,10,1.31,4.4,5.4,57,133,Soil,82.2,7.96,0,,11.5920763,4.9,2,Grassland
102.100.100/19488,2,,0.16,Conservation and Natural Environments,9.4,GRBR,0.013,37.02,23/2/15,20,Production from Dryland Agriculture and Plantations - Grazing modified pastures - Native/exotic pasture mosaic,0.43,142.58,4.98,1.65,38,Soil,0.303,0.89,0.25,0.19,0.02,42.19,Temperate,Australia,5,-33.60465,Hawkesbury,150.7304,PRJNA317932,SAMN07488543,3,0.79,4.4,5.5,65,99,Soil,79.21,11.39,0,,9.083665339,2.2,2,Grassland
102.100.100/19489,6,,0.23,Conservation and Natural Environments,7.76,LTBR,0.029,35.84,23/2/15,0,Production from Dryland Agriculture and Plantations - Grazing modified pastures - Native/exotic pasture mosaic,0.37,44.91,51.24,1.62,40,Soil,0.165,1.3,0.31,0.24,0.04,38.73,Temperate,Australia,5,-33.60518,Hawkesbury,150.7298,PRJNA317932,SAMN07488544,10,1.02,4.6,5.6,25,107,Soil,74.57,17.67,0,,13.83304196,4.4,2,Grassland
102.100.100/19490,2,,0.15,Conservation and Natural Environments,9.66,LTBR,0.01,32.6,23/2/15,20,Production from Dryland Agriculture and Plantations - Grazing modified pastures - Native/exotic pasture mosaic,0.39,16.06,21.47,0.49,40,Soil,0.077,1.24,0.24,0.13,0.02,40.17,Temperate,Australia,5,-33.60518,Hawkesbury,150.7298,PRJNA317932,SAMN07488545,3,0.39,4.9,5.9,7,57,Soil,72.77,17.57,0,,10.8379229,2,2,Grassland
102.100.100/19491,10,,0.16,Conservation and Natural Environments,9.64,BR,0.034,69.43,23/2/15,0,Production from Dryland Agriculture and Plantations - Grazing modified pastures - Native/exotic pasture mosaic,0.61,35,72.07,1.6,42,Soil,0.156,1.31,0.27,0.24,0.01,15.09,Temperate,Australia,5,-33.60617,Hawkesbury,150.73035,PRJNA317932,SAMN07488546,8,0.93,4.6,5.5,45,106,Soil,84.52,5.84,0,,9.893550407,2.9,2,Grassland
102.100.100/19492,3,,0.16,Conservation and Natural Environments,9.4,DKBR,0.013,69.52,23/2/15,20,Production from Dryland Agriculture and Plantations - Grazing modified pastures - Native/exotic pasture mosaic,0.54,18.47,67.06,0.41,42,Soil,0.182,0.98,0.23,0.23,0.01,13.49,Temperate,Australia,5,-33.60617,Hawkesbury,150.73035,PRJNA317932,SAMN07488547,1,0.39,4.8,5.9,19,104,Soil,83,7.6,0,,5.872518286,1.4,2,Grassland
102.100.100/19493,4,,0.11,Conservation and Natural Environments,5.79,GRBR,0.018,84.88,23/2/15,0,Production from Dryland Agriculture and Plantations - Grazing modified pastures - Native/exotic pasture mosaic,0.03,24.73,12.85,1.23,40,Soil,0.086,0.53,0.2,0.16,1.00E-10,7.36,Temperate,Australia,0,-33.60942,Hawkesbury,150.73138,PRJNA317932,SAMN07488548,5,0.54,4.6,5.7,22,70,Soil,92.24,1.96,0,,7.154953429,2.1,1.5,Grassland
102.100.100/19494,2,,1.00E-10,Conservation and Natural Environments,5.74,GRBR,0.013,85.17,23/2/15,20,Production from Dryland Agriculture and Plantations - Grazing modified pastures - Native/exotic pasture mosaic,0.15,15.08,7.18,0.31,40,Soil,0.14,0.18,0.06,0.11,1.00E-10,5.2,Temperate,Australia,5,-33.60942,Hawkesbury,150.73138,PRJNA317932,SAMN07488549,1,0.25,4.7,5.2,32,47,Soil,90.37,3.89,0,,4.018811458,1,1,Grassland
102.100.100/19495,7,,0.14,Conservation and Natural Environments,4.11,GR,0.048,82.47,23/2/15,0,Production from Dryland Agriculture and Plantations - Grazing modified pastures - Native/exotic pasture mosaic,0.12,34.05,16.53,1.62,40,Soil,0.127,0.89,0.2,0.16,1.00E-10,11.32,Temperate,Australia,5,-33.60955,Hawkesbury,150.7324,PRJNA317932,SAMN07488550,18,0.78,4.4,5.1,28,62,Soil,93.79,2.11,0,,6.924234822,2.6,1,Grassland
102.100.100/19496,1,,0.11,Conservation and Natural Environments,3.98,LTGR,0.015,81.51,23/2/15,20,Production from Dryland Agriculture and Plantations - Grazing modified pastures - Native/exotic pasture mosaic,0.19,19.87,6.41,0.36,40,Soil,0.073,0.65,0.07,0.09,1.00E-10,10.42,Temperate,Australia,5,-33.60955,Hawkesbury,150.7324,PRJNA317932,SAMN07488551,3,0.31,5,5.7,19,37,Soil,91.93,4.09,0,,6.26924769,1,1,Grassland
102.100.100/19497,2,,0.12,Conservation and Natural Environments,2.01,GRBR,0.019,91.61,23/2/15,0,Production from Dryland Agriculture and Plantations - Grazing modified pastures - Native/exotic pasture mosaic,0.16,26.02,9.03,0.79,40,Soil,0.184,0.36,0.09,0.09,1.00E-10,4.28,Temperate,Australia,5,-33.60897,Hawkesbury,150.7254,PRJNA317932,SAMN07488552,3,0.41,5.3,6.1,19,42,Soil,95.88,2.11,0,,6.59160696,1.1,1,Grassland
102.100.100/19498,1,,0.13,Conservation and Natural Environments,3.83,LTGR,1.00E-10,84.18,23/2/15,20,Production from Dryland Agriculture and Plantations - Grazing modified pastures - Native/exotic pasture mosaic,0.07,12.06,4.18,0.31,40,Soil,0.13,0.19,0.05,0.08,1.00E-10,11.99,Temperate,Australia,5,-33.60897,Hawkesbury,150.7254,PRJNA317932,SAMN07488553,1,0.21,4.9,5.7,11,30,Soil,96.17,1.00E-10,0,,4.791522691,0.7,1,Grassland
102.100.100/19499,15,,0.2,Conservation and Natural Environments,5.97,GR,0.04,74.73,23/2/15,0,Production from Dryland Agriculture and Plantations - Grazing modified pastures - Native/exotic pasture mosaic,0.19,54.49,10.71,1.78,38,Soil,0.195,0.9,0.29,0.23,0.03,13.22,Temperate,Australia,5,-33.6113,Hawkesbury,150.7284,PRJNA317932,SAMN07488554,6,1.14,4.7,5.6,12,91,Soil,87.95,6.08,0,,11.14818449,5.3,1,Grassland
102.100.100/19500,2,,0.12,Conservation and Natural Environments,6.02,LTGR,0.011,71.19,23/2/15,20,Production from Dryland Agriculture and Plantations - Grazing modified pastures - Native/exotic pasture mosaic,0.07,28.55,2.02,0.16,38,Soil,0.256,0.2,0.07,0.08,0.01,16.68,Temperate,Australia,5,-33.6113,Hawkesbury,150.7284,PRJNA317932,SAMN07488555,2,0.4,4.7,5.3,8,32,Soil,87.86,6.12,0,,9.359726295,2.1,1,Grassland
102.100.100/19501,7,,0.25,Conservation and Natural Environments,4.05,GR,0.025,75.16,23/2/15,0,Conservation and Natural Environments - Nature conservation - Habitat/species management area,0.16,62.9,15.93,1.13,36,Soil,0.486,0.66,0.21,0.12,0.02,10.43,Temperate,Australia,5,-33.61158,Hawkesbury,150.72577,PRJNA317932,SAMN07488556,4,1.35,4.4,5.1,4,51,Soil,85.58,10.37,0,,4.96150556,3.8,1.5,Woodland
102.100.100/19502,3,,0.2,Conservation and Natural Environments,5.93,LTGR,0.014,70.79,23/2/15,20,Conservation and Natural Environments - Nature conservation - Habitat/species management area,0.1,38.98,11.88,0.53,36,Soil,0.414,0.27,0.15,0.11,0.02,13.22,Temperate,Australia,5,-33.61158,Hawkesbury,150.72577,PRJNA317932,SAMN07488557,1,0.77,4.5,5.2,3,45,Soil,84.01,10.06,0,,2.337195366,2.5,1.5,Woodland
102.100.100/19503,12,,0.35,Conservation and Natural Environments,6.24,BRYW,0.026,21.14,23/2/15,0,Conservation and Natural Environments - Nature conservation - Habitat/species management area,0.2,176.62,35.85,1.1,31,Soil,0.339,0.68,0.58,0.15,0.12,38.79,Temperate,Australia,5,-33.60885,Hawkesbury,150.72258,PRJNA317932,SAMN07488558,4,1.81,4.6,5.4,5,72,Soil,59.94,33.83,0,,12.20901436,4,2,Woodland
102.100.100/19504,6,,0.21,Conservation and Natural Environments,6.24,GRWH,0.015,22.9,23/2/15,20,Conservation and Natural Environments - Nature conservation - Habitat/species management area,0.1,51.04,21.6,0.29,31,Soil,0.141,0.21,0.39,0.15,0.05,43.36,Temperate,Australia,5,-33.60885,Hawkesbury,150.72258,PRJNA317932,SAMN07488559,1,0.63,4.9,5.8,3,64,Soil,66.26,27.5,0,,7.976756471,3.8,2,Woodland
102.100.100/19505,11,,0.3,Conservation and Natural Environments,3.93,GR,0.045,69.02,23/2/15,0,Conservation and Natural Environments - Nature conservation - Habitat/species management area,0.21,94.95,29.79,2.97,38,Soil,0.283,1.12,0.43,0.21,0.03,16.98,Temperate,Australia,5,-33.6145,Hawkesbury,150.72878,PRJNA317932,SAMN07488560,8,1.2,4.4,5.3,5,87,Soil,85.99,10.08,0,,9.092854086,3.9,1.5,Woodland
102.100.100/19506,3,,0.21,Conservation and Natural Environments,3.97,LTGR,0.015,65.77,23/2/15,20,Conservation and Natural Environments - Nature conservation - Habitat/species management area,0.09,58.45,5.63,0.55,38,Soil,0.346,0.18,0.17,0.16,0.05,18.06,Temperate,Australia,5,-33.6145,Hawkesbury,150.72878,PRJNA317932,SAMN07488561,2,0.56,4.7,5.4,3,62,Soil,83.83,12.21,0,,3.03474257,2.2,1.5,Woodland
102.100.100/19507,11,,1.1,Conservation and Natural Environments,16.47,BRBK,0.071,11.76,25/2/15,0,Conservation and Natural Environments - Nature conservation - Habitat/species management area,0.54,94.17,90.53,6.78,29,Soil,0.053,19.27,3.32,0.48,0.18,38.63,Temperate,Australia,5,-33.61007,Hawkesbury,150.71983,PRJNA317932,SAMN07488562,17,4.66,5.1,5.9,12,225,Soil,50.39,33.14,0,,11.79775281,6.8,2,Woodland
102.100.100/19508,2,,0.37,Conservation and Natural Environments,12.23,GRWH,0.052,14.59,25/2/15,20,Conservation and Natural Environments - Nature conservation - Habitat/species management area,0.04,7.17,6.85,0.22,29,Soil,0.041,7.39,0.4,0.14,0.09,48.51,Temperate,Australia,5,-33.61007,Hawkesbury,150.71983,PRJNA317932,SAMN07488563,1.00E-10,0.51,7,7.6,3,65,Soil,63.1,24.67,0,,4.972095383,1.4,2,Woodland
102.100.100/19509,18,,0.51,Conservation and Natural Environments,24.09,GR,0.061,6.4,25/2/15,0,Conservation and Natural Environments - Nature conservation - Habitat/species management area,0.82,253.33,102.78,2.86,32,Soil,1.135,1.51,0.95,0.61,0.1,37.25,Temperate,Australia,5,-33.61072,Hawkesbury,150.72043,PRJNA317932,SAMN07488564,9,3.7,4,5,12,244,Soil,43.65,32.26,0,,9.47193938,10,2,Woodland
102.100.100/19510,2,,0.2,Conservation and Natural Environments,69.04,YWBR,0.204,1.98,25/2/15,20,Conservation and Natural Environments - Nature conservation - Habitat/species management area,0.76,90.51,41.03,0.86,32,Soil,0.992,0.87,10.68,0.27,2.41,11.21,Temperate,Australia,5,-33.61072,Hawkesbury,150.72043,PRJNA317932,SAMN07488565,1,0.83,4.4,5.4,4,106,Soil,13.18,17.78,0,,23.55065196,10.8,2.5,Woodland
102.100.100/19511,6,,0.32,Conservation and Natural Environments,8.12,LTGR,0.03,72.46,25/2/15,0,Conservation and Natural Environments - Nature conservation - Habitat/species management area,0.14,67.26,34.4,0.77,38,Soil,0.339,0.61,0.33,0.14,0.05,15.31,Temperate,Australia,5,-33.61255,Hawkesbury,150.72095,PRJNA317932,SAMN07488566,1,1.22,4.4,5.2,3,62,Soil,87.77,4.11,0,,3.687177078,4.8,1.5,Woodland
102.100.100/19512,2,,0.19,Conservation and Natural Environments,5.73,LTGR,0.015,69.65,25/2/15,20,Conservation and Natural Environments - Nature conservation - Habitat/species management area,0.04,24.68,4.17,0.2,38,Soil,0.312,0.22,0.2,0.13,0.03,14.91,Temperate,Australia,5,-33.61255,Hawkesbury,150.72095,PRJNA317932,SAMN07488567,1.00E-10,0.45,4.7,5.6,3,51,Soil,84.56,9.71,0,,2.7696793,1.8,1.5,Woodland
102.100.100/19513,30,,1.31,Conservation and Natural Environments,31.49,DKGR,0.227,6.38,25/2/15,0,Water - Marsh/wetland - Marsh/wetland - conservation,1.53,1020.23,116,29.62,28,Soil,0.519,11.69,3.41,0.57,0.7,20.79,Temperate,Australia,5,-33.61103,Hawkesbury,150.72,PRJNA317932,SAMN07488568,59,5.9,4.2,5,26,222,Soil,27.17,41.34,0,,45.04295333,39.3,1.5,Marsh/bog
102.100.100/19514,1.00E-10,,0.26,Conservation and Natural Environments,46.91,LTGR,0.069,1.22,25/2/15,20,Water - Marsh/wetland - Marsh/wetland - conservation,0.99,153.72,25.57,0.22,28,Soil,0.274,5.25,4.31,0.29,0.92,16.6,Temperate,Australia,5,-33.61103,Hawkesbury,150.72,PRJNA317932,SAMN07488569,1.00E-10,0.51,4.6,5.8,5,117,Soil,17.83,35.26,0,,22.32645403,13.8,2,Marsh/bog
102.100.100/19515,8,,0.45,Conservation and Natural Environments,12.43,GR,0.053,20.47,25/2/15,0,Conservation and Natural Environments - Nature conservation - Habitat/species management area,0.14,416.87,11.06,1.65,26,Soil,0.977,0.6,0.79,0.23,0.26,48.3,Temperate,Australia,5,-33.61572,Hawkesbury,150.72173,PRJNA317932,SAMN07488570,1.00E-10,2.34,4.2,5.1,4,114,Soil,68.77,18.8,0,,6.752966559,5,2,Woodland
102.100.100/19516,2,,0.42,Conservation and Natural Environments,17.76,GRBR,0.067,33.04,25/2/15,20,Conservation and Natural Environments - Nature conservation - Habitat/species management area,0.24,364.36,3.32,0.66,26,Soil,0.49,0.19,2,0.13,0.74,39.29,Temperate,Australia,15,-33.61572,Hawkesbury,150.72173,PRJNA317932,SAMN07488571,1.00E-10,0.93,4.5,5.8,3,59,Soil,72.32,9.92,0,,6.202618884,8.6,2,Woodland
102.100.100/19517,20,,0.45,Conservation and Natural Environments,14.61,LTGR,0.042,4.15,25/2/15,0,Conservation and Natural Environments - Nature conservation - Habitat/species management area,0.27,193.16,35.96,2.35,33,Soil,0.171,2.37,0.88,0.26,0.13,56.02,Temperate,Australia,5,-33.61737,Hawkesbury,150.73283,PRJNA317932,SAMN07488572,1.00E-10,3.02,4.6,5.6,8,103,Soil,60.17,25.22,0,,15.01543643,6.2,2,Woodland
102.100.100/19518,1,,0.11,Conservation and Natural Environments,11.65,WH,0.011,6.85,25/2/15,20,Conservation and Natural Environments - Nature conservation - Habitat/species management area,0.14,27.72,2.65,0.22,33,Soil,0.102,0.23,0.2,0.1,0.02,59.96,Temperate,Australia,5,-33.61737,Hawkesbury,150.73283,PRJNA317932,SAMN07488573,1.00E-10,0.18,4.9,5.9,1.00E-10,39,Soil,66.81,21.54,0,,6.542526422,1.3,2.5,Woodland