Block_ID,Plot_ID,Site_ID,Date_deploy,Date_collect,Termites,Insects,Fungi,Damage_fungal,Damage_termite,Init_weight,wetWeight_preDrill,wetWeight_postDrill,End_weight_postDrill,End_weight,Deploy_image,Collect_image
C22,BS-01,4,19/12/16,NA,NA,NA,NA,NA,NA,224.44,NA,NA,NA,NA,NA,NA
C51,BS-01,4,19/12/16,19/12/17,N,N,N,1,0,207.09,NA,NA,NA,169.44,DSC3760.JPG,NA
T07,BS-01,4,19/12/16,19/12/17,N,N,N,0,0,206.44,NA,NA,NA,185.19,NA,NA
T39,BS-01,4,19/12/16,NA,NA,NA,NA,NA,NA,186.92,NA,NA,NA,NA,NA,NA
C05,BS-02,4,19/12/16,19/12/17,N,N,N,1,0,198.47,NA,NA,NA,158.15,DSC3761.JPG,NA
C15,BS-02,4,19/12/16,NA,NA,NA,NA,NA,NA,177.14,NA,NA,NA,NA,NA,NA
C20,BS-02,4,19/12/16,NA,NA,NA,NA,NA,NA,NA,NA,NA,NA,NA,NA,NA
C25,BS-02,4,19/12/16,19/12/17,N,N,Y,2,0,218.73,285.73,284.09,180.06,NA,NA,NA
T19,BS-02,4,19/12/16,19/12/17,N,N,Y,2,0,232.81,379.96,377.73,203.56,NA,NA,NA
T22,BS-02,4,19/12/16,NA,NA,NA,NA,NA,NA,187.99,NA,NA,NA,NA,NA,NA
T25,BS-02,4,19/12/16,19/12/17,N,N,N,2,0,193.64,NA,NA,NA,165.7,NA,NA
T43,BS-02,4,19/12/16,NA,NA,NA,NA,NA,NA,216.44,NA,NA,NA,NA,NA,NA
C28,BS-03,4,19/12/16,19/12/17,N,N,N,0,0,199.53,NA,NA,NA,176.98,DSC3762.JPG,NA
C50,BS-03,4,19/12/16,NA,NA,NA,NA,NA,NA,206.43,NA,NA,NA,NA,NA,NA
T23,BS-03,4,19/12/16,NA,NA,NA,NA,NA,NA,202.95,NA,NA,NA,NA,NA,NA
T24,BS-03,4,19/12/16,19/12/17,N,N,N,0,0,196.02,NA,NA,NA,173.04,NA,NA
C35,BS-04,4,19/12/16,19/12/17,N,N,N,0,0,213.62,NA,NA,NA,178.96,DSC3763.JPG,NA
C42,BS-04,4,19/12/16,NA,NA,NA,NA,NA,NA,207.75,NA,NA,NA,NA,NA,NA
C45,BS-04,4,19/12/16,NA,NA,NA,NA,NA,NA,218.65,NA,NA,NA,NA,NA,NA
C52,BS-04,4,19/12/16,19/12/17,N,N,Y,3,0,197.47,338.23,335.75,168,NA,NA,NA
T33,BS-04,4,19/12/16,19/12/17,N,N,Y,4,0,NA,386.72,383.88,153.8,NA,NA,NA
T33,BS-04,4,19/12/16,NA,NA,NA,NA,NA,NA,NA,NA,NA,NA,NA,NA,NA
T37,BS-04,4,19/12/16,19/12/17,N,N,N,0,0,217.87,NA,NA,NA,191.11,NA,NA
T49,BS-04,4,19/12/16,NA,NA,NA,NA,NA,NA,NA,NA,NA,NA,NA,NA,NA
C03,BS-05,4,19/12/16,NA,NA,NA,NA,NA,NA,198.31,NA,NA,NA,NA,NA,NA
C10,BS-05,4,19/12/16,19/12/17,N,N,N,0,0,211.34,NA,NA,NA,189.61,DSC3764.JPG,NA
T06,BS-05,4,19/12/16,19/12/17,N,N,N,0,0,194.77,NA,NA,NA,171.96,NA,NA
T56,BS-05,4,19/12/16,NA,NA,NA,NA,NA,NA,225.1,NA,NA,NA,NA,NA,NA
C08,BS-06,4,19/12/16,NA,NA,NA,NA,NA,NA,229.75,NA,NA,NA,NA,NA,NA
C11,BS-06,4,19/12/16,19/12/17,N,N,Y,2,0,241.19,405.53,402.92,212.87,NA,NA,NA
C16,BS-06,4,19/12/16,19/12/17,N,N,N,0,0,193.3,NA,NA,NA,165.85,DSC3765.JPG,NA
C43,BS-06,4,19/12/16,NA,NA,NA,NA,NA,NA,200.37,NA,NA,NA,NA,NA,NA
T16,BS-06,4,19/12/16,NA,NA,NA,NA,NA,NA,203.26,NA,NA,NA,NA,NA,NA
T26,BS-06,4,19/12/16,19/12/17,N,N,Y,1,0,218.39,331.69,329.68,180.63,NA,NA,NA
T28,BS-06,4,19/12/16,19/12/17,N,N,N,0,0,179.88,NA,NA,NA,148.96,NA,NA
T36,BS-06,4,19/12/16,NA,NA,NA,NA,NA,NA,211.13,NA,NA,NA,NA,NA,NA
C17,BS-07,4,19/12/16,19/12/17,N,N,N,0,0,209.16,NA,NA,NA,177.86,DSC3766.JPG,NA
C29,BS-07,4,19/12/16,NA,NA,NA,NA,NA,NA,189.79,NA,NA,NA,NA,NA,NA
T13,BS-07,4,19/12/16,NA,NA,NA,NA,NA,NA,199.99,NA,NA,NA,NA,NA,NA
T55,BS-07,4,19/12/16,19/12/17,N,N,N,2,0,187.24,NA,NA,NA,142.9,NA,NA
C02,BS-08,4,19/12/16,NA,NA,NA,NA,NA,NA,225.33,NA,NA,NA,NA,NA,NA
C04,BS-08,4,19/12/16,19/12/17,N,N,N,0,0,196.59,NA,NA,NA,172.92,DSC3769.JPG,NA
C40,BS-08,4,19/12/16,19/12/17,N,N,N,2,0,235.78,407.43,404.68,200.82,NA,NA,NA
C49,BS-08,4,19/12/16,NA,NA,NA,NA,NA,NA,206.15,NA,NA,NA,NA,NA,NA
T21,BS-08,4,19/12/16,NA,NA,NA,NA,NA,NA,198.89,NA,NA,NA,NA,NA,NA
T32,BS-08,4,19/12/16,19/12/17,N,N,N,4,0,182.65,391.88,389.07,150.68,NA,NA,NA
T34,BS-08,4,19/12/16,19/12/17,N,N,N,3,0,173.24,NA,NA,NA,145.73,NA,NA
T50,BS-08,4,19/12/16,NA,NA,NA,NA,NA,NA,181.31,NA,NA,NA,NA,NA,NA
C07,BS-09,4,19/12/16,NA,NA,NA,NA,NA,NA,210.45,NA,NA,NA,NA,NA,NA
C09,BS-09,4,19/12/16,19/12/17,N,N,N,2,0,184.29,NA,NA,NA,159.26,DSC3773.JPG,NA
T48,BS-09,4,19/12/16,19/12/17,N,N,N,1,0,198.81,NA,NA,NA,164.81,NA,NA
T49,BS-09,4,19/12/16,NA,NA,NA,NA,NA,NA,NA,NA,NA,NA,NA,NA,NA
C14,BS-10,4,19/12/16,NA,NA,NA,NA,NA,NA,220.23,NA,NA,NA,NA,NA,NA
C20,BS-10,4,19/12/16,19/12/17,N,N,N,0,0,NA,NA,NA,NA,158.62,DSC3774.JPG,NA
C24,BS-10,4,19/12/16,NA,NA,NA,NA,NA,NA,229.49,NA,NA,NA,NA,NA,NA
C60,BS-10,4,19/12/16,19/12/17,N,N,Y,3,0,206.14,421.71,419.21,173.5,NA,NA,NA
T01,BS-10,4,19/12/16,19/12/17,N,N,N,2,0,221.74,489.7,486.72,196.66,NA,NA,NA
T11,BS-10,4,19/12/16,NA,NA,NA,NA,NA,NA,192.85,NA,NA,NA,NA,NA,NA
T40,BS-10,4,19/12/16,19/12/17,N,N,N,3,0,217.09,NA,NA,NA,191.54,NA,NA
T57,BS-10,4,19/12/16,NA,NA,NA,NA,NA,NA,206.85,NA,NA,NA,NA,NA,NA
C06,BS-11,4,19/12/16,NA,NA,NA,NA,NA,NA,239.99,NA,NA,NA,NA,NA,NA
C38,BS-11,4,19/12/16,19/12/17,N,N,N,2,0,202.65,NA,NA,NA,174.42,DSC3776.JPG,NA
T17,BS-11,4,19/12/16,NA,NA,NA,NA,NA,NA,193.85,NA,NA,NA,NA,NA,NA
T59,BS-11,4,19/12/16,19/12/17,N,N,N,2,0,190.12,NA,NA,NA,165.47,NA,NA
C36,BS-12,4,19/12/16,19/12/17,N,N,Y,4,0,229.13,423.19,420.12,194.72,NA,NA,NA
C44,BS-12,4,19/12/16,NA,NA,NA,NA,NA,NA,219.31,NA,NA,NA,NA,NA,NA
C53,BS-12,4,19/12/16,NA,NA,NA,NA,NA,NA,202.75,NA,NA,NA,NA,NA,NA
C55,BS-12,4,19/12/16,19/12/17,N,N,N,0,0,204.31,NA,NA,NA,178.83,DSC3777.JPG,NA
T03,BS-12,4,19/12/16,19/12/17,N,N,Y,3,0,207.12,411.8,408.83,175.25,NA,NA,NA
T31,BS-12,4,19/12/16,19/12/17,N,N,N,0,0,220.13,NA,NA,NA,194.86,NA,NA
T41,BS-12,4,19/12/16,NA,NA,NA,NA,NA,NA,189.28,NA,NA,NA,NA,NA,NA
T60,BS-12,4,19/12/16,NA,NA,NA,NA,NA,NA,178.36,NA,NA,NA,NA,NA,NA
C01,BS-13,4,19/12/16,19/12/17,N,N,N,0,0,235.25,NA,NA,NA,208.35,DSC3887.JPG,NA
C33,BS-13,4,19/12/16,NA,NA,NA,NA,NA,NA,229.76,NA,NA,NA,NA,NA,NA
T42,BS-13,4,19/12/16,NA,NA,NA,NA,NA,NA,191.36,NA,NA,NA,NA,NA,NA
T53,BS-13,4,19/12/16,19/12/17,N,N,N,0,0,195.01,NA,NA,NA,174.19,NA,NA
C19,BS-14,4,19/12/16,19/12/17,N,N,Y,3,0,214.6,406.19,402.21,186.27,NA,NA,NA
C21,BS-14,4,19/12/16,NA,NA,NA,NA,NA,NA,196.88,NA,NA,NA,NA,NA,NA
C26,BS-14,4,19/12/16,19/12/17,N,N,N,0,0,175.13,NA,NA,NA,154.6,DSC3779.JPG,NA
C54,BS-14,4,19/12/16,NA,NA,NA,NA,NA,NA,217.16,NA,NA,NA,NA,NA,NA
T05,BS-14,4,19/12/16,19/12/17,N,Y,Y,4,0,204.49,400.86,398.07,159.73,NA,NA,NA
T14,BS-14,4,19/12/16,NA,NA,NA,NA,NA,NA,212.37,NA,NA,NA,NA,NA,NA
T45,BS-14,4,19/12/16,NA,NA,NA,NA,NA,NA,196.04,NA,NA,NA,NA,NA,NA
T46,BS-14,4,19/12/16,19/12/17,N,N,N,1,0,188.32,NA,NA,NA,164.11,NA,NA
C12,BS-15,4,19/12/16,19/12/17,N,N,N,2,0,202.51,NA,NA,NA,179.46,DSC2780.JPG,NA
C48,BS-15,4,19/12/16,NA,NA,NA,NA,NA,NA,193.97,NA,NA,NA,NA,NA,NA
T02,BS-15,4,19/12/16,NA,NA,NA,NA,NA,NA,220.29,NA,NA,NA,NA,NA,NA
T58,BS-15,4,19/12/16,19/12/17,N,N,N,0,0,201.93,NA,NA,NA,176.73,NA,NA
C18,BS-16,4,19/12/16,19/12/17,N,N,N,0,0,214.03,NA,NA,NA,194.87,DSC3781.JPG,NA
C23,BS-16,4,19/12/16,NA,NA,NA,NA,NA,NA,194.99,NA,NA,NA,NA,NA,NA
C47,BS-16,4,19/12/16,NA,NA,NA,NA,NA,NA,218.6,NA,NA,NA,NA,NA,NA
C57,BS-16,4,19/12/16,19/12/17,N,Y,N,1,0,202.28,460.44,457.66,178.94,NA,NA,NA
T04,BS-16,4,19/12/16,19/12/17,N,N,N,0,0,228.5,NA,NA,NA,205.12,NA,NA
T15,BS-16,4,19/12/16,NA,NA,NA,NA,NA,NA,209.17,NA,NA,NA,NA,NA,NA
T18,BS-16,4,19/12/16,NA,NA,NA,NA,NA,NA,194.23,NA,NA,NA,NA,NA,NA
T35,BS-16,4,19/12/16,19/12/17,N,N,N,1,0,188.17,404.2,401.57,167.21,NA,NA,NA
C13,BS-17,4,19/12/16,NA,NA,NA,NA,NA,NA,193.37,NA,NA,NA,NA,NA,NA
C27,BS-17,4,19/12/16,19/12/17,N,N,N,2,0,187.97,NA,NA,NA,166.34,DSC3782.JPG,NA
T47,BS-17,4,19/12/16,NA,NA,NA,NA,NA,NA,201.96,NA,NA,NA,NA,NA,NA
T52,BS-17,4,19/12/16,19/12/17,N,N,N,1,1,199.38,NA,NA,NA,176.29,NA,NA
C46,BS-18,4,19/12/16,NA,NA,NA,NA,NA,NA,206.62,NA,NA,NA,NA,NA,NA
C56,BS-18,4,19/12/16,19/12/17,N,N,N,2,0,227.38,NA,NA,NA,197.64,DSC3783.JPG,NA
C58,BS-18,4,19/12/16,19/12/17,N,N,N,2,0,194.18,443.56,440.64,170.34,NA,NA,NA
C59,BS-18,4,19/12/16,NA,NA,NA,NA,NA,NA,206.38,NA,NA,NA,NA,NA,NA
T08,BS-18,4,19/12/16,19/12/17,N,N,N,1,0,196.42,384.58,381.05,173.31,NA,NA,NA
T30,BS-18,4,19/12/16,NA,NA,NA,NA,NA,NA,205.53,NA,NA,NA,NA,NA,NA
T38,BS-18,4,19/12/16,NA,NA,NA,NA,NA,NA,169.19,NA,NA,NA,NA,NA,NA
T54,BS-18,4,19/12/16,19/12/17,N,N,N,0,0,202.38,NA,NA,NA,181.32,NA,NA
C34,BS-19,4,19/12/16,NA,NA,NA,NA,NA,NA,198.14,NA,NA,NA,NA,NA,NA
C39,BS-19,4,19/12/16,19/12/17,N,N,N,0,0,197.32,NA,NA,NA,177.55,DSC3784.JPG,NA
T12,BS-19,4,19/12/16,NA,NA,NA,NA,NA,NA,199.47,NA,NA,NA,NA,NA,NA
T29,BS-19,4,19/12/16,19/12/17,N,N,N,0,0,199.86,NA,NA,NA,178.46,NA,NA
C31,BS-20,4,19/12/16,NA,NA,NA,NA,NA,NA,246.47,NA,NA,NA,NA,NA,NA
C32,BS-20,4,19/12/16,19/12/17,N,N,N,0,0,204.06,NA,NA,NA,176.58,DSC3785.JPG,NA
C37,BS-20,4,19/12/16,NA,NA,NA,NA,NA,NA,205.61,NA,NA,NA,NA,NA,NA
C41,BS-20,4,19/12/16,19/12/17,N,N,Y,2,0,207.46,392.04,389.83,177.03,NA,NA,NA
T09,BS-20,4,19/12/16,NA,NA,NA,NA,NA,NA,203.12,NA,NA,NA,NA,NA,NA
T10,BS-20,4,19/12/16,19/12/17,N,N,N,2,0,216.12,NA,NA,NA,180.51,NA,NA
T20,BS-20,4,19/12/16,19/12/17,N,N,N,3,0,213.24,410.05,406.35,185.04,NA,NA,NA
T27,BS-20,4,19/12/16,NA,NA,NA,NA,NA,NA,232.2,NA,NA,NA,NA,NA,NA
