"species","lon","lat","Country","AMT","AMP","Tmin","Tmax","Clay"
"Festuca arundinacea",-72.13,-51.67,"AUS",58,391,-39,164,31.55999947
"Festuca arundinacea",-70.62,-51.38,"AUS",66,172,-30,175,31.04999924
"Lycium barbarum",-70.62,-51.38,"AUS",66,172,-30,175,31.04999924
"Festuca arundinacea",168.66495,-46.56945,"AUS",10,1128,9,190,41
"Festuca arundinacea",168.73071,-46.56891,"AUS",10,1148,9,191,41
"Festuca arundinacea",169.47878,-46.559834,"AUS",98,1131,7,190,4
"Festuca arundinacea",169.68292,-46.48182,"AUS",99,927,8,190,16.91566277
"Festuca arundinacea",169.77547,-46.32535,NA,103,717,11,195,23
"Galium palustre",169.82523,-46.200645,NA,102,702,8,196,23
"Festuca arundinacea",170.50644,-45.8819,NA,104,884,17,189,23
"Festuca arundinacea",-115.326233,43.068888,"NA",102,859,16,189,23
"Fumaria muralis",170.49046,-45.85635,NA,98,972,10,187,23
"Fallopia convolvulus",170.38522,-45.855015,"AUS",103,816,15,191,23
"Euphorbia helioscopia",170.51675,-45.848396,"AUS",104,884,NA,189,23
"Euphorbia helioscopia",170.61676,-45.848396,"AUS",102,859,16,189,23
"Festuca arundinacea",-72.1333,-45.5833,"AUS",72,1318,-8,170,7
"Festuca arundinacea",170.83173,-45.170017,"AUS",108,592,12,205,22
"Festuca arundinacea",168.43652,-44.072456,"AUS",110,4586,10,216,9
"Festuca arundinacea",168.42442,-44.063896,"AUS",110,4586,10,216,9
"Festuca arundinacea",168.40633,-44.038727,NA,114,NA,15,217,9
"Festuca arundinacea",168.84497,-44.025085,NA,94,3964,-9,209,9.340000153
"Festuca arundinacea",168.37201,-44.01886,NA,114,4816,15,217,9
"Festuca arundinacea",172.13345,-43.898346,NA,116,657,16,215,21.95000076
"Euphorbia helioscopia",172.25345,-43.81501,NA,117,644,17,216,23
"Fumaria muralis",172.25345,-43.81501,NA,117,644,17,216,23
"Festuca arundinacea",172.65813,-43.803455,NA,118,706,18,219,23
"Festuca arundinacea",172.7509,-43.79424,NA,105,1003,8,207,20
"Lycium barbarum",172.95013,-43.781677,NA,111,1020,15,211,20
"Festuca arundinacea",172.44745,-43.739647,NA,118,632,18,219,23
"Festuca arundinacea",170.08856,-43.731125,NA,71,3323,-34,194,9
"Festuca arundinacea",172.89442,-43.68691,NA,103,953,7,205,20
"Lycium barbarum",172.54736,-43.659073,NA,118,635,17,220,23
"Fumaria muralis",172.47313,-43.64076,NA,117,635,17,218,23
"Festuca arundinacea",169.43108,-43.63396,NA,111,5316,7,222,10
"Fumaria muralis",172.48346,-43.63167,NA,117,635,17,218,23
"Fumaria muralis",172.51045,-43.62292,NA,118,635,17,220,23
"Euphorbia helioscopia",172.756,-43.566998,NA,118,640,19,220,20
"Lycium barbarum",172.60887,-43.540493,NA,119,614,18,220,22.70000076
"Festuca arundinacea",172.73386,-43.533646,NA,118,620,18,219,21.1707325
"Fallopia convolvulus",172.63489,-43.533375,NA,119,614,18,220,22.70000076
"Fumaria muralis",172.63489,-43.533375,NA,119,614,18,220,22.70000076
"Fallopia convolvulus",172.50513,-43.53167,NA,118,624,17,219,23
"Fallopia convolvulus",172.60345,-43.53167,NA,119,614,18,220,22.70000076
"Festuca arundinacea",172.59784,-43.52425,NA,119,614,18,220,22.70000076
"Festuca arundinacea",172.54851,-43.516834,NA,118,624,17,219,23
"Galium palustre",172.68457,-43.49752,NA,119,599,NA,220,23
"Fallopia convolvulus",172.7217,-43.488617,NA,119,599,20,220,23
"Fumaria muralis",172.7217,NA,NA,119,599,20,NA,23
"Festuca arundinacea",172.69698,-43.488552,NA,119,599,20,220,23
"Fallopia convolvulus",172.59807,-43.48825,NA,119,610,19,220,23
"Festuca arundinacea",169.82162,-43.484005,NA,121,4485,18,226,10
"Galium palustre",172.68588,-43.480423,NA,119,599,20,220,23
"Festuca arundinacea",172.42758,-43.457226,NA,116,663,15,217,22.72999954
"Festuca arundinacea",171.955,-43.44452,NA,104,883,5,204,22.04000092
"Festuca arundinacea",172.19254,-43.44302,NA,110,763,10,210,20.18000031
"Festuca arundinacea",170.17773,-43.418156,NA,55,3889,-45,175,9
"Festuca arundinacea",169.84508,-43.400425,NA,119,4516,16,224,10
"Festuca arundinacea",172.69768,-43.325,NA,120,646,22,219,23
"Festuca arundinacea",172.70276,-43.322483,NA,120,646,22,219,23
"Galium palustre",172.70168,-43.31933,NA,120,646,22,219,23
"Festuca arundinacea",170.22054,-43.293125,NA,114,4239,12,217,9.699999809
"Euphorbia helioscopia",172.58711,-43.281185,NA,119,678,20,218,23
"Festuca arundinacea",172.72269,-43.272594,NA,120,646,22,219,23
"Festuca arundinacea",-70.24,-43.21,NA,83,185,-29,227,46
"Fumaria muralis",147.083,-43.1667,NA,113,968,38,202,10.7704916
"Festuca arundinacea",147.833,-43.1667,NA,109,1086,44,187,9
"Fumaria muralis",147.85,-43.15,NA,117,986,49,195,9
"Festuca arundinacea",172.50958,-43.117046,NA,99,831,3,199,13.60000038
"Fumaria muralis",147,-43.0833,NA,113,869,31,211,10.71717167
"Festuca arundinacea",147.017,-43.0833,NA,113,869,31,211,10.71717167
"Festuca arundinacea",172.78117,-43.075165,NA,115,639,20,212,22
"Festuca arundinacea",173.07613,-43.062435,NA,115,764,23,211,22
"Fumaria muralis",147.41,-43.0367,NA,123,593,45,213,10.14285755
"Festuca arundinacea",172.70766,-43.021915,NA,113,651,18,211,22
"Festuca arundinacea",147.033,-43.0167,NA,113,869,31,211,10.71717167
"Festuca arundinacea",147.924,-43.015,NA,106,1072,39,186,9
"Euphorbia helioscopia",147.248,-43.0144,NA,104,1038,28,198,9
"Fumaria muralis",147.32,-43,NA,119,740,40,212,9
"Festuca arundinacea",147.0833,-42.9833,NA,102,948,21,201,13.85999966
"Festuca arundinacea",147.08,-42.98,NA,102,948,21,201,13.85999966
"Ficus carica",147.417,-42.9333,NA,124,598,44,215,11
"Euphorbia helioscopia",147.3167,-42.9167,NA,112,856,32,209,9
"Fumaria muralis",147.3167,-42.9167,NA,112,856,32,209,9
"Festuca arundinacea",147.333,-42.9167,NA,112,856,32,209,9
"Fumaria muralis",147.4833,-42.9167,NA,124,598,44,215,11
"Festuca arundinacea",147.233,-42.9,NA,78,1004,6,174,18.40999985
"Fumaria muralis",147.3,-42.9,NA,114,769,31,214,10.49473667
"Euphorbia helioscopia",147.367,-42.8833,NA,121,632,38,218,11
"Festuca arundinacea",147.359,-42.8722,NA,121,632,38,218,11
"Fumaria muralis",147.8167,-42.8667,NA,120,783,42,207,9
"Euphorbia helioscopia",147.3,-42.8,NA,119,633,32,221,11
"Festuca arundinacea",147,-42.75,NA,111,666,22,218,9.760000229
"Fumaria muralis",147.217,-42.7333,NA,118,574,28,225,11
"Fumaria muralis",147.95,-42.7167,NA,119,779,37,208,9
"Ficus carica",170.99666,-42.716686,NA,120,3016,29,205,10
"Lycium barbarum",147.267,-42.7,NA,119,592,29,223,11
"Festuca arundinacea",147.4,-42.5667,NA,109,605,20,217,11
"Fumaria muralis",147.917,-42.5,NA,124,661,37,217,9
"Festuca arundinacea",171.19228,-42.443954,NA,119,2842,30,204,10
"Festuca arundinacea",173.55693,-42.33363,NA,116,1085,32,206,10
"Galium palustre",146.4,-42.3,NA,77,1338,-3,186,22
"Fumaria muralis",148,-42.3,NA,126,582,37,221,9.571428299
"Festuca arundinacea",173.583,-42.3,NA,69,1223,-16,169,10
"Festuca arundinacea",148.017,-42.2667,NA,126,582,37,221,9.571428299
"Festuca arundinacea",148.05,-42.2,NA,120,643,31,215,9
"Fumaria muralis",145.283,-42.1333,NA,118,1767,53,201,9
"Festuca arundinacea",148.083,-42.0833,NA,127,617,37,222,10.73999977
"Festuca arundinacea",146.767,-42.0667,NA,66,818,-14,177,22
"Lycium barbarum",147.483,-42.0333,NA,112,530,17,226,20.63999939
"Festuca arundinacea",148.2,-41.9667,NA,128,717,43,217,11
"Festuca arundinacea",147.3167,-41.8667,NA,114,578,17,232,11.15999985
"Festuca arundinacea",173.02795,-41.831665,NA,64,1647,-24,166,10
"Festuca arundinacea",147.752,-41.8192,NA,108,657,19,214,9.899999619
"Festuca arundinacea",173.04298,-41.815815,NA,64,1647,-24,166,10
"Festuca arundinacea",147.8,-41.7,NA,107,705,17,212,10.89999962
"Galium palustre",171.8,-41.6667,NA,112,2525,25,198,10
"Galium palustre",147.967,-41.6167,NA,113,702,24,214,10.56999969
"Festuca arundinacea",172.49068,-41.55224,NA,76,2439,-13,174,10
"Galium palustre",146.633,-41.5333,NA,108,1039,18,220,17.47999954
"Festuca arundinacea",172.0194,-41.52204,NA,104,2480,15,194,10
"Festuca arundinacea",147.133,-41.4833,NA,120,762,27,235,9.800000191
"Festuca arundinacea",172.0561,-41.459297,NA,112,2314,23,200,10
"Festuca arundinacea",-71.55,-41.43,NA,52,1004,-42,183,13
"Galium palustre",147.117,-41.4167,NA,120,762,27,235,9.800000191
"Galium palustre",147.15,-41.4167,NA,120,762,27,235,9.800000191
"Festuca arundinacea",147.117,-41.4,NA,122,818,31,234,9.020833015
"Galium palustre",172.08347,-41.36495,NA,123,1979,33,210,10
"Galium palustre",148.25,-41.3,NA,129,849,41,220,23
"Festuca arundinacea",173.57405,-41.29874,NA,118,1670,19,216,20
"Festuca arundinacea",174.77313,-41.287716,NA,129,1168,55,215,20
"Festuca arundinacea",173.76022,-41.274513,NA,119,1522,22,218,20
"Euphorbia helioscopia",174.75017,-41.264954,NA,129,1168,55,215,20
"Festuca arundinacea",174.86516,-41.25162,NA,128,1382,53,215,20
"Fumaria muralis",174.85016,-41.248287,NA,125,1434,50,213,20
"Festuca arundinacea",173.31625,-41.237827,NA,124,1424,21,220,10
"Festuca arundinacea",146.167,-41.2167,NA,119,1046,37,212,23.01010132
"Galium palustre",148.3,-41.2,NA,128,884,42,219,21.54545403
"Festuca arundinacea",146.9,-41.1833,NA,126,904,40,228,3
"Festuca arundinacea",146.9,-41.18,NA,126,904,40,228,3
"Euphorbia helioscopia",146.35,-41.175,NA,125,932,41,218,23.0465107
"Euphorbia helioscopia",146.181,-41.1675,NA,119,1046,37,212,23.01010132
"Festuca arundinacea",145.8,-41.15,NA,114,1273,37,206,23
"Festuca arundinacea",146.1,-41.1333,NA,124,999,44,215,24
"Fumaria muralis",146.817,-41.1333,NA,128,811,45,226,4.690140724
"Festuca arundinacea",172.58934,-41.120445,NA,69,2693,-19,169,10
"Fumaria muralis",147.483,-41.1167,NA,124,906,37,230,11
"Euphorbia helioscopia",146.064,-41.1128,NA,119,1105,40,210,23.54430389
"Fumaria muralis",146.064,-41.1128,NA,119,1105,40,210,23.54430389
"Euphorbia helioscopia",146.2,-41.1,NA,127,948,45,218,23.09090996
"Fumaria muralis",146.85,-41.1,NA,125,864,42,226,10.56756783
"Festuca arundinacea",174.85464,-41.094185,NA,128,1331,52,216,20
"Euphorbia helioscopia",145.9,-41.083333,NA,121,1106,44,211,23
"Festuca arundinacea",175.20686,-41.046078,NA,108,2030,26,206,20
"Festuca arundinacea",145.833,-41.0333,NA,122,1123,44,211,23
"Fumaria muralis",145.833,-41.0333,NA,122,1123,44,211,23
"Fumaria muralis",146.933,-41.0167,NA,127,834,45,227,11
"Euphorbia helioscopia",145.720833,-40.991389,NA,124,1073,46,213,23
"Fumaria muralis",145.717,-40.9833,NA,124,1073,46,213,23
"Fumaria muralis",145.633333,-40.95,NA,123,1130,46,211,23
"Festuca arundinacea",144.75,-40.9333,NA,125,1245,60,208,24
"Festuca arundinacea",145.517,-40.9333,NA,118,1242,44,207,12.39999962
"Festuca arundinacea",144.783,-40.9167,NA,125,1245,60,208,24
"Festuca arundinacea",174.97691,-40.915123,NA,130,1158,49,221,6
"Festuca arundinacea",144.6672,-40.9131,NA,127,1118,64,209,9.5625
"Festuca arundinacea",144.6672,-40.913,NA,127,1118,64,209,9.5625
"Festuca arundinacea",145.184,-40.9008,NA,123,1122,52,209,21.79999924
"Festuca arundinacea",144.667,-40.9,NA,127,1118,64,209,9.5625
"Galium palustre",147.9,-40.9,NA,132,721,50,226,3
"Fumaria muralis",145.483,-40.8667,NA,125,1079,51,211,4.125
"Galium palustre",172.76831,-40.848274,NA,126,2179,30,218,10
"Fumaria muralis",147.633,-40.8333,NA,132,690,50,228,3
"Festuca arundinacea",144.917,-40.7667,NA,127,1123,59,211,7.384615421
"Fumaria muralis",175.31012,-40.59364,NA,133,1112,47,228,19.71999931
"Fumaria muralis",147.883,-40.3167,NA,135,719,58,224,9
"Festuca arundinacea",176.62354,-40.30866,NA,133,1093,40,234,21
"Festuca arundinacea",176.66331,-40.291553,NA,133,1093,40,234,21
"Fumaria muralis",148.2,-40.25,NA,136,729,61,221,8.142857552
"Fumaria muralis",148.233,-40.2167,NA,135,754,61,220,7.777777672
"Fallopia convolvulus",175.34685,-40.131596,NA,131,949,45,227,22
"Festuca arundinacea",148.0167,-40.1167,NA,133,790,58,221,10.11363602
"Festuca arundinacea",143.95,-40.1,NA,133,986,76,207,5.666666508
"Festuca arundinacea",144,-40.1,NA,130,1031,73,206,11
"Festuca arundinacea",175.09743,-40.03176,NA,136,880,52,229,6
"Festuca arundinacea",175.10017,-40.014927,NA,136,880,52,229,6
"Festuca arundinacea",143.883,-40,NA,132,995,75,206,3
"Festuca arundinacea",144.117,-40,NA,129,1055,71,205,11
"Festuca arundinacea",147.9167,-40,NA,131,823,56,219,7.111111164
"Fumaria muralis",148.0833,-40,NA,130,833,56,218,10.89999962
"Galium palustre",175.58018,-39.981594,NA,123,1042,35,222,20.04000092
"Lycium barbarum",175.06055,-39.933468,NA,137,876,52,228,12.80000019
"Lycium barbarum",175.04184,-39.93159,NA,137,876,52,228,12.80000019
"Fallopia convolvulus",175.03351,-39.914925,NA,133,970,48,225,20.52000046
"Fumaria muralis",144,-39.8333,NA,134,992,74,210,7.480000019
"Fallopia convolvulus",148,-39.83,NA,137,767,62,223,3
"Ficus carica",174.8235,-39.798256,NA,132,1079,47,224,18
"Festuca arundinacea",174.6385,-39.781586,NA,134,1028,49,225,18
"Festuca arundinacea",143.867,-39.7,NA,135,962,75,210,5.040816307
"Fumaria muralis",147.917,-39.7,NA,135,778,60,222,3
"Festuca arundinacea",175.71352,-39.636585,NA,107,1016,17,211,13.43999958
"Festuca arundinacea",176.87633,-39.475296,NA,142,830,44,243,20.06349182
"Festuca arundinacea",174.10757,-39.350388,NA,112,2935,29,206,18
"Fumaria muralis",174.29091,-39.35021,NA,123,1912,40,215,18
"Festuca arundinacea",173.80559,-39.32599,NA,135,1503,50,223,18
"Festuca arundinacea",146.3167,-39.0167,NA,130,1095,61,217,9
"Galium palustre",176,-38.883333,NA,113,1494,17,221,4
"Festuca arundinacea",-61.87,-38.84,NA,150,587,31,299,8
"Festuca arundinacea",-60.57,-38.74,NA,144,685,31,294,28.29999924
"Festuca arundinacea",143.3488,-38.7047,NA,124,1390,52,221,10
"Festuca arundinacea",143.3489,-38.7047,NA,124,1390,52,221,10
"Festuca arundinacea",145.9167,-38.6667,NA,137,958,56,237,11.77999973
"Festuca arundinacea",143,-38.6167,NA,136,987,58,236,10
"Festuca arundinacea",-70.43,-38.58,NA,119,348,-4,281,15
"Festuca arundinacea",143.7167,-38.5167,NA,124,1194,44,230,10
"Festuca arundinacea",177.05997,-38.50352,NA,109,2061,13,218,4
"Fumaria muralis",145,-38.4833,NA,141,875,67,235,11
"Festuca arundinacea",144.9333,-38.4333,NA,138,893,65,230,11
"Festuca arundinacea",145.5422,-38.3911,NA,140,967,55,249,12.83673477
"Euphorbia helioscopia",142.438611,-38.384167,NA,138,798,57,237,11
"Euphorbia helioscopia",142.6,-38.3833,NA,138,816,56,241,11
"Fumaria muralis",145.2167,-38.3833,NA,144,803,65,246,9.5
"Euphorbia helioscopia",142.6,-38.38,NA,138,816,56,241,11
"Euphorbia helioscopia",142.6,-38.37,NA,138,816,56,241,11
"Euphorbia helioscopia",142.4833,-38.3667,NA,138,798,57,237,11
"Fumaria muralis",145.2167,-38.3667,NA,144,803,65,246,9.5
"Fumaria muralis",146.1667,-38.3667,NA,123,1053,29,238,20.60000038
"Festuca arundinacea",141.6,-38.35,NA,136,820,67,219,8
"Fumaria muralis",141.6,-38.35,NA,136,820,67,219,8
"Euphorbia helioscopia",142.42,-38.35,NA,138,798,57,237,11
"Euphorbia helioscopia",141.599722,-38.348889,NA,136,820,67,219,8
"Fumaria muralis",142.2667,-38.3333,NA,137,777,56,236,11
"Festuca arundinacea",143.2477,-38.3311,NA,133,848,47,252,15.72000027
"Festuca arundinacea",143.2478,-38.3311,NA,133,848,47,252,15.72000027
"Euphorbia helioscopia",142.6,-38.3,NA,136,817,52,242,11.13000011
"Lycium barbarum",144.6667,-38.2667,NA,143,664,63,231,7
"Festuca arundinacea",146.2167,-38.2667,NA,122,1032,26,240,11.72000027
"Festuca arundinacea",141.5,-38.25,NA,135,824,62,223,8.869999886
"Festuca arundinacea",147.3333,-38.25,NA,139,647,41,243,8
"Euphorbia helioscopia",142.913889,-38.24,NA,134,788,46,253,24
"Fallopia convolvulus",143.51,-38.23,NA,134,674,47,249,23.45999908
"Euphorbia helioscopia",145.1667,-38.2167,NA,144,804,61,251,3
"Galium palustre",141.4842,-38.2125,NA,133,836,58,227,9.529999733
"Festuca arundinacea",141.773888,-38.202222,NA,138,779,59,235,11
"Festuca arundinacea",146.0167,-38.2,NA,132,1025,35,252,23
"Euphorbia helioscopia",144.35,-38.1667,NA,144,572,57,244,10
"Festuca arundinacea",144.35,-38.1667,NA,144,572,57,244,10
"Festuca arundinacea",145.1167,-38.15,NA,146,74.3,62,254,10.12727261
"Fumaria muralis",146.4833,-38.15,NA,129,912,27,249,11
"Festuca arundinacea",147.4167,-38.1333,NA,141,654,41,245,8
"Lycium barbarum",144.6667,-38.1167,NA,144,631,59,241,11
"Festuca arundinacea",145.85,-38.1167,NA,135,1039,38,257,21.92000008
"Fumaria muralis",147.0667,-38.1167,NA,138,625,34,251,13.10000038
"Lycium barbarum",147.0667,-38.1167,NA,138,625,34,251,13.10000038
"Fallopia convolvulus",143.5,-38.1,NA,135,607,46,253,23.0930233
"Festuca arundinacea",146.3,-38.1,NA,133,938,31,254,11.60000038
"Festuca arundinacea",175.26154,-38.09834,NA,138,1412,44,238,20
"Fumaria muralis",145.4167,-38.0667,NA,141,928,50,258,20.12999916
"Festuca arundinacea",140.93481,-38.05207,NA,137,785,58,232,6
"Festuca arundinacea",140.7,-38.05,NA,137,733,60,223,6
"Fumaria muralis",145.3667,-38.05,NA,142,885,53,258,5.420000076
"Euphorbia helioscopia",147.2,-38.05,NA,140,624,35,252,41
"Festuca arundinacea",144.25,-38.0333,NA,141,547,50,251,10.77999973
"Euphorbia helioscopia",145.4333,-38.025,NA,141,928,50,258,20.12999916
"Festuca arundinacea",177.2646,-38.013382,NA,144,1405,48,245,4
"Festuca arundinacea",177.38972,-38.00862,NA,139,1525,43,241,4
"Festuca arundinacea",175.31552,-38.007088,NA,139,1384,44,239,20
"Fallopia convolvulus",145.5,-38,NA,140,952,48,258,32.25999832
"Festuca arundinacea",147.5167,-37.9833,NA,141,685,40,248,41
"Festuca arundinacea",140.512778,-37.978889,NA,137,748,60,227,6
"Festuca arundinacea",143.95,-37.9667,NA,134,614,43,252,20.95000076
"Lycium barbarum",144.5,-37.9667,NA,145,510,53,251,11
"Festuca arundinacea",144.6167,-37.9667,NA,145,537,54,251,11
"Festuca arundinacea",146.7333,-37.9583,NA,134,778,28,258,10.06000042
"Fumaria muralis",144.4167,-37.95,NA,143,503,51,251,11
"Ficus carica",140.730556,-37.940556,NA,137,733,58,229,6
"Fumaria muralis",144.9667,-37.9333,NA,148,702,59,258,3
"Fumaria muralis",144.9894,-37.9211,NA,148,702,59,258,3
"Fumaria muralis",143.95,-37.9167,NA,134,614,43,252,20.95000076
"Lycium barbarum",144.9667,-37.9167,NA,148,702,59,258,3
"Fumaria muralis",145,-37.9167,NA,147,738,59,258,18.4651165
"Festuca arundinacea",146.4,-37.9167,NA,116,1303,15,244,11
"Euphorbia helioscopia",146.9,-37.9167,NA,138,674,30,259,10
"Festuca arundinacea",146.75,-37.9,NA,131,823,23,256,10.22999954
"Fumaria muralis",144.1167,-37.8833,NA,129,664,39,248,19.12000084
"Fumaria muralis",145.05,-37.8833,NA,147,749,58,260,3
"Festuca arundinacea",175.93237,-37.870277,NA,121,2246,27,224,4.159999847
"Fumaria muralis",144.7667,-37.8667,NA,147,580,55,256,46.20000076
"Festuca arundinacea",145.1667,-37.8667,NA,144,859,53,261,10.43999958
"Festuca arundinacea",141.0167,-37.85,NA,136,767,53,244,3
"Fumaria muralis",144.25,-37.85,NA,135,604,43,250,11
"Euphorbia helioscopia",144.8833,-37.85,NA,148,611,56,259,55
"Fumaria muralis",145.2167,-37.85,NA,144,859,53,261,10.43999958
"Festuca arundinacea",148.1047,-37.8486,NA,145,766,49,247,11
"Ficus carica",145.038889,-37.846944,NA,147,749,58,260,3
"Fumaria muralis",145.3667,-37.8333,NA,136,1042,43,260,23
"Festuca arundinacea",140.778333,-37.825556,NA,136,719,53,245,3
"Fumaria muralis",141.015833,-37.825278,NA,136,750,51,250,5.239999771
"Fumaria muralis",145.35,-37.82,NA,136,1042,43,260,23
"Festuca arundinacea",141.3833,-37.8167,NA,135,762,48,253,3.799999952
"Euphorbia helioscopia",144.9667,-37.8167,NA,148,656,56,262,36.77319717
"Fumaria muralis",144.9667,-37.8167,NA,148,656,56,262,36.77319717
"Fumaria muralis",145.0667,-37.8167,NA,147,719,56,263,7.159999847
"Fumaria muralis",145.2333,-37.8167,NA,143,862,50,263,11
"Lycium barbarum",140.8,-37.8,NA,136,719,53,245,3
"Festuca arundinacea",144.9,-37.8,NA,147,608,55,260,55
"Fumaria muralis",145.2667,-37.8,NA,142,909,48,263,15.56000042
"Fumaria muralis",148.3833,-37.8,NA,145,858,48,249,13.71428585
"Ficus carica",145,-37.7953,NA,147,719,56,263,7.159999847
"Festuca arundinacea",143.1167,-37.7833,NA,131,581,37,262,10
"Festuca arundinacea",176.37584,-37.78183,NA,144,1457,49,241,4
"Festuca arundinacea",144.7667,-37.7667,NA,145,578,52,258,54.56000137
"Festuca arundinacea",145.0833,-37.7667,NA,147,719,56,263,7.159999847
"Fumaria muralis",146.6833,-37.7667,NA,127,943,20,256,11
"Euphorbia helioscopia",144.875,-37.75,NA,147,608,55,260,55
"Euphorbia helioscopia",145.268,-37.7472,NA,143,843,47,267,11
"Fumaria muralis",143.6167,-37.7333,NA,125,692,32,254,10.72999954
"Festuca arundinacea",144.8333,-37.7167,NA,144,572,50,261,31.68000031
"Festuca arundinacea",140.633333,-37.716667,NA,136,785,52,247,3
"Festuca arundinacea",141.4,-37.7,NA,136,732,46,259,3
"Fumaria muralis",145.4,-37.7,NA,144,842,47,269,11.84000015
"Festuca arundinacea",145.8,-37.7,NA,121,1434,24,253,23
"Festuca arundinacea",148.45,-37.7,NA,146,886,47,252,21
"Fumaria muralis",144.578889,-37.683611,NA,141,510,45,259,11
"Festuca arundinacea",140.5333,-37.6833,NA,135,817,52,244,32.70999908
"Festuca arundinacea",144.4333,-37.6833,NA,140,507,44,259,11
"Festuca arundinacea",176.12102,-37.68202,NA,144,1504,50,240,15.68000031
"Fumaria muralis",144.35,-37.6667,NA,136,571,41,256,11
"Festuca arundinacea",144.5167,-37.6667,NA,141,510,45,259,11
"Fumaria muralis",145.3667,-37.6667,NA,144,842,47,269,11.84000015
"Festuca arundinacea",145.55,-37.6667,NA,133,1192,36,262,12.07999992
"Fumaria muralis",145.1,-37.65,NA,142,743,46,266,11
"Festuca arundinacea",140.405,-37.648056,NA,140,749,58,249,34
"Festuca arundinacea",140.24,-37.633333,NA,141,739,62,243,7
"Festuca arundinacea",140.5167,-37.6167,NA,136,825,51,251,4.059999943
"Festuca arundinacea",140.51,-37.61,NA,136,825,51,251,4.059999943
"Euphorbia helioscopia",141.691111,-37.603889,NA,135,660,43,263,48.63999939
"Festuca arundinacea",140.223333,-37.601111,NA,141,739,62,243,7
"Festuca arundinacea",140.536667,-37.600556,NA,136,825,51,251,4.059999943
"Festuca arundinacea",148.5,-37.6,NA,139,933,40,248,20.5
"Festuca arundinacea",140.354167,-37.598611,NA,140,749,58,249,34
"Festuca arundinacea",143.85,-37.5667,NA,120,808,25,251,13.93999958
"Fumaria muralis",149.7667,-37.5667,NA,149,939,75,224,10.1351347
"Fumaria muralis",144.045278,-37.557222,NA,114,933,20,245,21.92000008
"Festuca arundinacea",140.221111,-37.551111,NA,142,729,62,247,6.5
"Festuca arundinacea",175.16458,-37.550434,NA,144,1264,53,240,47
"Fumaria muralis",144.05,-37.55,NA,114,933,20,245,21.92000008
"Fumaria muralis",147.35,-37.55,NA,130,802,21,256,11
"Ficus carica",149.7411,-37.5364,NA,148,943,71,227,3.282352924
"Fumaria muralis",144.0333,-37.5333,NA,114,933,20,245,21.92000008
"Festuca arundinacea",144.5833,-37.5333,NA,126,780,30,253,20.11000061
"Festuca arundinacea",140.149167,-37.507222,NA,142,726,64,244,6.985507011
"Festuca arundinacea",140.15054,-37.50578,NA,142,726,64,244,6.985507011
"Festuca arundinacea",140.466667,-37.5,NA,138,803,52,254,12.34000015
"Festuca arundinacea",145.8833,-37.4833,NA,83,1872,-5,218,23
"Festuca arundinacea",174.78377,-37.480335,NA,141,1452,53,235,47
"Festuca arundinacea",140.241944,-37.469444,NA,143,716,61,251,13
"Festuca arundinacea",140.24347,-37.46799,NA,143,716,61,251,13
"Festuca arundinacea",140.0333,-37.45,NA,143,709,66,244,6.911764622
"Fumaria muralis",148.2139,-37.45,NA,134,877,29,252,12.80000019
"Fumaria muralis",143.3833,-37.4333,NA,124,706,26,261,10.14000034
"Fumaria muralis",148.3167,-37.4222,NA,135,889,30,252,11.60000038
"Festuca arundinacea",174.73027,-37.38693,NA,145,1335,58,237,29.8214283
"Fumaria muralis",140.816667,-37.383333,NA,141,672,46,274,50.02000046
"Fumaria muralis",143.6167,-37.3667,NA,120,754,21,259,14.64999962
"Fumaria muralis",143.3,-37.35,NA,125,696,26,265,11
"Fumaria muralis",142.9333,-37.2833,NA,130,635,32,270,10.13000011
"Festuca arundinacea",140.2014,-37.2678,NA,144,685,60,259,56
"Fumaria muralis",144.2333,-37.2667,NA,121,869,20,260,11
"Fumaria muralis",139.833333,-37.258333,NA,145,672,73,237,7
"Fumaria muralis",139.83,-37.2583,NA,145,672,73,237,7
"Lycium barbarum",144.0667,-37.2167,NA,132,618,27,275,15.19999981
"Festuca arundinacea",175.31108,-37.18689,NA,144,1434,54,239,43.09677505
"Lycium barbarum",147.659167,-37.183889,NA,107,808,-2,242,11
"Fumaria muralis",139.75,-37.17,NA,145,656,73,238,7
"Festuca arundinacea",175.5356,-37.163925,NA,139,2052,49,234,36.28168869
"Lycium barbarum",149.87,-37.13,NA,149,889,60,234,14.60240936
"Festuca arundinacea",145.4167,-37.1,NA,128,864,24,272,11
"Ficus carica",175.51686,-37.098206,NA,139,2052,49,234,36.28168869
"Fumaria muralis",144.2083,-37.075,NA,135,627,26,282,11
"Lycium barbarum",144.2167,-37.0667,NA,135,627,26,282,11
"Fumaria muralis",140.666667,-37.066667,NA,145,564,47,285,56
"Festuca arundinacea",175.67136,-37.059757,NA,127,2814,38,225,48
"Fumaria muralis",144.1,-37.0167,NA,137,601,28,283,11
"Festuca arundinacea",140.752778,-36.955556,NA,144,575,45,286,11.80000019
"Festuca arundinacea",143.7167,-36.9472,NA,143,519,32,291,11
"Fumaria muralis",139.683056,-36.944444,NA,147,604,72,245,6.119402885
"Euphorbia helioscopia",149.87,-36.92,NA,150,882,51,241,24
"Lycium barbarum",148.4167,-36.9167,NA,119,853,2,252,11
"Festuca arundinacea",174.7632,-36.908714,NA,152,1275,68,241,20
"Festuca arundinacea",174.65079,-36.901497,NA,150,1292,67,239,47.38999939
"Fumaria muralis",145.5333,-36.8833,NA,137,757,27,286,11
"Festuca arundinacea",-62.43,-36.87,NA,153,773,20,318,16
"Festuca arundinacea",174.70576,-36.855568,NA,152,1275,68,241,26.27000046
"Festuca arundinacea",174.76743,-36.85457,NA,152,1275,68,241,20
"Fumaria muralis",144.2667,-36.7667,NA,142,600,30,287,11
"Euphorbia helioscopia",174.767,-36.7667,NA,154,1243,70,243,38.31818008
"Festuca arundinacea",174.767,-36.7667,NA,154,1243,70,243,38.31818008
"Euphorbia helioscopia",141.9167,-36.75,NA,142,478,32,289,55
"Euphorbia helioscopia",149.65,-36.75,NA,138,923,27,248,20.10000038
"Fumaria muralis",148.4167,-36.7333,NA,108,934,-12,247,11
"Euphorbia helioscopia",141.9906,-36.7331,NA,143,457,32,291,55
"Festuca arundinacea",174.75018,-36.73153,NA,152,1264,68,241,46
"Fumaria muralis",148.41,-36.73,NA,98,1098,-19,236,11
"Festuca arundinacea",141.9333,-36.7167,NA,143,457,32,291,55
"Fumaria muralis",142.2,-36.7167,NA,144,495,32,293,55
"Fumaria muralis",142.18,-36.7,NA,14.4,495,32,293,55
"Euphorbia helioscopia",149.7,-36.7,NA,147,884,36,254,24
"Fumaria muralis",148.6181,-36.6764,NA,120,752,-3,260,11
"Festuca arundinacea",146.4833,-36.6333,NA,136,868,20,287,10.36999989
"Ficus carica",145.2194,-36.6167,NA,149,574,32,298,10.84000015
"Fumaria muralis",146.1833,-36.6167,NA,14,764,24,293,13.51000023
"Lycium barbarum",143.95,-36.6,NA,150,477,35,298,11
"Festuca arundinacea",145.2833,-36.6,NA,150,581,34,298,10.18999958
"Fallopia convolvulus",149.8,-36.6,NA,14.7,936,38,252,24
"Festuca arundinacea",149.9,-36.6,NA,150,947,44,250,24
"Festuca arundinacea",149.82,-36.57,NA,147,956,38,252,24
"Fumaria muralis",146.5667,-36.5,NA,139,850,22,289,10
"Festuca arundinacea",149.8,-36.5,NA,147,956,38,252,24
"Lycium barbarum",141.7167,-36.4167,NA,143,455,31,294,11
"Festuca arundinacea",140.45,-36.416667,NA,148,544,49,290,10
"Festuca arundinacea",145.75,-36.3833,NA,151,586,34,303,10.03999996
"Festuca arundinacea",139.75,-36.3,NA,152,521,64,270,4
"Fumaria muralis",146.1667,-36.3,NA,143,664,24,297,11
"Festuca arundinacea",139.733333,-36.283333,NA,152,523,66,267,4.235294342
"Ficus carica",146.8333,-36.2667,NA,127,992,10,277,11
"Ficus carica",146.83,-36.26,NA,127,992,10,277,11
"Festuca arundinacea",140.07916,-36.25805,NA,152,515,60,281,7.179999828
"Lycium barbarum",149.12,-36.22,NA,111,590,-21,256,22.18000031
"Ficus carica",147.2333,-36.1833,NA,140,893,19,295,10.07999992
"Fumaria muralis",141.9667,-36.15,NA,152,382,35,306,11
"Festuca arundinacea",142.8667,-36.15,NA,153,391,36,306,52.79999924
"Festuca arundinacea",144.8167,-36.15,NA,154,455,32,307,11
"Festuca arundinacea",146.9333,-36.1333,NA,151,760,29,304,10
"Festuca arundinacea",142.85,-36.13,NA,153,391,36,306,52.79999924
"Festuca arundinacea",148.1,-36.1,NA,122,1008,-2,278,23
"Fallopia convolvulus",149.1,-36.1,NA,112,615,-20,257,22
"Fumaria muralis",143.226667,-36.080556,NA,155,403,37,307,11
"Fumaria muralis",146.92,-36.07,NA,149,745,28,304,10
"Fumaria muralis",142.0167,-36.0333,NA,151,389,34,307,11.43999958
"Fumaria muralis",144.2,-36,NA,156,420,36,307,55
"Fumaria muralis",144.91507,-35.929783,NA,156,440,33,310,11
"Ficus carica",147.7,-35.92,NA,141,872,15,301,10
"Fumaria muralis",136.77428,-35.91418,NA,144,722,85,226,10
"Fumaria muralis",145.1167,-35.8667,NA,158,453,34,311,11
"Fumaria muralis",145.4167,-35.85,NA,159,478,33,313,11
"Fumaria muralis",150.1833,-35.8333,NA,158,1104,61,244,24
"Festuca arundinacea",149.63,-35.82,NA,115,959,-6,249,11
"Fallopia convolvulus",150.1,-35.8,NA,157,1072,57,246,24
"Fumaria muralis",137.8,-35.766667,NA,153,554,87,233,6.081632614
"Fumaria muralis",144.345,-35.749702,NA,160,409,36,312,55
"Fumaria muralis",146.5909,-35.72465,NA,155,548,28,314,10.53999996
"Fumaria muralis",150.2,-35.7,NA,160,1099,60,247,24
"Fumaria muralis",137.666667,-35.683333,NA,153,535,86,236,10
"Fumaria muralis",144.23741,-35.657265,NA,160,402,37,312,55
"Fumaria muralis",138.50183,-35.62612,NA,151,661,75,240,10
"Fumaria muralis",138.4388,-35.60311,NA,151,685,76,239,10
"Fumaria muralis",137.5,-35.6,NA,155,497,85,244,10
"Fumaria muralis",138.538333,-35.596389,NA,151,661,75,240,10
"Fumaria muralis",138.368056,-35.594722,NA,146,748,74,235,10
"Festuca arundinacea",138.595278,-35.579722,NA,154,573,75,246,3
"Festuca arundinacea",138.261111,-35.572222,NA,143,779,70,236,10
"Lycium barbarum",149.13,-35.57,NA,117,759,-14,266,11
"Festuca arundinacea",138.355278,-35.563889,NA,145,778,71,238,10
"Festuca arundinacea",138.563056,-35.553056,NA,151,668,74,243,6.079999924
"Festuca arundinacea",138.60529,-35.5468,NA,154,573,75,246,3
"Fumaria muralis",138.533333,-35.533333,NA,151,668,74,243,6.079999924
"Galium palustre",174.27185,-35.53151,NA,152,1789,72,240,46
"Fumaria muralis",138.680278,-35.526667,NA,155,512,74,251,6.900000095
"Fumaria muralis",138.221944,-35.523889,NA,148,651,76,238,10
"Festuca arundinacea",138.679167,-35.521944,NA,155,512,74,251,6.900000095
"Lycium barbarum",143.95,-35.5167,NA,161,391,38,312,55
"Ficus carica",139.030833,-35.513611,NA,156,413,68,263,4
"Festuca arundinacea",138.464722,-35.489444,NA,145,800,67,243,43.36000061
"Fumaria muralis",138.83359,-35.48727,NA,157,450,70,261,4
"Lycium barbarum",138.613611,-35.486389,NA,147,722,67,248,5.449999809
"Fumaria muralis",143.9,-35.4833,NA,162,380,39,313,55
"Fumaria muralis",138.5833,-35.4667,NA,145,796,66,245,23.35000038
"Fumaria muralis",138.60013,-35.45573,NA,147,722,67,248,5.449999809
"Festuca arundinacea",-57.31,-35.42,NA,158,907,54,285,70.66000366
"Galium palustre",138.666667,-35.416667,NA,151,612,69,252,8.369999886
"Festuca arundinacea",138.8227,-35.40184,NA,154,542,67,261,8.920000076
"Festuca arundinacea",138.822778,-35.401667,NA,154,542,67,261,8.920000076
"Festuca arundinacea",149,-35.4,NA,127,716,-5,280,11
"Festuca arundinacea",149.2333,-35.375,NA,126,661,-4,275,11
"Galium palustre",138.710278,-35.372778,NA,149,682,65,256,9.93999958
"Galium palustre",138.65,-35.366667,NA,144,806,62,251,10
"Festuca arundinacea",149.083333,-35.366667,NA,127,716,-5,280,11
"Festuca arundinacea",138.573056,-35.36,NA,143,838,63,249,13.14999962
"Festuca arundinacea",138.6975,-35.359444,NA,149,682,65,256,9.93999958
"Fumaria muralis",149.23,-35.35,NA,126,661,-4,275,11
"Lycium barbarum",149.2333,-35.35,NA,126,661,-4,275,11
"Lycium barbarum",138.449722,-35.335,NA,147,771,68,249,16.35869598
"Fumaria muralis",149.15,-35.3333,NA,129,651,-3,280,11
"Lycium barbarum",149.15,-35.3333,NA,129,651,-3,280,11
"Fallopia convolvulus",149.01,-35.33,NA,129,692,-3,282,11
"Festuca arundinacea",149.06,-35.33,NA,129,692,-3,282,11
"Fumaria muralis",149.15,-35.33,NA,129,651,-3,280,11
"Fumaria muralis",148.07,-35.32,NA,142,880,9,305,11
"Festuca arundinacea",150.43,-35.32,NA,165,1300,69,252,11
"Euphorbia helioscopia",136.870278,-35.318611,NA,159,497,89,250,7
"Lycium barbarum",143.55,-35.3167,NA,163,368,38,314,54.56000137
"Ficus carica",138.45618,-35.30037,NA,159,569,76,260,10.19402981
"Fumaria muralis",144.52258,-35.30028,NA,164,392,38,318,55
"Lycium barbarum",138.48,-35.3,NA,159,569,76,260,10.19402981
"Lycium barbarum",138.483333,-35.3,NA,159,569,76,260,10.19402981
"Ficus carica",138.55,-35.3,NA,150,735,67,257,10
"Euphorbia helioscopia",148.22,-35.3,NA,146,876,11,308,11
"Festuca arundinacea",148.9333,-35.3,NA,131,767,-2,285,11
"Lycium barbarum",149.08,-35.3,NA,129,692,-3,282,11
"Lycium barbarum",149.0833,-35.3,NA,129,692,-3,282,11
"Fumaria muralis",149.1,-35.3,NA,129,651,-3,280,11
"Festuca arundinacea",149.125,-35.3,NA,129,651,-3,280,11
"Festuca arundinacea",149.2167,-35.2833,NA,128,651,-3,277,11
"Fumaria muralis",147.08,-35.28,NA,156,581,28,315,10.75
"Fumaria muralis",149.1,-35.28,NA,129,651,-3,280,11
"Fallopia convolvulus",149.11,-35.28,NA,129,651,-3,280,11
"Fumaria muralis",149.13,-35.28,NA,129,651,-3,280,11
"Festuca arundinacea",149.21,-35.28,NA,128,651,-3,277,11
"Fumaria muralis",147.07257,-35.2763,NA,156,581,28,315,10.75
"Ficus carica",136.890278,-35.2725,NA,159,497,89,250,7
"Fumaria muralis",136.890556,-35.272222,NA,159,497,89,250,7
"Fumaria muralis",148.9667,-35.2667,NA,131,767,-2,285,11
"Fumaria muralis",138.90178,-35.26638,NA,154,517,63,267,10.64999962
"Fumaria muralis",149.1,-35.26,NA,129,651,-3,280,11
"Festuca arundinacea",149.05,-35.25,NA,129,692,-3,282,11
"Festuca arundinacea",149.08,-35.25,NA,129,692,-3,282,11
"Euphorbia helioscopia",149.11,-35.25,NA,129,651,-3,280,11
"Euphorbia helioscopia",149.1167,-35.25,NA,129,651,-3,280,11
"Festuca arundinacea",149.15,-35.25,NA,129,651,-3,280,11
"Euphorbia helioscopia",136.843611,-35.239167,NA,160,480,89,252,7
"Festuca arundinacea",139.419722,-35.230556,NA,158,373,54,288,11
"Lycium barbarum",138.4917,-35.225,NA,161,545,75,267,11
"Festuca arundinacea",174.18944,-35.21983,NA,160,1609,82,246,46
"Ficus carica",138.6,-35.2167,NA,149,785,62,263,10.02999973
"Festuca arundinacea",149.15,-35.2167,NA,128,673,-3,280,11
"Euphorbia helioscopia",137.013611,-35.2025,NA,160,478,86,255,7
"Ficus carica",138.469167,-35.201111,NA,161,545,75,267,11
"Euphorbia helioscopia",137.01512,-35.20098,NA,160,478,86,255,7
"Fumaria muralis",147.1,-35.2,NA,156,580,27,315,11
"Euphorbia helioscopia",148.2,-35.2,NA,148,833,13,310,11
"Festuca arundinacea",150.4,-35.2,NA,153,1238,51,252,10.35999966
"Festuca arundinacea",138.75,-35.183333,NA,142,795,52,263,7.639999866
"Fumaria muralis",139.11198,-35.17072,NA,155,386,57,279,11.89999962
"Fumaria muralis",149.0667,-35.1667,NA,129,704,-2,283,11
"Fumaria muralis",149.3833,-35.1667,NA,119,745,-7,266,10.32966995
"Fumaria muralis",139.066667,-35.166667,NA,156,398,59,277,11
"Fumaria muralis",138.5552,-35.15907,NA,156,648,69,270,10.98999977
"Fumaria muralis",138.4667,-35.1333,NA,162,533,74,272,11
"Fumaria muralis",138.7167,-35.1167,NA,145,831,55,267,10
"Fumaria muralis",137.616667,-35.116667,NA,162,424,80,266,23
"Fumaria muralis",117.916666,-35.116666,NA,156,893,77,244,3
"Festuca arundinacea",138.583611,-35.110556,NA,150,783,62,268,10.26000023
"Ficus carica",148.6694,-35.1008,NA,130,931,-2,287,21.64999962
"Fallopia convolvulus",150.4,-35.1,NA,147,1244,42,251,10.38000011
"Ficus carica",138.676111,-35.084444,NA,145,831,55,267,10
"Festuca arundinacea",138.683333,-35.083333,NA,141,951,50,267,10
"Lycium barbarum",138.866667,-35.066667,NA,140,774,45,272,9.319999695
"Euphorbia helioscopia",137.32,-35.050278,NA,160,457,79,264,7
"Ficus carica",138.6,-35.05,NA,150,771,60,272,10.10999966
"Lycium barbarum",138.6,-35.05,NA,150,771,60,272,10.10999966
"Festuca arundinacea",138.75,-35.05,NA,143,837,49,271,10
"Fumaria muralis",138.75,-35.05,NA,143,837,49,271,10
"Fumaria muralis",147.35,-35.05,NA,157,561,27,317,20
"Ficus carica",138.60443,-35.04846,NA,150,771,60,272,10.10999966
"Festuca arundinacea",117.591666,-35.048055,NA,156,934,77,250,3
"Fumaria muralis",116.926388,-35.045,NA,157,1128,78,257,3
"Festuca arundinacea",138.575,-35.039167,NA,159,584,69,276,10.97894764
"Ficus carica",138.575,-35.039167,NA,159,584,69,276,10.97894764
"Euphorbia helioscopia",137.183333,-35.033333,NA,159,473,79,262,7
"Festuca arundinacea",149.75,-35.0333,NA,126,730,3,266,11
"Fumaria muralis",117.879722,-35.031388,NA,159,881,79,248,3
"Festuca arundinacea",149.75,-35.03,NA,126,730,3,266,11
"Fumaria muralis",138.67,-35.0275,NA,141,951,50,267,10
"Fumaria muralis",138.67133,-35.02615,NA,141,951,50,267,10
"Fumaria muralis",138.593056,-35.023333,NA,150,771,60,272,10.10999966
"Fumaria muralis",138.5175,-35.02,NA,159,584,69,276,10.97894764
"Lycium barbarum",149.65,-35.01,NA,122,763,-2,265,11
"Festuca arundinacea",139.350278,-35.008056,NA,159,336,53,292,11
"Ficus carica",138.676944,-35.006111,NA,141,951,50,267,10
"Festuca arundinacea",-60,-35,NA,163,966,43,319,18.52000046
"Galium palustre",-58.5,-35,NA,161,979,50,299,37
"Fumaria muralis",117,-35,NA,158,1102,78,257,3
"Fumaria muralis",117.4,-35,NA,158,1025,78,255,3
"Fumaria muralis",117.8,-35,NA,157,888,78,248,3
"Ficus carica",148.7,-35,NA,132,887,-1,290,11.75
"Fumaria muralis",148.83,-35,NA,133,834,0,291,11
"Fumaria muralis",148.8333,-35,NA,133,834,0,291,11
"Euphorbia helioscopia",150.5,-35,NA,162,1277,67,252,11
"Fumaria muralis",150.5,-35,NA,162,1277,67,252,11
"Euphorbia helioscopia",137.25,-34.996111,NA,162,436,79,268,9.580645561
"Euphorbia helioscopia",137.25133,-34.99479,NA,162,436,79,268,9.580645561
"Ficus carica",138.63,-34.9916,NA,159,608,65,282,10.55000019
"Fumaria muralis",117.95,-34.983888,NA,159,820,78,251,8.840000153
"Fumaria muralis",138.716667,-34.983333,NA,139,968,46,268,10
"Fumaria muralis",138.69514,-34.97253,NA,139,968,46,268,10
"Fumaria muralis",138.63,-34.97,NA,159,608,65,282,10.55000019
"Festuca arundinacea",117.35,-34.9667,NA,157,991,76,258,3
"Fallopia convolvulus",138.566667,-34.966667,NA,165,487,71,284,10.95833302
"Festuca arundinacea",138.7,-34.966667,NA,139,968,46,268,10
"Ficus carica",138.646389,-34.962222,NA,159,608,65,282,10.55000019
"Fumaria muralis",138.646389,-34.962222,NA,159,608,65,282,10.55000019
"Ficus carica",138.671389,-34.961944,NA,139,968,46,268,10
"Festuca arundinacea",139.31387,-34.96033,NA,160,311,54,293,43.75999832
"Festuca arundinacea",139.313889,-34.960278,NA,160,311,54,293,43.75999832
"Festuca arundinacea",117.356666,-34.956388,NA,157,991,76,258,3
"Fumaria muralis",117.356666,-34.956388,NA,157,991,76,258,3
"Fumaria muralis",138.666667,-34.95,NA,139,968,46,268,10
"Fumaria muralis",138.8,-34.95,NA,138,940,43,270,10
"Festuca arundinacea",138.67186,-34.93059,NA,139,968,46,268,10
"Lycium barbarum",138.512778,-34.928056,NA,165,487,71,284,10.95833302
"Fumaria muralis",138.723889,-34.924167,NA,139,968,46,268,10
"Euphorbia helioscopia",138.597222,-34.918333,NA,159,608,65,282,10.55000019
"Fumaria muralis",138.497778,-34.916944,NA,166,462,72,284,10
"Fumaria muralis",138.76224,-34.91227,NA,141,833,45,274,10
"Euphorbia helioscopia",137.23007,-34.91158,NA,164,423,81,270,7
"Fumaria muralis",138.529444,-34.906944,NA,166,472,70,288,8.640000343
"Festuca arundinacea",138.710278,-34.906667,NA,153,702,56,282,10.06000042
"Festuca arundinacea",149.8,-34.9,NA,126,722,4,266,11
"Euphorbia helioscopia",150.65,-34.9,NA,169,1263,72,257,11.93617058
"Euphorbia helioscopia",150.67,-34.9,NA,170,1373,76,254,14.29268265
"Fumaria muralis",150.67,-34.9,NA,170,1373,76,254,14.29268265
"Fumaria muralis",138.579722,-34.876111,NA,166,472,70,288,8.640000343
"Festuca arundinacea",138.683333,-34.866667,NA,153,702,56,282,10.06000042
"Fumaria muralis",138.733333,-34.866667,NA,153,702,56,282,10.06000042
"Ficus carica",138.75,-34.866667,NA,141,833,45,274,10
"Ficus carica",138.73901,-34.86426,NA,153,702,56,282,10.06000042
"Festuca arundinacea",138.633,-34.85,NA,164,545,66,289,10.96000004
"Fumaria muralis",138.833333,-34.85,NA,141,833,45,274,10
"Fumaria muralis",148.91,-34.85,NA,135,733,2,293,11
"Fumaria muralis",148.9167,-34.85,NA,134,724,2,290,11
"Festuca arundinacea",138.84225,-34.83897,NA,137,845,40,273,10
"Festuca arundinacea",138.75,-34.833333,NA,143,752,45,278,10
"Fumaria muralis",139.36922,-34.81722,NA,158,317,50,296,13.72999954
"Fumaria muralis",118.133611,-34.808888,NA,153,671,69,253,11
"Lycium barbarum",147.03,-34.8,NA,162,516,30,321,11
"Fallopia convolvulus",150.6,-34.8,NA,159,1541,58,253,20.88999939
"Euphorbia helioscopia",150.7,-34.8,NA,169,1459,73,256,21
"Fumaria muralis",150.7,-34.8,NA,169,1459,73,256,21
"Fumaria muralis",138.98058,-34.77447,NA,137,756,37,275,10
"Festuca arundinacea",149.72,-34.75,NA,129,690,5,271,11
"Euphorbia helioscopia",135.866667,-34.733333,NA,161,531,84,250,22.64864922
"Euphorbia helioscopia",146.79245,-34.733295,NA,165,483,32,323,11
"Festuca arundinacea",149.97649,-34.72947,NA,129,761,8,264,11
"Euphorbia helioscopia",135.754722,-34.728611,NA,158,555,83,247,23
"Fumaria muralis",139.466667,-34.716667,NA,159,309,48,299,11
"Fumaria muralis",149.73709,-34.707077,NA,128,696,6,271,11
"Festuca arundinacea",149,-34.7,NA,128,750,-1,283,11
"Fallopia convolvulus",150.7,-34.7,NA,148,1875,47,244,21.21999931
"Fumaria muralis",135.511667,-34.696389,NA,159,550,85,244,23
"Euphorbia helioscopia",138.81789,-34.6935,NA,149,640,49,284,10.06000042
"Festuca arundinacea",138.701111,-34.689167,NA,159,550,58,291,10.93999958
"Fumaria muralis",138.690278,-34.681944,NA,159,550,58,291,10.93999958
"Fumaria muralis",117.440833,-34.656666,NA,151,724,64,268,11
"Festuca arundinacea",117.646388,-34.656388,NA,151,710,62,268,7.400000095
"Fumaria muralis",150.85948,-34.653778,NA,171,1400,74,256,23.04999924
"Festuca arundinacea",135.733333,-34.65,NA,156,570,79,247,18.87999916
"Euphorbia helioscopia",148.0333,-34.6333,NA,151,683,17,315,11
"Galium palustre",150.5081,-34.6264,NA,132,1649,22,242,13.97000027
"Fumaria muralis",117.665,-34.626388,NA,151,710,62,268,7.400000095
"Fumaria muralis",20.125,-34.625,NA,172,491,89,255,20.65999985
"Festuca arundinacea",149.41,-34.625,NA,117,845,-4,265,11
"Festuca arundinacea",149.4167,-34.625,NA,118,822,-3,265,11
"Fumaria muralis",143.65103,-34.623947,NA,169,366,36,325,55
"Fumaria muralis",146.28989,-34.61688,NA,167,453,33,324,11
"Fumaria muralis",135.433333,-34.616667,NA,162,531,86,248,21.68852425
"Festuca arundinacea",117.2,-34.6,NA,151,787,65,267,4.28000021
"Fumaria muralis",117.4,-34.6,NA,150,739,63,267,6.519999981
"Festuca arundinacea",117.6,-34.6,NA,151,710,62,268,7.400000095
"Fumaria muralis",117.6,-34.6,NA,151,710,62,268,7.400000095
"Festuca arundinacea",150,-34.6,NA,131,785,10,263,10.90999985
"Fumaria muralis",139.05402,-34.58632,NA,137,687,34,277,10
"Festuca arundinacea",139.01344,-34.58472,NA,137,687,34,277,10
"Ficus carica",139.01344,-34.58472,NA,137,687,34,277,10
"Galium palustre",150.533,-34.575,NA,130,1516,19,242,11.63000011
"Fumaria muralis",150.86311,-34.57113,NA,172,1385,73,258,24
"Festuca arundinacea",117.166666,-34.561666,NA,151,751,63,270,10.11999989
"Fumaria muralis",150.38,-34.55,NA,130,1046,13,250,10.81999969
"Fumaria muralis",150.53,-34.55,NA,130,1516,19,242,11.63000011
"Ficus carica",139.020833,-34.549722,NA,140,628,36,280,10
"Fumaria muralis",138.95,-34.533333,NA,148,567,44,285,10.19999981
"Galium palustre",150.4,-34.5306,NA,130,1046,13,250,10.81999969
"Galium palustre",150.417,-34.5214,NA,130,1245,16,246,11
"Galium palustre",150.35,-34.52,NA,130,1046,13,250,10.81999969
"Fumaria muralis",146.51016,-34.500034,NA,164,489,31,320,11
"Festuca arundinacea",148.8,-34.5,NA,132,739,0,290,11
"Fallopia convolvulus",150.3,-34.5,NA,130,932,12,253,10.85000038
"Fumaria muralis",150.4,-34.5,NA,130,1046,13,250,10.81999969
"Fumaria muralis",150.5,-34.5,NA,130,1516,19,242,11.63000011
"Galium palustre",150.5,-34.5,NA,130,1516,19,242,11.63000011
"Fumaria muralis",146.50447,-34.48357,NA,164,487,30,320,11
"Fumaria muralis",146.02542,-34.472572,NA,168,420,32,324,11
"Festuca arundinacea",149.5572,-34.4647,NA,113,896,-5,256,11
"Euphorbia helioscopia",147.52,-34.45,NA,158,580,25,320,11
"Fumaria muralis",150.45,-34.45,NA,131,1108,15,248,10.98999977
"Festuca arundinacea",150.89809,-34.440926,NA,172,1404,70,260,24
"Euphorbia helioscopia",19.23,-34.44,NA,163,576,84,241,5
"Fumaria muralis",137.671944,-34.433056,NA,163,437,67,289,11.47999954
"Euphorbia helioscopia",150.77469,-34.421936,NA,163,1426,57,257,24
"Festuca arundinacea",149.5833,-34.4125,NA,114,880,-4,258,10.27999973
"Fumaria muralis",116,-34.4,NA,147,1096,64,263,10
"Fumaria muralis",116.2,-34.4,NA,149,997,64,268,10
"Fallopia convolvulus",147.5,-34.4,NA,160,567,27,321,11
"Galium palustre",150.4,-34.4,NA,132,961,13,254,10.57999992
"Fallopia convolvulus",150.5,-34.4,NA,141,1155,22,254,10
"Fumaria muralis",18.875,-34.375,NA,157,706,81,240,28
"Fumaria muralis",20.375,-34.375,NA,174,546,70,277,12.35999966
"Fumaria muralis",21.375,-34.375,NA,172,514,66,267,5
"Fumaria muralis",115.128055,-34.373333,NA,165,1059,99,242,6.285714149
"Lycium barbarum",139.140556,-34.361389,NA,145,494,39,287,11
"Ficus carica",138.822222,-34.339444,NA,157,494,51,299,11
"Fumaria muralis",115.15,-34.333333,NA,166,1051,100,245,5.639175415
"Fumaria muralis",116.1725,-34.329722,NA,148,953,61,271,10
"Ficus carica",138.9167,-34.3167,NA,150,499,44,294,11
"Ficus carica",138.91,-34.31,NA,149,547,43,293,11
"Fumaria muralis",116.036944,-34.302778,NA,146,1050,61,266,10
"Fumaria muralis",136.135556,-34.293611,NA,164,354,78,268,9.010000229
"Fumaria muralis",116.064722,-34.288889,NA,146,1050,61,266,10
"Fumaria muralis",137.870833,-34.278611,NA,164,386,63,297,11
"Euphorbia helioscopia",146.02,-34.27,NA,168,416,32,323,11
"Fumaria muralis",146.02,-34.27,NA,168,416,32,323,11
"Fumaria muralis",116.145,-34.243333,NA,148,958,59,273,10
"Festuca arundinacea",116.144722,-34.243055,NA,148,958,59,273,10
"Fumaria muralis",144.37167,-34.240788,NA,172,348,38,328,55
"Fumaria muralis",145.97185,-34.224144,NA,169,414,33,324,11
"Euphorbia helioscopia",115,-34.2,NA,165,1064,98,247,6.842105389
"Euphorbia helioscopia",115.016388,-34.2,NA,165,1064,98,247,6.842105389
"Festuca arundinacea",116,-34.2,NA,147,999,59,270,10
"Fumaria muralis",116,-34.2,NA,147,999,59,270,10
"Festuca arundinacea",116.2,-34.2,NA,148,909,59,275,10
"Fumaria muralis",116.2,-34.2,NA,148,909,59,275,10
"Fumaria muralis",146,-34.2,NA,168,414,32,324,11
"Fallopia convolvulus",148.9,-34.2,NA,139,694,6,297,11
"Festuca arundinacea",150.63,-34.2,NA,158,985,29,271,10.27999973
"Fumaria muralis",146.26962,-34.1884,NA,166,455,30,322,11
"Festuca arundinacea",116.015,-34.186666,NA,147,999,59,270,10
"Fumaria muralis",150.84007,-34.184635,NA,154,1448,41,253,10.03999996
"Fumaria muralis",146.28271,-34.180363,NA,166,455,30,322,11
"Fumaria muralis",146.17,-34.17,NA,168,434,32,324,11
"Euphorbia helioscopia",147.37,-34.15,NA,164,512,31,322,11
"Lycium barbarum",147.37,-34.15,NA,164,512,31,322,11
"Euphorbia helioscopia",150.32,-34.15,NA,150,866,17,277,11
"Festuca arundinacea",150.70996,-34.13063,NA,165,890,35,276,10.96000004
"Festuca arundinacea",151,-34.13,NA,167,1390,59,259,10
"Festuca arundinacea",150.71315,-34.129482,NA,165,890,35,276,10.96000004
"Festuca arundinacea",18.375,-34.125,NA,163,887,85,245,28
"Fumaria muralis",18.875,-34.125,NA,162,765,69,266,14.923913
"Fumaria muralis",19.375,-34.125,NA,156,683,55,261,10.25
"Fumaria muralis",21.375,-34.125,NA,170,452,50,278,7.340000153
"Fumaria muralis",23.375,-34.125,NA,166,926,78,245,28
"Fallopia convolvulus",24.875,-34.125,NA,172,649,95,239,12.77499962
"Fumaria muralis",150.80878,-34.108955,NA,163,1003,40,270,10.10000038
"Lycium barbarum",141.85638,-34.10027,NA,173,290,44,330,46.63999939
"Euphorbia helioscopia",147.4,-34.1,NA,164,512,31,322,11
"Lycium barbarum",147.4,-34.1,NA,164,512,31,322,11
"Euphorbia helioscopia",150.3,-34.1,NA,150,866,17,277,11
"Festuca arundinacea",150.6,-34.1,NA,159,939,27,274,10.97000027
"Ficus carica",150.75,-34.1,NA,163,1003,40,270,10.10000038
"Fumaria muralis",139.049167,-34.076667,NA,146,435,37,293,11
"Fumaria muralis",116.195833,-34.075277,NA,147,839,52,282,10
"Euphorbia helioscopia",150.82,-34.07,NA,168,858,40,277,10.5
"Fumaria muralis",150.82,-34.07,NA,168,858,40,277,10.5
"Lycium barbarum",150.82,-34.07,NA,168,858,40,277,10.5
"Fumaria muralis",151.16017,-34.04042,NA,175,1229,68,263,10
"Fumaria muralis",151.08427,-34.03676,NA,175,1229,68,263,10
"Fumaria muralis",115.113888,-34.002777,NA,164,1062,93,257,18.19000053
"Festuca arundinacea",115,-34,NA,165,1069,95,254,14.11111069
"Ficus carica",115,-34,NA,165,1069,95,254,14.11111069
"Fumaria muralis",115,-34,NA,165,1069,95,254,14.11111069
"Fumaria muralis",115.2,-34,NA,164,1040,91,260,10
"Fumaria muralis",116.2,-34,NA,147,839,52,282,10
"Fumaria muralis",116.4,-34,NA,147,767,52,283,10.06999969
"Fumaria muralis",118.4,-34,NA,155,374,58,284,11
"Fallopia convolvulus",150.7,-34,NA,167,835,35,282,11
"Euphorbia helioscopia",150.8,-34,NA,168,858,40,277,10.5
"Fallopia convolvulus",150.8,-34,NA,168,858,40,277,10.5
"Festuca arundinacea",150.8,-34,NA,168,858,40,277,10.5
"Ficus carica",150.8,-34,NA,168,858,40,277,10.5
"Fumaria muralis",150.8,-34,NA,168,858,40,277,10.5
"Lycium barbarum",150.8,-34,NA,168,858,40,277,10.5
"Fumaria muralis",151.23,-33.98,NA,176,1203,72,262,3
"Fumaria muralis",151.12,-33.97,NA,175,1173,66,266,4.359550476
"Euphorbia helioscopia",137.7167,-33.9667,NA,169,376,62,305,11
"Euphorbia helioscopia",137.7166,-33.9666,NA,169,376,62,305,11
"Festuca arundinacea",150.89163,-33.96508,NA,172,868,47,278,10.06999969
"Fumaria muralis",116.138199,-33.960155,NA,148,839,51,287,10.96000004
"Fumaria muralis",118.368055,-33.96,NA,156,367,57,288,11
"Fumaria muralis",150.82144,-33.959347,NA,168,838,39,279,10.93999958
"Euphorbia helioscopia",150.86946,-33.9541,NA,172,868,47,278,10.06999969
NA,NA,NA,NA,NA,NA,NA,NA,NA
"Festuca arundinacea",115.071666,-33.951666,NA,165,1072,93,258,21.39999962
"Euphorbia helioscopia",18.4,-33.95,NA,156,1077,74,246,21.6935482
"Fumaria muralis",120.116666,-33.95,NA,170,513,76,285,7
"Fumaria muralis",115.068185,-33.948812,NA,165,1072,93,258,21.39999962
"Euphorbia helioscopia",137.6225,-33.938056,NA,170,372,64,303,11
NA,NA,NA,NA,NA,NA,NA,NA,NA
"Fumaria muralis",116.470888,-33.931388,NA,150,704,53,290,10.56000042
"Euphorbia helioscopia",147.25,-33.92,NA,165,504,31,320,11
"Euphorbia helioscopia",150.9,-33.92,NA,172,868,47,278,10.06999969
"Fumaria muralis",149.3643,-33.919186,NA,131,783,2,280,10.53999996
"Fumaria muralis",150.84698,-33.91201,NA,171,887,46,279,10.97999954
"Fumaria muralis",150.84212,-33.911926,NA,171,887,46,279,10.97999954
"Festuca arundinacea",150.60162,-33.902245,NA,165,902,29,285,11
"Fumaria muralis",151.22,-33.9,NA,176,1275,70,262,3
"Festuca arundinacea",150.84769,-33.892414,NA,171,887,46,279,10.97999954
"Festuca arundinacea",151.2,-33.88,NA,176,1275,70,262,3
"Euphorbia helioscopia",18.375,-33.875,NA,168,841,79,262,5
"Festuca arundinacea",18.375,-33.875,NA,168,841,79,262,5
"Fumaria muralis",18.375,-33.875,NA,168,841,79,262,5
"Fumaria muralis",18.625,-33.875,NA,165,744,68,271,14.60000038
"Euphorbia helioscopia",18.875,-33.875,NA,163,919,64,281,17.14999962
"Festuca arundinacea",18.875,-33.875,NA,163,919,64,281,17.14999962
"Fumaria muralis",18.875,-33.875,NA,163,919,64,281,17.14999962
"Festuca arundinacea",19.625,-33.875,NA,159,511,47,280,27.60000038
"Fumaria muralis",20.625,-33.875,NA,155,423,30,282,28
"Fumaria muralis",21.125,-33.875,NA,161,402,34,283,28
"Euphorbia helioscopia",22.375,-33.875,NA,145,630,46,247,28
"Fumaria muralis",22.375,-33.875,NA,145,630,46,247,28
"Fumaria muralis",22.625,-33.875,NA,151,739,59,244,27.86000061
"Ficus carica",148.6714,-33.8739,NA,154,639,17,315,11
"Euphorbia helioscopia",151.12,-33.87,NA,176,1144,65,267,3
"Ficus carica",115.865555,-33.861111,NA,150,936,55,285,11
"Lycium barbarum",151.27,-33.85,NA,175,1268,72,259,3
"Ficus carica",138.6333,-33.8333,NA,148,621,33,300,11
"Fumaria muralis",151.1333,-33.8333,NA,173,1181,61,267,9.25252533
"Fumaria muralis",151.13,-33.83,NA,173,1181,61,267,9.25252533
"Fumaria muralis",151.22,-33.83,NA,173,1301,64,262,9.134020805
"Fumaria muralis",151.27,-33.83,NA,175,1294,69,262,8.600000381
"Euphorbia helioscopia",148.67,-33.82,NA,153,663,16,316,11
"Fallopia convolvulus",115,-33.8,NA,164,986,91,263,23
"Fumaria muralis",115,-33.8,NA,164,986,91,263,23
"Fallopia convolvulus",146.9,-33.8,NA,164,492,28,320,11
"Euphorbia helioscopia",147.3,-33.8,NA,167,503,31,321,11
"Fallopia convolvulus",150.9,-33.8,NA,171,891,45,280,11
"Euphorbia helioscopia",151.02,-33.8,NA,173,1057,55,272,11
"Euphorbia helioscopia",151.1,-33.8,NA,173,1181,61,267,9.25252533
"Fallopia convolvulus",151.1,-33.8,NA,173,1181,61,267,9.25252533
"Fumaria muralis",151.1,-33.8,NA,173,1181,61,267,9.25252533
"Festuca arundinacea",151.2,-33.8,NA,173,1301,64,262,9.134020805
"Lycium barbarum",151.3,-33.8,NA,175,1294,69,262,8.600000381
"Fumaria muralis",151.16,-33.780003,NA,173,1181,61,267,9.25252533
"Festuca arundinacea",138.566667,-33.766667,NA,151,579,36,302,11
"Fumaria muralis",151.24478,-33.763706,NA,173,1301,64,262,9.134020805
"Fumaria muralis",151.07,-33.75,NA,173,1057,55,272,11
"Fumaria muralis",151.0287,-33.74882,NA,166,1155,48,267,10.56000042
"Fumaria muralis",150.67079,-33.747517,NA,171,899,34,288,11
"Euphorbia helioscopia",151,-33.72,NA,166,1155,48,267,10.56000042
"Fumaria muralis",151.1,-33.72,NA,167,1237,53,264,10
"Festuca arundinacea",150.332,-33.7125,NA,124,1251,11,244,10.09000015
"Fumaria muralis",150.87375,-33.71114,NA,172,873,43,282,10.98999977
"Fumaria muralis",151.08888,-33.709057,NA,167,1237,53,264,10
"Fumaria muralis",151.02719,-33.706497,NA,166,1155,48,267,10.56000042
"Fumaria muralis",150.93094,-33.704258,NA,171,972,47,276,10.94999981
"Euphorbia helioscopia",148.7,-33.7,NA,150,713,13,313,11
"Euphorbia helioscopia",151,-33.7,NA,166,1155,48,267,10.56000042
"Euphorbia helioscopia",151.1,-33.7,NA,167,1237,53,264,10
"Fumaria muralis",151.1,-33.7,NA,167,1237,53,264,10
"Fumaria muralis",151.28452,-33.692314,NA,173,1296,65,262,10
"Lycium barbarum",150.88611,-33.688374,NA,172,873,43,282,10.98999977
"Euphorbia helioscopia",151.2145,-33.687492,NA,169,1291,59,261,10
"Ficus carica",115.216666,-33.683333,NA,166,880,86,277,22.39999962
"Euphorbia helioscopia",138.9,-33.683333,NA,144,489,28,297,11
"Euphorbia helioscopia",138.93,-33.68,NA,144,441,29,297,11
"Fumaria muralis",151.29028,-33.673683,NA,173,1296,65,262,10
"Euphorbia helioscopia",138.966667,-33.666667,NA,144,441,29,297,11
"Fumaria muralis",115.3162,-33.661216,NA,165,840,82,284,3
"Festuca arundinacea",150.28114,-33.65962,NA,119,1260,12,235,10
"Fumaria muralis",115.00818,-33.655199,NA,165,873,89,268,23
"Fumaria muralis",115.008,-33.655,NA,165,873,89,268,23
"Euphorbia helioscopia",147.37,-33.65,NA,169,500,33,324,46.5087738
"Fumaria muralis",151.05,-33.65,NA,165,1156,45,268,10.21000004
"Ficus carica",115.422222,-33.638888,NA,164,852,75,291,10.77777767
"Fumaria muralis",117.8833,-33.6333,NA,156,387,53,299,11
"Fumaria muralis",117.88,-33.63,NA,156,387,53,299,11
"Fumaria muralis",18.875,-33.625,NA,174,682,62,298,18.90999985
"Fumaria muralis",21.625,-33.625,NA,162,281,35,287,28
"Fumaria muralis",22.625,-33.625,NA,138,596,35,249,28
"Fumaria muralis",24.375,-33.625,NA,156,573,44,262,28
"Fumaria muralis",26.625,-33.625,NA,183,577,101,253,13.56000042
"Fumaria muralis",151.15,-33.62,NA,168,1212,51,266,10
"Fumaria muralis",150.75,-33.6167,NA,173,877,36,288,11
"Festuca arundinacea",150.76035,-33.60336,NA,173,877,36,288,11
"Lycium barbarum",150.76035,-33.60336,NA,173,877,36,288,11
"Fumaria muralis",115,-33.6,NA,165,873,89,268,23
"Ficus carica",115.2,-33.6,NA,167,849,87,279,20.5
"Fumaria muralis",115.4,-33.6,NA,164,835,78,288,3.606060505
"Fumaria muralis",118,-33.6,NA,156,366,52,298,11
"Festuca arundinacea",150.4,-33.6,NA,128,1261,12,248,10
"Fumaria muralis",150.72,-33.6,NA,171,897,33,290,13.10000038
"Festuca arundinacea",150.75,-33.6,NA,173,877,36,288,11
"Euphorbia helioscopia",151,-33.6,NA,165,1156,45,268,10.21000004
"Fallopia convolvulus",151.1,-33.6,NA,168,1212,51,266,10
"Fumaria muralis",151.1,-33.6,NA,168,1212,51,266,10
"Euphorbia helioscopia",148.67,-33.57,NA,157,665,16,323,11
"Fumaria muralis",150.67,-33.57,NA,168,945,30,288,19.60000038
"Euphorbia helioscopia",147.45,-33.5667,NA,170,499,34,326,55
"Lycium barbarum",150.88,-33.56,NA,173,924,40,286,10.52000046
"Fumaria muralis",115.016666,-33.533333,NA,168,836,92,271,23
"Ficus carica",116.1,-33.53,NA,149,852,44,301,11
"Fumaria muralis",150.6257,-33.524746,NA,153,1192,22,273,14.30000019
"Fumaria muralis",151.175,-33.516667,NA,171,1243,54,267,10
"Fumaria muralis",148.66,-33.5,NA,159,654,18,326,11
"Fumaria muralis",148.6667,-33.5,NA,157,665,16,323,11
"Euphorbia helioscopia",148.7,-33.5,NA,157,665,16,323,11
"Fumaria muralis",150.5,-33.5,NA,148,1231,18,271,10.89999962
"Fallopia convolvulus",150.7,-33.5,NA,168,945,30,288,19.60000038
"Festuca arundinacea",150.7,-33.5,NA,168,945,30,288,19.60000038
"Fumaria muralis",150.7,-33.5,NA,168,945,30,288,19.60000038
"Fumaria muralis",151.2,-33.5,NA,171,1243,54,267,10
"Fumaria muralis",150.13838,-33.499115,NA,119,929,6,244,10.61999989
"Fumaria muralis",150.72156,-33.48048,NA,164,998,29,285,11.94999981
"Fumaria muralis",151.40666,-33.469215,NA,174,1369,62,264,10
"Fumaria muralis",151.39552,-33.464973,NA,174,1369,62,264,10
"Festuca arundinacea",149.02,-33.45,NA,121,937,2,268,11
"Fumaria muralis",151.42932,-33.441055,NA,175,1358,66,262,10.0967741
"Festuca arundinacea",-70.68,-33.43,NA,147,355,28,297,33
"Fumaria muralis",149.38,-33.43,NA,115,840,-3,257,11
"Fallopia convolvulus",150.78531,-33.427345,NA,169,974,33,287,20
"Fumaria muralis",151.36832,-33.424484,NA,174,1369,62,264,10
"Ficus carica",116.1,-33.4,NA,149,890,42,304,7
"Fumaria muralis",116.8,-33.4,NA,153,532,48,305,11
"Fallopia convolvulus",117.8,-33.4,NA,160,383,54,307,20.10000038
"Festuca arundinacea",149,-33.4,NA,115,991,0,259,12.5
"Fallopia convolvulus",149.3,-33.4,NA,121,833,0,264,11
"Fallopia convolvulus",150.6,-33.4,NA,156,1059,23,280,10
"Fumaria muralis",151.37325,-33.38793,NA,172,1368,59,264,10.27999973
"Fumaria muralis",151.37442,-33.385338,NA,172,1368,59,264,10.27999973
"Festuca arundinacea",151.37354,-33.38312,NA,172,1368,59,264,10.27999973
"Fumaria muralis",18.375,-33.375,NA,166,434,76,265,19.5
"Fumaria muralis",22.125,-33.375,NA,138,393,19,269,28
"Fumaria muralis",22.375,-33.375,NA,125,492,13,250,28
"Fumaria muralis",23.375,-33.375,NA,151,461,31,278,20.42000008
"Fallopia convolvulus",25.875,-33.375,NA,176,459,52,284,20.64999962
"Fumaria muralis",25.875,-33.375,NA,176,459,52,284,20.64999962
"Fallopia convolvulus",26.375,-33.375,NA,171,621,59,268,19.47999954
"Fallopia convolvulus",26.625,-33.375,NA,178,610,73,270,14.96000004
"Fumaria muralis",26.625,-33.375,NA,178,610,73,270,14.96000004
"Fumaria muralis",151.27908,-33.36592,NA,165,1336,50,262,10
"Fumaria muralis",148.631,-33.3539,NA,157,667,18,318,11
"Euphorbia helioscopia",149.083,-33.3514,NA,115,991,0,259,12.5
"Fumaria muralis",116.731666,-33.341666,NA,150,570,45,302,11
"Fumaria muralis",151.5027,-33.33329,NA,178,1284,75,261,11
"Festuca arundinacea",115.633333,-33.316666,NA,168,824,71,303,3
"Euphorbia helioscopia",146.37,-33.3,NA,175,458,33,333,11
"Fumaria muralis",148.6,-33.3,NA,155,686,17,314,11
"Fumaria muralis",148.73,-33.3,NA,152,691,15,312,11
"Lycium barbarum",150.02,-33.3,NA,122,816,3,253,10.64999962
"Ficus carica",138.382778,-33.296944,NA,159,472,43,307,11
"Fumaria muralis",148.9333,-33.2667,NA,126,972,3,275,13.10000038
"Fumaria muralis",149.9333,-33.2667,NA,122,794,2,257,11.06000042
"Fumaria muralis",115.733333,-33.266666,NA,168,842,68,305,5.134831429
"Fumaria muralis",148.9333,-33.2666,NA,126,972,3,275,13.10000038
"Fumaria muralis",151.3291,-33.258133,NA,166,1274,49,264,10.18000031
"Festuca arundinacea",149.11644,-33.2339,NA,125,916,2,272,11
"Fumaria muralis",115.8,-33.2,NA,167,867,66,307,4.460000038
"Fumaria muralis",148.7,-33.2,NA,152,686,15,311,11
"Lycium barbarum",150,-33.2,NA,129,760,5,263,10.89000034
"Fumaria muralis",138.299167,-33.186389,NA,161,484,44,307,11
"Fumaria muralis",149.23914,-33.1654,NA,133,819,4,282,11
"Fumaria muralis",151.5,-33.0833,NA,177,1155,66,270,11
"Fumaria muralis",115.891388,-33.078055,NA,168,909,66,307,6.360000134
"Euphorbia helioscopia",151.42,-33.07,NA,175,1133,60,273,11
"Fumaria muralis",151.52,-33.07,NA,177,1155,66,270,11
"Ficus carica",115.8833,-33.0667,NA,168,909,66,307,6.360000134
"Euphorbia helioscopia",115.8,-33,NA,169,893,69,305,5.349999905
"Fumaria muralis",115.8,-33,NA,169,893,69,305,5.349999905
"Euphorbia helioscopia",151.4,-33,NA,163,1133,47,265,11
"Fumaria muralis",151.5,-33,NA,177,1155,66,270,11
"Festuca arundinacea",151.13612,-32.935944,NA,169,856,40,286,10
"Fumaria muralis",151.69403,-32.929134,NA,177,1144,71,265,11
"Euphorbia helioscopia",115.712833,-32.91785,NA,172,885,75,302,8
"Fumaria muralis",115.712833,-32.91785,NA,172,885,75,302,8
"Euphorbia helioscopia",151.25,-32.88,NA,169,860,44,283,11
"Fumaria muralis",26.875,-32.875,NA,180,584,53,294,12.94999981
"Fallopia convolvulus",27.375,-32.875,NA,179,605,66,277,12
"Ficus carica",138.0625,-32.826667,NA,163,511,42,306,21.20000076
"Fumaria muralis",117.174722,-32.821388,NA,160,455,51,311,11
"Fumaria muralis",151.47,-32.82,NA,177,890,54,287,11.10000038
"Fumaria muralis",151.62195,-32.818325,NA,178,1008,62,279,21
"Fallopia convolvulus",-70.58,-32.8,NA,150,312,28,302,29.75
"Fumaria muralis",117.2,-32.8,NA,160,455,51,311,11
"Euphorbia helioscopia",151.3,-32.8,NA,171,800,43,289,11
"Lycium barbarum",151.55,-32.73,NA,179,923,56,287,21
"Lycium barbarum",151.63,-32.71,NA,179,969,60,284,21
"Ficus carica",138.083333,-32.7,NA,155,552,32,301,22.87999916
"Fumaria muralis",151.05,-32.7,NA,171,703,37,297,10.5
"Fumaria muralis",151.5,-32.7,NA,179,923,56,287,21
"Festuca arundinacea",-58.19,-32.69,NA,182,1091,66,321,29
"Fumaria muralis",115.607972,-32.67475,NA,178,867,85,301,8
"Fumaria muralis",118.15,-32.666666,NA,164,345,47,319,10
"Fumaria muralis",151.23257,-32.6289,NA,177,699,43,301,12.80000019
"Fumaria muralis",26.375,-32.625,NA,162,576,32,285,23.84000015
"Fallopia convolvulus",27.125,-32.625,NA,159,828,52,262,26.07999992
"Fumaria muralis",27.875,-32.625,NA,174,734,81,255,20.42000008
"Fumaria muralis",115.6,-32.6,NA,181,853,88,301,8
"Festuca arundinacea",149.58,-32.6,NA,143,775,8,288,11
"Festuca arundinacea",151.2,-32.6,NA,177,699,43,301,12.80000019
"Festuca arundinacea",151.6,-32.6,NA,177,987,56,284,13.93999958
"Lycium barbarum",151.6,-32.6,NA,177,987,56,284,13.93999958
"Euphorbia helioscopia",148.95,-32.55,NA,163,674,20,317,21.55999947
"Ficus carica",137.986111,-32.542222,NA,174,359,49,315,18.92000008
"Ficus carica",150.551,-32.5408,NA,158,729,21,292,10
"Euphorbia helioscopia",149,-32.5,NA,157,708,16,310,11
"Festuca arundinacea",149.6,-32.5,NA,152,717,13,297,11
"Festuca arundinacea",151.2,-32.5,NA,177,726,42,302,20.06999969
"Fumaria muralis",138.03812,-32.47343,NA,159,455,32,309,23
"Fumaria muralis",138.013889,-32.466111,NA,159,455,32,309,23
"Festuca arundinacea",151.09694,-32.457073,NA,176,704,40,305,12.31999969
"Fumaria muralis",117.3525,-32.425,NA,166,388,49,320,11
"Fumaria muralis",150.37358,-32.41053,NA,167,634,26,305,10
"Euphorbia helioscopia",116,-32.4,NA,166,1144,65,305,19.10000038
"Ficus carica",116,-32.4,NA,166,1144,65,305,19.10000038
"Fumaria muralis",117.4,-32.4,NA,169,379,51,325,11
"Ficus carica",116.006388,-32.383055,NA,166,1144,65,305,19.10000038
"Fumaria muralis",150,-32.38,NA,160,639,20,300,10.93999958
"Festuca arundinacea",150.8411,-32.37612,NA,170,668,31,304,11
"Fallopia convolvulus",26.875,-32.375,NA,132,867,18,245,28
"Fallopia convolvulus",27.375,-32.375,NA,152,809,52,249,28
"Lycium barbarum",150.67,-32.37,NA,174,643,33,311,17.10000038
"Euphorbia helioscopia",115.966666,-32.366666,NA,180,950,81,310,8.039999962
"Fumaria muralis",115.914444,-32.340833,NA,183,895,86,309,4.150000095
"Ficus carica",115.908611,-32.337777,NA,183,895,86,309,4.150000095
"Festuca arundinacea",150.8911,-32.328278,NA,173,648,33,308,11.55000019
"Ficus carica",115.6903,-32.3053,NA,185,800,93,302,8
"Ficus carica",115.6902,-32.3052,NA,185,800,93,302,8
"Fumaria muralis",150,-32.3,NA,161,636,21,300,10.02000046
"Lycium barbarum",150.7,-32.3,NA,173,645,32,310,11.69999981
"Euphorbia helioscopia",115.716666,-32.283333,NA,185,800,93,302,8
"Fumaria muralis",148.62,-32.25,NA,171,647,29,322,23
"Euphorbia helioscopia",148.25,-32.23,NA,176,592,35,327,11
"Euphorbia helioscopia",115.6,-32.2,NA,186,741,97,297,8
"Euphorbia helioscopia",115.771388,-32.2,NA,184,826,91,305,8
"Euphorbia helioscopia",115.8,-32.2,NA,184,826,91,305,8
"Ficus carica",116,-32.2,NA,171,1067,71,309,14.18000031
"Fumaria muralis",148.6,-32.2,NA,172,638,29,322,16.04000092
"Festuca arundinacea",-60.54,-32.19,NA,180,991,64,318,39
"Fumaria muralis",150.86581,-32.175545,NA,173,654,33,309,14.30000019
"Ficus carica",116.0167,-32.1667,NA,171,1067,71,309,14.18000031
"Fumaria muralis",116.0667,-32.1667,NA,171,1067,71,309,14.18000031
"Ficus carica",115.866666,-32.166666,NA,184,858,88,308,3.99000001
"Ficus carica",116.0166,-32.1666,NA,174,1005,74,312,12.31000042
"Fumaria muralis",116.0666,-32.1666,NA,174,1005,74,312,12.31000042
"Euphorbia helioscopia",115.670458,-32.159312,NA,185,740,96,297,8
"Fumaria muralis",117.073631,-32.1114,NA,170,420,47,334,11
"Euphorbia helioscopia",148.3,-32.1,NA,176,596,34,327,11
"Fallopia convolvulus",150.22,-32.1,NA,160,665,20,298,28.39999962
"Euphorbia helioscopia",115.823333,-32.093333,NA,185,793,92,304,7.730337143
"Fumaria muralis",116.003055,-32.075,NA,174,960,75,313,12.19999981
"Ficus carica",115.816666,-32.066666,NA,185,782,93,304,7.150000095
"Ficus carica",115.766666,-32.05,NA,185,782,93,304,7.150000095
"Festuca arundinacea",115.922777,-32.042777,NA,184,829,86,314,3
"Fumaria muralis",115.846944,-32.038888,NA,185,815,90,310,4.199999809
"Euphorbia helioscopia",115.746483,-32.035449,NA,187,748,96,302,8
"Fumaria muralis",117.333333,-32.033333,NA,171,380,48,331,11
"Fumaria muralis",115.966666,-32.021666,NA,184,829,86,314,3
"Fumaria muralis",115.8333,-32.0167,NA,185,782,93,304,7.150000095
"Fumaria muralis",115.83,-32.01,NA,185,782,93,304,7.150000095
"Euphorbia helioscopia",115.8,-32,NA,185,782,93,304,7.150000095
"Ficus carica",115.8,-32,NA,185,782,93,304,7.150000095
"Fumaria muralis",115.8,-32,NA,185,782,93,304,7.150000095
"Ficus carica",116,-32,NA,174,960,75,313,12.19999981
"Fumaria muralis",116,-32,NA,174,960,75,313,12.19999981
"Fumaria muralis",117.4,-32,NA,172,365,50,332,14.10000038
"Fallopia convolvulus",150.2,-32,NA,158,701,19,296,56
"Euphorbia helioscopia",115.816388,-31.983333,NA,186,773,94,305,6.78000021
"Fallopia convolvulus",115.9333,-31.9833,NA,184,799,85,315,4.380000114
"Fumaria muralis",148.0167,-31.9833,NA,179,544,37,332,11
"Fallopia convolvulus",115.853333,-31.981388,NA,186,799,91,311,4.5
"Fallopia convolvulus",115.93,-31.98,NA,184,799,85,315,4.380000114
"Fumaria muralis",148.01,-31.98,NA,179,544,37,332,11
"Ficus carica",116.06,-31.976388,NA,176,864,77,316,12.65999985
"Fallopia convolvulus",115.96,-31.95,NA,184,799,85,315,4.380000114
"Fallopia convolvulus",115.9667,-31.95,NA,184,799,85,315,4.380000114
"Fumaria muralis",115.966666,-31.933333,NA,184,799,85,315,4.380000114
"Fumaria muralis",115.878055,-31.9175,NA,186,799,91,311,4.5
"Festuca arundinacea",116.049722,-31.916666,NA,180,784,80,320,25.54000092
"Ficus carica",115.898055,-31.911388,NA,184,796,89,311,6.570000172
"Fumaria muralis",152.48384,-31.903688,NA,180,1253,62,280,17
"Fallopia convolvulus",115.9,-31.9,NA,184,796,89,311,6.570000172
"Euphorbia helioscopia",115.8333,-31.8833,NA,186,767,93,306,6.679999828
"Euphorbia helioscopia",115.83,-31.88,NA,186,767,93,306,6.679999828
"Festuca arundinacea",23.875,-31.875,NA,140,336,-5,291,28
"Fumaria muralis",151.88992,-31.873829,NA,166,1051,39,281,21.04000092
"Ficus carica",116.064722,-31.87,NA,180,784,80,320,25.54000092
"Fumaria muralis",115.75,-31.85,NA,186,767,93,306,6.679999828
"Fumaria muralis",116,-31.85,NA,180,784,80,320,25.54000092
"Euphorbia helioscopia",115.8,-31.8,NA,185,765,91,308,6.090000153
"Ficus carica",115.8,-31.8,NA,185,765,91,308,6.090000153
"Fumaria muralis",115.8,-31.8,NA,185,765,91,308,6.090000153
"Ficus carica",116,-31.8,NA,182,756,80,324,24.85000038
"Festuca arundinacea",116.6,-31.8,NA,171,530,49,336,7.880000114
"Fumaria muralis",116.6,-31.8,NA,171,530,49,336,7.880000114
"Fumaria muralis",117.3,-31.8,NA,173,370,49,333,11
"Ficus carica",115.861388,-31.775,NA,184,777,88,313,4.039999962
"Festuca arundinacea",116.666666,-31.75,NA,171,530,49,336,7.880000114
"Fumaria muralis",116.666666,-31.75,NA,171,530,49,336,7.880000114
"Fumaria muralis",116.65,-31.7333,NA,176,488,53,341,11
"Fumaria muralis",116.65,-31.73,NA,176,488,53,341,11
"Fumaria muralis",117.6,-31.7,NA,175,330,51,335,10
"Fallopia convolvulus",116.665,-31.651666,NA,178,462,56,343,11
"Fumaria muralis",116.665,-31.651666,NA,178,462,56,343,11
"Fumaria muralis",138.463889,-31.649444,NA,172,330,30,332,23
"Ficus carica",116.0325,-31.638333,NA,180,729,76,329,7.880000114
"Euphorbia helioscopia",24.625,-31.625,NA,129,425,-17,279,28
"Ficus carica",115.6,-31.6,NA,186,726,94,304,7
"Fallopia convolvulus",116.6,-31.6,NA,178,462,56,343,11
"Fumaria muralis",116.6,-31.6,NA,178,462,56,343,11
"Fumaria muralis",117.6,-31.6,NA,175,329,51,336,10
"Fumaria muralis",148.82292,-31.573633,NA,171,615,24,323,11
"Ficus carica",115.68,-31.548055,NA,184,737,90,307,7.730000019
"Fumaria muralis",115.676483,-31.544075,NA,184,737,90,307,7.730000019
"Ficus carica",138.6,-31.533333,NA,163,417,20,324,23
"Fumaria muralis",150.664,-31.5128,NA,167,681,22,314,56
"Fumaria muralis",152.88333,-31.466667,NA,179,1535,68,265,11
"Fallopia convolvulus",149.9356,-31.4569,NA,167,660,21,313,56
"Fallopia convolvulus",151.12,-31.45,NA,146,851,8,281,16.63999939
"Lycium barbarum",152.92,-31.45,NA,178,1588,69,263,11
"Fallopia convolvulus",152.82635,-31.445488,NA,179,1462,65,268,11
"Ficus carica",116.083333,-31.433333,NA,178,726,72,327,10.44999981
"Fumaria muralis",150.44557,-31.429153,NA,171,628,25,318,56
"Fallopia convolvulus",150.41522,-31.42629,NA,168,648,23,314,56
"Ficus carica",138.70728,-31.41867,NA,161,415,18,323,23
"Ficus carica",116,-31.4,NA,178,704,71,327,9.199999809
"Fallopia convolvulus",149.9,-31.4,NA,170,652,23,318,19.54999924
"Fumaria muralis",150.7,-31.4,NA,158,741,15,303,11
"Fallopia convolvulus",151.1,-31.4,NA,150,818,11,286,11
"Fumaria muralis",19.125,-31.375,NA,162,302,31,308,32
"Euphorbia helioscopia",25.125,-31.375,NA,142,409,-9,294,24.12000084
"Festuca arundinacea",26.625,-31.375,NA,115,575,-35,264,26.22999954
"Festuca arundinacea",27.875,-31.375,NA,143,691,9,254,16.42000008
"Festuca arundinacea",151.13,-31.35,NA,150,818,11,286,11
"Festuca arundinacea",151.1333,-31.35,NA,150,818,11,286,11
"Ficus carica",115.924444,-31.348055,NA,181,710,76,325,5.159999847
"Fumaria muralis",148.463,-31.3272,NA,180,562,33,332,11
"Euphorbia helioscopia",151.1483,-31.3097,NA,153,793,13,290,11
"Euphorbia helioscopia",149.27,-31.27,NA,159,800,9,314,17.20000076
"Lycium barbarum",151.11,-31.2275,NA,155,772,13,292,11
"Euphorbia helioscopia",151.1,-31.2,NA,155,772,13,292,11
"Fallopia convolvulus",150.93,-31.12,NA,163,701,20,303,11
"Fallopia convolvulus",150.40797,-31.11275,NA,178,637,31,324,48.34999847
"Fallopia convolvulus",150.93,-31.11,NA,163,701,20,303,11
"Fumaria muralis",145.45,-31.1,NA,190,352,47,341,11
"Lycium barbarum",151.1,-31.1,NA,148,781,7,285,11
"Fumaria muralis",150.95,-31.0833,NA,158,716,15,298,6.519999981
"Ficus carica",150.9667,-31.0833,NA,158,716,15,298,6.519999981
"Ficus carica",150.96,-31.08,NA,158,716,15,298,6.519999981
"Fumaria muralis",152.92,-31.02,NA,186,1394,75,275,9.390000343
"Fallopia convolvulus",151.9167,-31.0167,NA,137,987,8,256,23
"Fumaria muralis",145.5,-31,NA,190,356,46,341,11
"Fallopia convolvulus",150.9,-31,NA,166,667,23,307,10.19999981
"Ficus carica",151,-31,NA,158,717,15,297,10.68000031
"Festuca arundinacea",151.9,-31,NA,120,996,-5,239,22.28000069
"Lycium barbarum",152.97,-31,NA,186,1394,75,275,9.390000343
"Festuca arundinacea",151.58,-30.98,NA,123,813,-11,251,11
"Fumaria muralis",150.2169,-30.958963,NA,180,646,32,327,54.65000153
"Festuca arundinacea",150.9167,-30.9333,NA,149,779,7,288,3
"Festuca arundinacea",150.91,-30.93,NA,166,662,21,307,6.519999981
"Fumaria muralis",152.9,-30.9,NA,184,1366,69,279,14.11999989
"Lycium barbarum",153,-30.9,NA,187,1465,81,273,22.7209301
"Festuca arundinacea",27.125,-30.875,NA,140,620,-19,280,27.47999954
"Festuca arundinacea",27.625,-30.875,NA,125,665,-17,257,25.84000015
"Fumaria muralis",30.375,-30.875,NA,194,1137,117,258,21
"Ficus carica",138.97496,-30.82077,NA,175,268,25,334,23
"Fumaria muralis",152.91638,-30.72814,NA,186,1416,67,284,11
"Fumaria muralis",30.375,-30.625,NA,187,1095,101,256,21
"Fallopia convolvulus",150.0458,-30.6198,NA,183,625,32,332,12.56000042
"Fumaria muralis",138.371667,-30.600556,NA,190,181,38,349,23
"Euphorbia helioscopia",151.633,-30.5933,NA,130,806,-3,258,11.11999989
"Festuca arundinacea",151.6,-30.5667,NA,130,800,-2,258,11
"Festuca arundinacea",136.898611,-30.56,NA,199,181,54,357,11
"Festuca arundinacea",151.6,-30.56,NA,130,800,-2,258,11
"Fumaria muralis",150.94104,-30.549564,NA,147,755,1,289,4.119999886
"Euphorbia helioscopia",151.6667,-30.5167,NA,133,792,0,260,11
"Euphorbia helioscopia",151.66,-30.51,NA,130,800,-2,258,11
"Festuca arundinacea",151.6,-30.5,NA,130,800,-2,258,11
"Fumaria muralis",150.7044,-30.4056,NA,157,726,3,304,11
"Fumaria muralis",150.7211,-30.4055,NA,157,726,3,304,11
"Festuca arundinacea",151.6,-30.4,NA,121,840,-6,245,11
"Festuca arundinacea",28.375,-30.375,NA,145,687,9,260,20.25
"Fallopia convolvulus",151.46,-30.32,NA,127,823,-5,256,11
"Fallopia convolvulus",151.67,-30.32,NA,118,866,-5,238,17.95999908
"Fumaria muralis",150.7,-30.3,NA,151,779,-1,297,11
"Festuca arundinacea",152.1,-30.3,NA,122,956,3,235,13.76000023
"Festuca arundinacea",152.6,-30.3,NA,149,1806,31,253,23
"Euphorbia helioscopia",153.13931,-30.267979,NA,187,1735,71,273,24
"Festuca arundinacea",151.6666,-30.2,NA,118,879,-6,239,23
"Festuca arundinacea",151.6667,-30.2,NA,118,876,-4,238,21.55999947
"Fallopia convolvulus",151.7,-30.2,NA,118,876,-4,238,21.55999947
"Fallopia convolvulus",149.87227,-30.16441,NA,184,679,32,334,43.52000046
"Fumaria muralis",149.87227,-30.16441,NA,184,679,32,334,43.52000046
"Fallopia convolvulus",149.85852,-30.162483,NA,184,679,32,334,43.52000046
"Fumaria muralis",149.85852,-30.162483,NA,184,679,32,334,43.52000046
"Fumaria muralis",17.875,-30.125,NA,163,196,47,289,23.04999924
"Fumaria muralis",30.875,-30.125,NA,205,1008,118,274,21
"Euphorbia helioscopia",151.67,-30.12,NA,116,918,-6,235,11.96000004
"Festuca arundinacea",152.2,-30.1,NA,147,1094,19,263,22.90999985
"Galium palustre",151.774,-30.0931,NA,115,940,-5,233,11
"Fallopia convolvulus",151.78223,-30.087975,NA,115,940,-5,233,11
"Galium palustre",151.766667,-30.083333,NA,117,955,-4,235,5
"Fallopia convolvulus",145.92,-30.07,NA,201,375,51,354,55
"Fumaria muralis",150.3,-30.05,NA,169,774,14,320,13.88000011
"Fallopia convolvulus",151.67,-30.02,NA,115,958,-7,235,16.63999939
"Fallopia convolvulus",145.9,-30,NA,202,371,51,354,44.20000076
"Euphorbia helioscopia",151.7,-30,NA,115,958,-7,235,16.63999939
"Euphorbia helioscopia",146.8667,-29.9667,NA,200,440,46,355,55
"Fallopia convolvulus",151.7,-29.9,NA,128,885,-1,252,15.76000023
"Ficus carica",151.12617,-29.879156,NA,147,813,-1,286,11
"Fallopia convolvulus",27.375,-29.875,NA,146,712,-3,274,20
"Fallopia convolvulus",29.125,-29.875,NA,98,833,-26,211,43.91999817
"Fumaria muralis",29.375,-29.875,NA,133,1051,-20,240,27.29999924
"Festuca arundinacea",30.625,-29.875,NA,186,923,76,265,18.38999939
"Fallopia convolvulus",152.82666,-29.809494,NA,188,1243,57,294,11
"Euphorbia helioscopia",151.12,-29.77,NA,154,774,2,294,18.79999924
"Fumaria muralis",151.12,-29.77,NA,154,774,2,294,18.79999924
"Fallopia convolvulus",150.13,-29.75,NA,180,704,24,330,11
"Fallopia convolvulus",151.73,-29.75,NA,131,878,0,256,23.57999992
"Festuca arundinacea",151.73,-29.73,NA,135,881,2,260,20.48999977
"Fallopia convolvulus",151.6,-29.725,NA,135,875,1,261,23.87000084
"Fallopia convolvulus",149.8,-29.72,NA,190,616,36,337,51.5
"Fallopia convolvulus",150.95,-29.72,NA,153,762,0,296,23
"Fallopia convolvulus",151.72,-29.72,NA,135,881,2,260,20.48999977
"Euphorbia helioscopia",151.1,-29.7,NA,157,752,4,297,23
"Fallopia convolvulus",151.7,-29.7,NA,135,881,2,260,20.48999977
"Festuca arundinacea",151.7,-29.7,NA,135,881,2,260,20.48999977
"Festuca arundinacea",151.87,-29.68,NA,134,928,5,255,7.71999979
"Fallopia convolvulus",152.92,-29.67,NA,192,1148,65,292,16.60000038
"Fumaria muralis",24.125,-29.625,NA,179,325,4,332,27.37999916
"Fallopia convolvulus",27.875,-29.625,NA,132,778,-11,256,23
"Fallopia convolvulus",28.375,-29.625,NA,87,747,-43,206,23
"Fallopia convolvulus",28.875,-29.625,NA,109,656,-25,222,23
"Fallopia convolvulus",29.375,-29.625,NA,116,1031,-30,224,13.76000023
"Euphorbia helioscopia",30.125,-29.625,NA,146,921,13,240,22.96999931
"Euphorbia helioscopia",30.375,-29.625,NA,183,888,46,274,20.45000076
"Festuca arundinacea",30.375,-29.625,NA,183,888,46,274,20.45000076
"Fallopia convolvulus",151,-29.6,NA,157,733,3,298,23
"Fallopia convolvulus",151.6,-29.6,NA,139,846,3,267,14.67000008
"Fallopia convolvulus",151.7,-29.6,NA,137,866,3,263,11
"Festuca arundinacea",151.7,-29.6,NA,137,866,3,263,11
"Fallopia convolvulus",152.9,-29.6,NA,192,1110,62,296,18.89999962
"Fallopia convolvulus",150.23416,-29.439718,NA,185,659,27,333,11
"Fallopia convolvulus",27.625,-29.375,NA,153,724,7,278,20
"Fumaria muralis",27.625,-29.375,NA,153,724,7,278,20
"Fallopia convolvulus",28.125,-29.375,NA,113,768,-27,233,23
"Fallopia convolvulus",NA,-29.375,NA,93,690,-36,202,23
"Festuca arundinacea",29.625,-29.375,NA,117,1062,-33,218,12.89999962
"Euphorbia helioscopia",30.125,-29.375,NA,148,859,10,245,21
"Fumaria muralis",30.125,-29.375,NA,148,859,10,245,21
"Festuca arundinacea",151.8,-29.3,NA,141,872,7,263,4.119999886
"Ficus carica",-54.87,-29.18,NA,186,1825,80,304,26
"Fallopia convolvulus",26.125,-29.125,NA,161,535,-3,301,18.87000084
"Fumaria muralis",26.125,-29.125,NA,161,535,-3,301,18.87000084
"Fallopia convolvulus",26.875,-29.125,NA,151,633,-17,290,21
"Fallopia convolvulus",27.125,-29.125,NA,149,653,-15,284,22
"Fallopia convolvulus",28.375,-29.125,NA,76,885,-50,186,23
"Fumaria muralis",29.375,-29.125,NA,107,910,-27,206,18.875
"Fumaria muralis",29.875,-29.125,NA,145,865,0,243,21
"Fumaria muralis",30.625,-29.125,NA,162,884,48,248,20.95999908
"Fumaria muralis",-51.1,-29.1,NA,165,1918,83,261,52
"Fallopia convolvulus",152.0167,-29.05,NA,146,955,16,262,11
"Fallopia convolvulus",27.625,-28.875,NA,148,721,-6,273,18
"Euphorbia helioscopia",152.57,-28.87,NA,188,1042,54,302,11
"Fumaria muralis",151.9192,-28.84732,NA,140,934,12,257,11
"Fumaria muralis",153.4,-28.82,NA,192,1614,80,282,23
"Festuca arundinacea",114.6,-28.8,NA,196,485,90,329,7.131578922
"Euphorbia helioscopia",152.6,-28.8,NA,185,1091,54,297,20.75
"Festuca arundinacea",114.616388,-28.769722,NA,196,485,90,329,7.131578922
"Festuca arundinacea",153.48,-28.72,NA,194,1727,87,281,23
"Fumaria muralis",151.903,-28.6994,NA,152,808,15,273,11
"Fallopia convolvulus",24.875,-28.625,NA,178,443,10,324,21
"Fumaria muralis",151.9489,-28.62081,NA,149,865,15,267,11
"Fumaria muralis",151.9,-28.6,NA,151,814,15,272,11
"Fallopia convolvulus",151.9178,-28.58174,NA,148,880,15,267,11
"Fumaria muralis",151.9178,-28.58174,NA,148,880,15,267,11
"Festuca arundinacea",153,-28.5,NA,188,1294,64,292,23.59000015
"Fumaria muralis",150.5011,-28.49842,NA,193,635,41,333,39.15999985
"Fallopia convolvulus",29.125,-28.375,NA,139,786,-7,250,25
"Fallopia convolvulus",29.375,-28.375,NA,143,829,-3,251,24.25
"Fumaria muralis",152.2941,-28.34,NA,164,905,29,282,15.26000023
"Fumaria muralis",152.2942,-28.34,NA,164,905,29,282,15.26000023
"Fallopia convolvulus",152.2953,-28.33841,NA,164,905,29,282,15.26000023
"Lycium barbarum",152.2953,-28.33841,NA,164,905,29,282,15.26000023
"Fallopia convolvulus",150.77969,-28.25092,NA,190,641,38,328,16.29999924
"Fumaria muralis",153.5,-28.22,NA,198,1694,92,283,23
"Fumaria muralis",151.98779,-28.20036,NA,172,695,28,297,11.89999962
"Fumaria muralis",152.3,-28.2,NA,159,939,27,275,20.57999992
"Festuca arundinacea",29.125,-28.125,NA,134,699,-18,252,25
"Fumaria muralis",153.5,-28.1,NA,198,1602,91,284,23
"Fallopia convolvulus",151.55,-28.08,NA,178,675,32,307,17.47999954
"Fumaria muralis",153.2167,-28.0333,NA,187,1433,73,279,23.55999947
"Euphorbia helioscopia",152.0094,-28.02341,NA,170,733,29,291,48.29999924
"Fallopia convolvulus",151.6,-28,NA,176,692,31,303,23
"Euphorbia helioscopia",151.9167,-27.9333,NA,172,728,30,293,56
"Euphorbia helioscopia",151.91,-27.93,NA,175,729,31,298,56
"Euphorbia helioscopia",152.0844,-27.91508,NA,166,829,31,283,20.31999969
"Fallopia convolvulus",152.7511,-27.91507,NA,191,938,57,301,44.43999863
"Fumaria muralis",153.2511,-27.91507,NA,197,1370,83,288,23
"Fumaria muralis",153.203,-27.9134,NA,190,1296,76,282,22.76000023
"Fallopia convolvulus",24.625,-27.875,NA,187,423,11,334,40.24000168
"Fumaria muralis",152.4178,-27.74841,NA,192,930,51,309,11
"Fallopia convolvulus",151.77609,-27.62341,NA,174,709,34,295,56
"Fallopia convolvulus",151.77,-27.62,NA,174,709,34,295,56
"Fallopia convolvulus",151.9178,-27.58175,NA,171,902,37,287,16
"Lycium barbarum",151.9178,-27.58175,NA,171,902,37,287,16
"Lycium barbarum",152.0844,-27.58174,NA,189,852,45,308,11
"Fallopia convolvulus",153.2511,-27.58173,NA,200,1348,90,286,11
"Fumaria muralis",152.3427,-27.57341,NA,195,851,54,311,55
"Fallopia convolvulus",151.8994,-27.50036,NA,172,806,36,290,37.61999893
"Fallopia convolvulus",151.8,-27.5,NA,176,723,35,297,56
"Fumaria muralis",152.5011,-27.49841,NA,197,891,59,309,23.22999954
"Lycium barbarum",152.5011,-27.49841,NA,197,891,59,309,23.22999954
"Lycium barbarum",153.5011,-27.4984,NA,201,1501,105,275,4
"Lycium barbarum",151.8167,-27.4833,NA,178,725,35,299,53.02999878
"Lycium barbarum",151.81,-27.48,NA,178,725,35,299,53.02999878
"Fallopia convolvulus",151.4178,-27.41508,NA,185,621,37,311,56
"Fumaria muralis",151.7511,-27.41508,NA,179,722,35,300,56
"Fumaria muralis",152.91769,-27.41507,NA,200,1268,81,294,16.39999962
"Lycium barbarum",152.91769,-27.41507,NA,200,1268,81,294,16.39999962
"Lycium barbarum",153.0844,-27.41507,NA,203,1191,89,289,23
"Euphorbia helioscopia",30.125,-27.375,NA,139,798,1,240,25.44000053
"Fumaria muralis",152.8333,-27.3333,NA,185,1285,65,284,11
"Fumaria muralis",152.83,-27.33,NA,185,1285,65,284,11
"Fallopia convolvulus",152.7594,-27.32341,NA,185,1285,65,284,11
"Fallopia convolvulus",151.5,-27.3,NA,183,634,36,308,48.79999924
"Fallopia convolvulus",151.2511,-27.24842,NA,188,641,39,316,55.18999863
"Fallopia convolvulus",152.41769,-27.24841,NA,195,915,57,305,48.41999817
"Fallopia convolvulus",151.5,-27.2,NA,183,628,36,308,35.29999924
"Fallopia convolvulus",152.5844,-26.91507,NA,190,1200,61,294,12.03999996
"Festuca arundinacea",27.625,-26.875,NA,165,654,2,279,28.98999977
"Fumaria muralis",27.875,-26.875,NA,164,658,-1,280,21
"Fallopia convolvulus",29.375,-26.875,NA,152,677,-7,265,54
"Euphorbia helioscopia",32.125,-26.875,NA,219,623,98,317,28.18000031
"Fallopia convolvulus",152.7186,-26.78507,NA,184,1468,61,284,19.44000053
"Fallopia convolvulus",151.14281,-26.77342,NA,189,649,39,317,46.70000076
"Fallopia convolvulus",151.1,-26.7,NA,188,639,37,316,27.54999924
"Fallopia convolvulus",152.7,-26.7,NA,191,1410,65,292,23.12999916
"Fumaria muralis",152.79269,-26.64007,NA,192,1545,69,288,23.87000084
"Fallopia convolvulus",27.125,-26.625,NA,166,625,2,283,21.76000023
"Fallopia convolvulus",27.375,-26.625,NA,166,633,3,282,22
"Fallopia convolvulus",27.625,-26.625,NA,164,663,4,277,47.41999817
"Fallopia convolvulus",27.875,-26.625,NA,165,675,3,278,27.27000046
"Festuca arundinacea",27.875,-26.625,NA,165,675,3,278,27.27000046
"Euphorbia helioscopia",151.91769,-26.58175,NA,184,829,39,303,11
"Fallopia convolvulus",152.91769,-26.58174,NA,202,1741,85,289,7
"Euphorbia helioscopia",151.8261,-26.50675,NA,182,796,37,302,23
"Euphorbia helioscopia",146.50121,-26.49844,NA,199,503,34,341,11
"Fallopia convolvulus",149.0844,-26.41509,NA,195,633,35,334,11
"Fallopia convolvulus",150.0844,-26.41509,NA,194,677,40,327,10
"Fallopia convolvulus",28.375,-26.375,NA,155,693,-1,267,22.44000053
"Fallopia convolvulus",151.91769,-26.24841,NA,188,832,46,305,14.11999989
"Fallopia convolvulus",152.7511,-26.24841,NA,200,1366,81,294,18.95999908
"Fallopia convolvulus",27.875,-26.125,NA,159,753,18,263,23.64999962
"Fumaria muralis",27.875,-26.125,NA,159,753,18,263,23.64999962
"Fallopia convolvulus",28.125,-26.125,NA,164,727,27,265,21.35000038
"Fumaria muralis",28.125,-26.125,NA,164,727,27,265,21.35000038
"Festuca arundinacea",29.125,-26.125,NA,156,690,0,266,18.47999954
"Euphorbia helioscopia",151.91769,-26.08175,NA,194,817,53,309,17.18000031
"Euphorbia helioscopia",-54.12,-25.97,NA,197,1757,73,311,66
"Festuca arundinacea",28.125,-25.875,NA,170,710,23,275,21.61000061
"Euphorbia helioscopia",28.125,-25.625,NA,179,695,15,292,36.11999893
"Fallopia convolvulus",28.125,-25.625,NA,179,695,15,292,36.11999893
"Fumaria muralis",28.125,-25.625,NA,179,695,15,292,36.11999893
"Fumaria muralis",28.625,-25.625,NA,170,691,15,278,24
"Fallopia convolvulus",150.0428,-25.52342,NA,205,681,48,333,44.93000031
"Euphorbia helioscopia",-57.18,-25.42,NA,224,1410,123,325,43.70000076
"Fallopia convolvulus",151.41769,-25.41508,NA,201,826,59,316,11
"Fallopia convolvulus",150.5844,-24.41508,NA,206,698,62,320,29.71999931
"Fallopia convolvulus",148.05009,-24.29235,NA,211,702,56,345,54.08000183
"Fallopia convolvulus",148.0903,-24.16542,NA,208,729,55,340,56
"Fallopia convolvulus",29.875,-23.875,NA,146,1024,28,223,22.26000023
"Fallopia convolvulus",30.125,-23.875,NA,189,1092,59,276,25.75
"Festuca arundinacea",30.125,-23.875,NA,189,1092,59,276,25.75
"Festuca arundinacea",30.375,-23.875,NA,216,662,73,314,28.32999992
"Fumaria muralis",31.125,-23.875,NA,221,539,93,318,8.670000076
"Fallopia convolvulus",133.9667,-23.7833,NA,210,277,36,371,6
"Festuca arundinacea",133.851258,-23.715235,NA,208,288,35,369,6.239999771
"Fallopia convolvulus",148.0094,-22.92344,NA,218,627,71,338,52.84999847
"Fallopia convolvulus",147.6783,-22.67705,NA,218,622,69,339,56
"Euphorbia helioscopia",17.125,-22.625,NA,186,377,34,310,4
"Fallopia convolvulus",29.125,-22.375,NA,216,348,50,331,16.45999908
"Fallopia convolvulus",147.4928,-22.30678,NA,221,602,73,340,56
"Ficus carica",-64.92,-18.53,NA,199,535,87,289,23
"Fallopia convolvulus",146.10941,-17.87346,NA,236,3106,143,307,23
"Fallopia convolvulus",145.5011,-17.49846,NA,199,1816,98,287,23
"Festuca arundinacea",-68.55,-16.25,NA,78,698,-49,173,17.12000084
"Ficus carica",-72.6,-13.13,NA,178,1306,79,278,9.56000042
"Fumaria muralis",33.875,-10.375,NA,171,1313,74,260,25
"Ficus carica",-78.28,-9.48,NA,195,15,132,273,5.599999905
"Ficus carica",-79.02,-8.12,NA,191,3000,139,259,2.155555487
"Festuca arundinacea",-79.3,-4.2,NA,203,807,132,279,13.92000008
"Festuca arundinacea",-79.15,-3.983,NA,145,1080,92,205,17.15999985
"Festuca arundinacea",-79,-3.98,NA,169,1545,112,235,24
"Ficus carica",-79.08,-3.38,NA,119,706,66,177,18.71999931
"Ficus carica",-79.57,-3.23,NA,143,795,89,202,20
"Ficus carica",-78.78,-3.05,NA,138,801,77,204,26.36000061
"Ficus carica",-78.6,-2.61,NA,143,1349,80,212,48.79999924
"Festuca arundinacea",-78.983,-2.466,NA,97,722,44,153,15.19999981
"Festuca arundinacea",-78.766,-2.133,NA,105,653,46,167,8.850000381
"Festuca arundinacea",-78.766,-2.1,NA,105,653,46,167,8.850000381
"Ficus carica",-78.65,-1.67,NA,140,631,69,212,9
"Ficus carica",-78.5,-1.55,NA,106,966,46,173,12
"Ficus carica",-78.12,-1.35,NA,174,2254,114,240,12.72000027
"Festuca arundinacea",-78.58,-0.22,NA,98,1273,38,156,9.449999809
"Festuca arundinacea",-78.5,-0.22,NA,149,1131,70,226,9
"Festuca arundinacea",-78.583,-0.216,NA,98,1273,38,156,9.449999809
NA,NA,NA,NA,NA,NA,NA,NA,NA
NA,NA,NA,NA,NA,NA,NA,NA,NA
